# Blender 4.2.0
# www.blender.org
mtllib Iphone_SE.mtl
o SM_IPSE_02
v -0.588067 1.072704 -0.178940
v 0.588067 1.072704 -0.178940
v -0.434599 1.294267 -0.178940
v -0.484250 1.286400 -0.178940
v -0.525913 1.265162 -0.178940
v -0.558975 1.232084 -0.178940
v -0.580203 1.190402 -0.178940
v -0.588067 1.140728 -0.178940
v 0.588067 1.140728 -0.178940
v 0.580203 1.190402 -0.178940
v 0.558975 1.232084 -0.178940
v 0.525913 1.265162 -0.178940
v 0.484250 1.286400 -0.178940
v 0.434599 1.294267 -0.178940
v 0.589844 -1.050722 -0.178940
v -0.589844 -1.050722 -0.178940
v -0.589844 -1.113322 -0.178940
v -0.581956 -1.163296 -0.178940
v -0.561737 -1.205229 -0.178940
v -0.528751 -1.238507 -0.178940
v -0.488767 -1.259873 -0.178940
v -0.435912 -1.267788 -0.178940
v 0.435912 -1.267788 -0.178940
v 0.488767 -1.259873 -0.178940
v 0.528751 -1.238507 -0.178940
v 0.561737 -1.205229 -0.178940
v 0.581956 -1.163296 -0.178940
v 0.589844 -1.113322 -0.178940
v 0.426797 1.178989 -0.185559
v 0.360807 1.112134 -0.178940
v 0.427216 1.112162 -0.178940
v 0.360001 1.178569 -0.178940
v 0.426378 1.245816 -0.178940
v 0.493593 1.179408 -0.178940
v 0.393762 1.120905 -0.178940
v 0.460558 1.121325 -0.178940
v 0.368741 1.212039 -0.178940
v 0.369160 1.145212 -0.178940
v 0.459832 1.237072 -0.178940
v 0.393036 1.236653 -0.178940
v 0.484853 1.145939 -0.178940
v 0.484434 1.212765 -0.178940
v 0.444490 1.114548 -0.178940
v 0.409914 1.114331 -0.178940
v 0.379862 1.131439 -0.178940
v 0.362386 1.161288 -0.178940
v 0.362169 1.195880 -0.178940
v 0.379269 1.225946 -0.178940
v 0.409104 1.243430 -0.178940
v 0.443680 1.243647 -0.178940
v 0.473732 1.226539 -0.178940
v 0.491208 1.196690 -0.178940
v 0.491425 1.162098 -0.178940
v 0.474325 1.132032 -0.178940
v 0.427216 1.112162 -0.181902
v 0.360001 1.178569 -0.181902
v 0.426378 1.245816 -0.181902
v 0.493593 1.179408 -0.181902
v 0.393762 1.120905 -0.181902
v 0.460558 1.121325 -0.181902
v 0.368741 1.212039 -0.181902
v 0.369160 1.145212 -0.181902
v 0.459832 1.237072 -0.181902
v 0.393036 1.236653 -0.181902
v 0.484853 1.145939 -0.181902
v 0.484434 1.212765 -0.181902
v 0.444490 1.114548 -0.181902
v 0.409914 1.114331 -0.181902
v 0.379862 1.131439 -0.181902
v 0.362386 1.161288 -0.181902
v 0.362169 1.195880 -0.181902
v 0.379269 1.225946 -0.181902
v 0.409104 1.243430 -0.181902
v 0.443680 1.243647 -0.181902
v 0.473732 1.226539 -0.181902
v 0.491208 1.196690 -0.181902
v 0.491425 1.162098 -0.181902
v 0.474325 1.132032 -0.181902
v 0.427034 1.141251 -0.181837
v 0.389077 1.178752 -0.181837
v 0.426560 1.216727 -0.181837
v 0.464517 1.179226 -0.181837
v 0.408142 1.146188 -0.181837
v 0.445862 1.146425 -0.181837
v 0.394012 1.197653 -0.181837
v 0.394249 1.159915 -0.181837
v 0.445452 1.211789 -0.181837
v 0.407732 1.211553 -0.181837
v 0.459582 1.160325 -0.181837
v 0.459346 1.198063 -0.181837
v 0.436788 1.142598 -0.181837
v 0.417263 1.142475 -0.181837
v 0.400292 1.152137 -0.181837
v 0.390423 1.168993 -0.181837
v 0.390301 1.188527 -0.181837
v 0.399957 1.205506 -0.181837
v 0.416806 1.215380 -0.181837
v 0.436331 1.215502 -0.181837
v 0.453302 1.205841 -0.181837
v 0.463171 1.188985 -0.181837
v 0.463293 1.169450 -0.181837
v 0.453637 1.152472 -0.181837
v 0.426993 1.147689 -0.181953
v 0.395512 1.178792 -0.181953
v 0.426601 1.210289 -0.181953
v 0.458083 1.179185 -0.181953
v 0.411324 1.151784 -0.181953
v 0.442610 1.151981 -0.181953
v 0.399605 1.194469 -0.181953
v 0.399801 1.163169 -0.181953
v 0.442270 1.206194 -0.181953
v 0.410984 1.205997 -0.181953
v 0.453989 1.163509 -0.181953
v 0.453793 1.194809 -0.181953
v 0.435084 1.148806 -0.181953
v 0.418889 1.148704 -0.181953
v 0.404814 1.156717 -0.181953
v 0.396628 1.170698 -0.181953
v 0.396527 1.186900 -0.181953
v 0.404536 1.200982 -0.181953
v 0.418510 1.209172 -0.181953
v 0.434705 1.209273 -0.181953
v 0.448780 1.201260 -0.181953
v 0.456966 1.187280 -0.181953
v 0.457067 1.171078 -0.181953
v 0.449058 1.156995 -0.181953
v 0.426955 1.153874 -0.184304
v 0.401694 1.178831 -0.184304
v 0.426639 1.204104 -0.184304
v 0.451900 1.179146 -0.184304
v 0.414382 1.157160 -0.184304
v 0.439485 1.157318 -0.184304
v 0.404979 1.191410 -0.184304
v 0.405136 1.166295 -0.184304
v 0.439212 1.200818 -0.184304
v 0.414109 1.200660 -0.184304
v 0.448615 1.166568 -0.184304
v 0.448458 1.191683 -0.184304
v 0.433446 1.154771 -0.184304
v 0.420452 1.154689 -0.184304
v 0.409158 1.161119 -0.184304
v 0.402590 1.172336 -0.184304
v 0.402509 1.185337 -0.184304
v 0.408935 1.196636 -0.184304
v 0.420148 1.203207 -0.184304
v 0.433142 1.203288 -0.184304
v 0.444436 1.196859 -0.184304
v 0.451004 1.185641 -0.184304
v 0.451085 1.172641 -0.184304
v 0.444659 1.161342 -0.184304
v 0.426916 1.159980 -0.177989
v 0.407797 1.178870 -0.177989
v 0.426678 1.197997 -0.177989
v 0.445797 1.179108 -0.177989
v 0.417401 1.162467 -0.177989
v 0.436400 1.162587 -0.177989
v 0.410283 1.188390 -0.177989
v 0.410403 1.169381 -0.177989
v 0.436194 1.195510 -0.177989
v 0.417194 1.195391 -0.177989
v 0.443311 1.169588 -0.177989
v 0.443192 1.188596 -0.177989
v 0.431830 1.160659 -0.177989
v 0.421995 1.160597 -0.177989
v 0.413447 1.165464 -0.177989
v 0.408476 1.173954 -0.177989
v 0.408414 1.183793 -0.177989
v 0.413278 1.192346 -0.177989
v 0.421764 1.197319 -0.177989
v 0.431599 1.197380 -0.177989
v 0.440147 1.192514 -0.177989
v 0.445118 1.184024 -0.177989
v 0.445180 1.174184 -0.177989
v 0.440316 1.165632 -0.177989
v 0.426885 1.164934 -0.181534
v 0.412748 1.178901 -0.181534
v 0.426709 1.193044 -0.181534
v 0.440846 1.179077 -0.181534
v 0.419849 1.166772 -0.181534
v 0.433898 1.166861 -0.181534
v 0.414586 1.185940 -0.181534
v 0.414675 1.171885 -0.181534
v 0.433745 1.191205 -0.181534
v 0.419696 1.191117 -0.181534
v 0.439008 1.172038 -0.181534
v 0.438920 1.186093 -0.181534
v 0.430518 1.165435 -0.181534
v 0.423246 1.165390 -0.181534
v 0.416925 1.168988 -0.181534
v 0.413250 1.175266 -0.181534
v 0.413204 1.182541 -0.181534
v 0.416801 1.188865 -0.181534
v 0.423076 1.192542 -0.181534
v 0.430348 1.192588 -0.181534
v 0.436669 1.188990 -0.181534
v 0.440344 1.182712 -0.181534
v 0.440390 1.175436 -0.181534
v 0.436793 1.169113 -0.181534
v 0.426847 1.170982 -0.183976
v 0.418794 1.178939 -0.183945
v 0.426747 1.186995 -0.184263
v 0.434800 1.179039 -0.183945
v 0.422839 1.172030 -0.183956
v 0.430842 1.172080 -0.183976
v 0.419841 1.182949 -0.184063
v 0.419892 1.174942 -0.183945
v 0.430755 1.185948 -0.184063
v 0.422752 1.185897 -0.184263
v 0.433753 1.175029 -0.183956
v 0.433702 1.183035 -0.183945
v 0.428917 1.171268 -0.183979
v 0.424774 1.171242 -0.183967
v 0.421174 1.173292 -0.183947
v 0.419080 1.176868 -0.183945
v 0.419054 1.181012 -0.183976
v 0.421103 1.184615 -0.184173
v 0.424677 1.186710 -0.184298
v 0.428820 1.186735 -0.184173
v 0.432420 1.184686 -0.183976
v 0.434514 1.181110 -0.183945
v 0.434540 1.176965 -0.183947
v 0.432491 1.173363 -0.183967
v 0.097507 1.072704 -0.178940
v 0.426279 1.072704 -0.178940
v 0.294208 1.178908 -0.178940
v 0.295976 1.185506 -0.178940
v 0.300804 1.190337 -0.178940
v 0.307399 1.192105 -0.178940
v 0.313995 1.190337 -0.178940
v 0.318823 1.185506 -0.178940
v 0.320590 1.178908 -0.178940
v 0.318823 1.172309 -0.178940
v 0.313995 1.167478 -0.178940
v 0.307399 1.165711 -0.178940
v 0.300804 1.167478 -0.178940
v 0.295976 1.172309 -0.178940
v 0.301062 1.182568 -0.174018
v 0.300081 1.178908 -0.174018
v 0.303740 1.185248 -0.174018
v 0.307399 1.186229 -0.174018
v 0.311058 1.185248 -0.174018
v 0.313737 1.182568 -0.174018
v 0.314717 1.178908 -0.174018
v 0.313737 1.175247 -0.174018
v 0.311058 1.172567 -0.174018
v 0.307399 1.171586 -0.174018
v 0.303740 1.172567 -0.174018
v 0.301062 1.175247 -0.174018
v 0.307399 1.178908 -0.175151
v 0.301829 1.294267 -0.178940
v 0.227427 1.294267 -0.178940
v 0.246492 1.127447 -0.178940
v 0.208434 1.229715 -0.178940
v 0.246492 1.229715 -0.178940
v 0.261116 1.209440 -0.178940
v 0.193810 1.209440 -0.178940
v 0.227463 1.234982 -0.178940
v 0.193810 1.147706 -0.178940
v 0.261116 1.147706 -0.178940
v 0.227463 1.122180 -0.178940
v 0.208434 1.127447 -0.178940
v 0.261837 1.157867 -0.178940
v 0.193089 1.157867 -0.178940
v 0.256732 1.137599 -0.178940
v 0.198195 1.137599 -0.178940
v 0.198195 1.219563 -0.178940
v 0.256732 1.219563 -0.178940
v 0.319709 1.072704 -0.178940
v 0.213139 1.072704 -0.178940
v 0.217198 1.123705 -0.178940
v 0.252656 1.132281 -0.178940
v 0.202270 1.224880 -0.178940
v 0.237728 1.233457 -0.178940
v 0.259488 1.214249 -0.178940
v 0.217198 1.233457 -0.178940
v 0.195438 1.142910 -0.178940
v 0.237728 1.123705 -0.178940
v 0.261747 1.151991 -0.178940
v 0.193179 1.205123 -0.178940
v 0.261747 1.205123 -0.178940
v 0.193179 1.151991 -0.178940
v 0.259488 1.142910 -0.178940
v 0.202270 1.132281 -0.178940
v 0.195438 1.214249 -0.178940
v 0.252656 1.224880 -0.178940
v 0.227463 1.122180 -0.180105
v 0.217198 1.123705 -0.180105
v 0.208434 1.127447 -0.180105
v 0.256732 1.137599 -0.180105
v 0.252656 1.132281 -0.180105
v 0.246492 1.127447 -0.180105
v 0.198195 1.219563 -0.180105
v 0.202270 1.224880 -0.180105
v 0.208434 1.229715 -0.180105
v 0.227463 1.234982 -0.180105
v 0.237728 1.233457 -0.180105
v 0.246492 1.229715 -0.180105
v 0.256732 1.219563 -0.180105
v 0.259488 1.214249 -0.180105
v 0.261116 1.209440 -0.180105
v 0.217198 1.233457 -0.180105
v 0.198195 1.137599 -0.180105
v 0.195438 1.142910 -0.180105
v 0.193810 1.147706 -0.180105
v 0.237728 1.123705 -0.180105
v 0.261837 1.157867 -0.180105
v 0.261747 1.151991 -0.180105
v 0.261116 1.147706 -0.180105
v 0.193179 1.205123 -0.180105
v 0.193810 1.209440 -0.180105
v 0.261747 1.205123 -0.180105
v 0.193089 1.157867 -0.180105
v 0.193179 1.151991 -0.180105
v 0.259488 1.142910 -0.180105
v 0.202270 1.132281 -0.180105
v 0.195438 1.214249 -0.180105
v 0.252656 1.224880 -0.180105
v -0.595457 -1.052852 -0.179381
v 0.595457 -1.052852 -0.179381
v 0.595457 1.081815 -0.179381
v -0.595457 1.081815 -0.179381
v 0.595457 1.081815 -0.145948
v -0.595457 -1.052852 -0.145948
v -0.595457 1.081815 -0.145948
v 0.595457 -1.052852 -0.145948
v -0.100229 -1.161832 -0.005207
v -0.057862 -1.204264 -0.005207
v -0.115704 -1.103901 -0.005207
v -0.100140 -1.045995 -0.005207
v -0.057708 -1.003628 -0.005207
v 0.000223 -0.988153 -0.005207
v 0.058129 -1.003717 -0.005207
v 0.100496 -1.046149 -0.005207
v 0.115971 -1.104080 -0.005207
v 0.100407 -1.161986 -0.005207
v 0.057975 -1.204353 -0.005207
v 0.000044 -1.219828 -0.005207
v -0.078051 -1.149050 -0.005207
v -0.045047 -1.182106 -0.005207
v -0.090106 -1.103921 -0.005207
v -0.077982 -1.058811 -0.005207
v -0.044926 -1.025806 -0.005207
v 0.000203 -1.013751 -0.005207
v 0.045313 -1.025875 -0.005207
v 0.078318 -1.058931 -0.005207
v 0.090373 -1.104060 -0.005207
v 0.078249 -1.149171 -0.005207
v 0.045193 -1.182175 -0.005207
v 0.000064 -1.194231 -0.005207
v -0.100229 -1.161832 0.001023
v -0.057862 -1.204264 0.001023
v -0.115704 -1.103901 0.001023
v -0.100140 -1.045995 0.001023
v -0.057708 -1.003628 0.001023
v 0.000223 -0.988153 0.001023
v 0.058129 -1.003717 0.001023
v 0.100496 -1.046149 0.001023
v 0.115971 -1.104080 0.001023
v 0.100407 -1.161986 0.001023
v 0.057975 -1.204353 0.001023
v 0.000044 -1.219828 0.001023
v -0.078051 -1.149050 0.001023
v -0.045047 -1.182106 0.001023
v -0.090106 -1.103921 0.001023
v -0.077982 -1.058811 0.001023
v -0.044926 -1.025806 0.001023
v 0.000203 -1.013751 0.001023
v 0.045313 -1.025875 0.001023
v 0.078318 -1.058931 0.001023
v 0.090373 -1.104060 0.001023
v 0.078249 -1.149171 0.001023
v 0.045193 -1.182175 0.001023
v 0.000064 -1.194231 0.001023
v -0.081822 -1.185820 -0.005207
v -0.111756 -1.133879 -0.005207
v -0.111710 -1.073930 -0.005207
v -0.081696 -1.022036 -0.005207
v -0.029755 -0.992101 -0.005207
v 0.030194 -0.992147 -0.005207
v 0.082089 -1.022161 -0.005207
v 0.112023 -1.074102 -0.005207
v 0.111977 -1.134051 -0.005207
v 0.081963 -1.185946 -0.005207
v 0.030022 -1.215881 -0.005207
v -0.029927 -1.215834 -0.005207
v -0.063712 -1.167737 -0.005207
v -0.087031 -1.127275 -0.005207
v -0.086995 -1.080573 -0.005207
v -0.063613 -1.040146 -0.005207
v -0.023150 -1.016826 -0.005207
v 0.023551 -1.016862 -0.005207
v 0.063978 -1.040244 -0.005207
v 0.087298 -1.080707 -0.005207
v 0.087262 -1.127409 -0.005207
v 0.063880 -1.167836 -0.005207
v 0.023417 -1.191155 -0.005207
v -0.023285 -1.191119 -0.005207
v -0.081822 -1.185820 0.001023
v -0.111756 -1.133879 0.001023
v -0.111710 -1.073930 0.001023
v -0.081696 -1.022036 0.001023
v -0.029755 -0.992101 0.001023
v 0.030194 -0.992147 0.001023
v 0.082089 -1.022161 0.001023
v 0.112023 -1.074102 0.001023
v 0.111977 -1.134051 0.001023
v 0.081963 -1.185946 0.001023
v 0.030022 -1.215881 0.001023
v -0.029927 -1.215834 0.001023
v -0.063712 -1.167737 0.001023
v -0.087031 -1.127275 0.001023
v -0.086995 -1.080573 0.001023
v -0.063613 -1.040146 0.001023
v -0.023150 -1.016826 0.001023
v 0.023551 -1.016862 0.001023
v 0.063978 -1.040244 0.001023
v 0.087298 -1.080707 0.001023
v 0.087262 -1.127409 0.001023
v 0.063880 -1.167835 0.001023
v 0.023417 -1.191155 0.001023
v -0.023285 -1.191119 0.001023
v 0.435956 1.337751 -0.082013
v 0.433774 1.337751 -0.072833
v 0.428697 1.337751 -0.067537
v 0.210287 1.337751 -0.082013
v 0.212470 1.337751 -0.072833
v 0.217547 1.337751 -0.067537
v 0.435956 1.337751 -0.097368
v 0.433774 1.337751 -0.106549
v 0.428697 1.337751 -0.111845
v 0.210287 1.337751 -0.097368
v 0.212470 1.337751 -0.106549
v 0.217547 1.337751 -0.111845
v 0.421392 1.337751 -0.066052
v 0.431567 1.337751 -0.069838
v 0.435197 1.337751 -0.076566
v 0.224851 1.337751 -0.066052
v 0.214676 1.337751 -0.069838
v 0.211046 1.337751 -0.076566
v 0.421392 1.337751 -0.113329
v 0.431567 1.337751 -0.109543
v 0.435197 1.337751 -0.102815
v 0.436199 1.337751 -0.089691
v 0.224851 1.337751 -0.113329
v 0.214676 1.337751 -0.109543
v 0.211046 1.337751 -0.102815
v 0.210044 1.337751 -0.089691
v 0.428697 1.351622 -0.067537
v 0.428065 1.353070 -0.068886
v 0.433774 1.351622 -0.072833
v 0.432491 1.353070 -0.073533
v 0.434511 1.353070 -0.082136
v 0.435956 1.351622 -0.082013
v 0.218179 1.353070 -0.068886
v 0.217547 1.351622 -0.067537
v 0.213752 1.353070 -0.073533
v 0.212470 1.351622 -0.072833
v 0.211732 1.353070 -0.082136
v 0.210287 1.351622 -0.082013
v 0.428065 1.353070 -0.110496
v 0.428697 1.351622 -0.111845
v 0.432491 1.353070 -0.105848
v 0.433774 1.351622 -0.106549
v 0.434511 1.353070 -0.097245
v 0.435956 1.351622 -0.097368
v 0.217547 1.351622 -0.111845
v 0.218179 1.353070 -0.110496
v 0.212470 1.351622 -0.106549
v 0.213752 1.353070 -0.105848
v 0.211732 1.353070 -0.097245
v 0.210287 1.351622 -0.097368
v 0.421246 1.353070 -0.067500
v 0.421392 1.351622 -0.066052
v 0.430514 1.353070 -0.070849
v 0.431567 1.351622 -0.069838
v 0.433786 1.353070 -0.076929
v 0.435197 1.351622 -0.076566
v 0.224851 1.351622 -0.066052
v 0.224997 1.353070 -0.067500
v 0.214676 1.351622 -0.069838
v 0.215729 1.353070 -0.070849
v 0.211046 1.351622 -0.076566
v 0.212458 1.353070 -0.076929
v 0.421392 1.351622 -0.113329
v 0.421246 1.353070 -0.111881
v 0.431567 1.351622 -0.109543
v 0.430514 1.353070 -0.108532
v 0.435197 1.351622 -0.102815
v 0.433786 1.353070 -0.102453
v 0.434751 1.353070 -0.089691
v 0.436199 1.351622 -0.089691
v 0.224997 1.353070 -0.111881
v 0.224851 1.351622 -0.113329
v 0.215729 1.353070 -0.108532
v 0.214676 1.351622 -0.109543
v 0.212458 1.353070 -0.102452
v 0.211046 1.351622 -0.102815
v 0.210044 1.351622 -0.089691
v 0.211493 1.353070 -0.089691
v -0.626956 0.961992 -0.100506
v -0.626956 0.846189 -0.075247
v -0.626956 0.978047 -0.085754
v -0.626956 0.862096 -0.060873
v -0.626956 0.973764 -0.094959
v -0.626956 0.846189 -0.085770
v -0.626956 0.978047 -0.075263
v -0.626956 0.850366 -0.066335
v -0.626956 0.850366 -0.094974
v -0.626956 0.862096 -0.100509
v -0.626956 0.973764 -0.066349
v -0.626956 0.961992 -0.060876
v -0.626956 0.976810 -0.090678
v -0.626956 0.968324 -0.063042
v -0.626956 0.847375 -0.070465
v -0.626956 0.976810 -0.070485
v -0.626956 0.855776 -0.098338
v -0.626956 0.847375 -0.090697
v -0.626956 0.855776 -0.063034
v -0.626956 0.968324 -0.098330
v -0.626956 0.845857 -0.080481
v -0.626956 0.978398 -0.080481
v -0.626956 0.954932 -0.101371
v -0.626956 0.869152 -0.101372
v -0.626956 0.869152 -0.060010
v -0.626956 0.954932 -0.060011
v -0.640388 0.973764 -0.094959
v -0.641889 0.972717 -0.093843
v -0.641889 0.976559 -0.085519
v -0.640388 0.978047 -0.085754
v -0.640388 0.973764 -0.066349
v -0.641889 0.972732 -0.067477
v -0.641889 0.961654 -0.062346
v -0.640388 0.961992 -0.060876
v -0.640388 0.850366 -0.066335
v -0.641889 0.851405 -0.067458
v -0.641889 0.847678 -0.075477
v -0.640388 0.846189 -0.075247
v -0.640388 0.978047 -0.075263
v -0.641889 0.976560 -0.075503
v -0.640388 0.850366 -0.094974
v -0.641889 0.851420 -0.093863
v -0.641889 0.862434 -0.099039
v -0.640388 0.862096 -0.100509
v -0.640388 0.846189 -0.085770
v -0.641889 0.847678 -0.085545
v -0.640388 0.862096 -0.060873
v -0.641889 0.862433 -0.062343
v -0.640388 0.961992 -0.100506
v -0.641889 0.961653 -0.099036
v -0.641889 0.975424 -0.090038
v -0.640388 0.976810 -0.090678
v -0.641889 0.967684 -0.064409
v -0.640388 0.968324 -0.063042
v -0.641889 0.848761 -0.071109
v -0.640388 0.847375 -0.070465
v -0.641889 0.975430 -0.071141
v -0.640388 0.976810 -0.070485
v -0.641889 0.856424 -0.096975
v -0.640388 0.855776 -0.098338
v -0.641889 0.848767 -0.090070
v -0.640388 0.847375 -0.090697
v -0.641889 0.856417 -0.064401
v -0.640388 0.855776 -0.063034
v -0.641889 0.967677 -0.096966
v -0.640388 0.968324 -0.098330
v -0.641889 0.847360 -0.080481
v -0.640388 0.845857 -0.080481
v -0.641889 0.976894 -0.080481
v -0.640388 0.978398 -0.080481
v -0.640388 0.954932 -0.101371
v -0.641889 0.954840 -0.099871
v -0.640388 0.869152 -0.101372
v -0.641889 0.869243 -0.099871
v -0.640388 0.954932 -0.060011
v -0.641889 0.954840 -0.061511
v -0.641889 0.869243 -0.061510
v -0.640388 0.869152 -0.060010
v -0.632148 0.675693 -0.136707
v -0.632148 0.657700 -0.133128
v -0.632148 0.642447 -0.122936
v -0.632148 0.632255 -0.107683
v -0.632148 0.628676 -0.089691
v -0.632148 0.632255 -0.071698
v -0.632148 0.642447 -0.056445
v -0.632148 0.657700 -0.046253
v -0.632148 0.675693 -0.042674
v -0.632148 0.693685 -0.046253
v -0.632148 0.708938 -0.056445
v -0.632148 0.719130 -0.071698
v -0.632148 0.722709 -0.089691
v -0.632148 0.719130 -0.107683
v -0.632148 0.708938 -0.122936
v -0.632148 0.693685 -0.133128
v -0.641012 0.675693 -0.136707
v -0.641012 0.657700 -0.133128
v -0.641012 0.642447 -0.122936
v -0.641012 0.632255 -0.107683
v -0.641012 0.628676 -0.089691
v -0.641012 0.632255 -0.071698
v -0.641012 0.642447 -0.056445
v -0.641012 0.657700 -0.046253
v -0.641012 0.675693 -0.042674
v -0.641012 0.693685 -0.046253
v -0.641012 0.708938 -0.056445
v -0.641012 0.719130 -0.071698
v -0.641012 0.722709 -0.089691
v -0.641012 0.719130 -0.107683
v -0.641012 0.708938 -0.122936
v -0.641012 0.693685 -0.133128
v -0.641012 0.666521 -0.135801
v -0.632148 0.666521 -0.135801
v -0.641012 0.649573 -0.128781
v -0.632148 0.649573 -0.128781
v -0.641012 0.636602 -0.115810
v -0.632148 0.636602 -0.115810
v -0.641012 0.629582 -0.098863
v -0.632148 0.629582 -0.098863
v -0.641012 0.629582 -0.080519
v -0.632148 0.629582 -0.080519
v -0.641012 0.636602 -0.063571
v -0.632148 0.636602 -0.063571
v -0.641012 0.649573 -0.050600
v -0.632148 0.649573 -0.050600
v -0.641012 0.666521 -0.043580
v -0.632148 0.666521 -0.043580
v -0.641012 0.684865 -0.043580
v -0.632148 0.684865 -0.043580
v -0.641012 0.701812 -0.050600
v -0.632148 0.701812 -0.050600
v -0.641012 0.714783 -0.063571
v -0.632148 0.714783 -0.063571
v -0.641012 0.721803 -0.080519
v -0.632148 0.721803 -0.080519
v -0.641012 0.721803 -0.098863
v -0.632148 0.721803 -0.098863
v -0.641012 0.714783 -0.115810
v -0.632148 0.714783 -0.115810
v -0.641012 0.701812 -0.128781
v -0.632148 0.701812 -0.128781
v -0.641012 0.684865 -0.135801
v -0.632148 0.684865 -0.135801
v -0.632148 0.455718 -0.136707
v -0.632148 0.437726 -0.133128
v -0.632148 0.422472 -0.122936
v -0.632148 0.412280 -0.107683
v -0.632148 0.408701 -0.089691
v -0.632148 0.412280 -0.071698
v -0.632148 0.422472 -0.056445
v -0.632148 0.437726 -0.046253
v -0.632148 0.455718 -0.042674
v -0.632148 0.473711 -0.046253
v -0.632148 0.488964 -0.056445
v -0.632148 0.499156 -0.071698
v -0.632148 0.502735 -0.089691
v -0.632148 0.499156 -0.107683
v -0.632148 0.488964 -0.122936
v -0.632148 0.473711 -0.133128
v -0.641012 0.455718 -0.136707
v -0.641012 0.437726 -0.133128
v -0.641012 0.422472 -0.122936
v -0.641012 0.412280 -0.107683
v -0.641012 0.408701 -0.089691
v -0.641012 0.412280 -0.071698
v -0.641012 0.422472 -0.056445
v -0.641012 0.437726 -0.046253
v -0.641012 0.455718 -0.042674
v -0.641012 0.473711 -0.046253
v -0.641012 0.488964 -0.056445
v -0.641012 0.499156 -0.071698
v -0.641012 0.502735 -0.089691
v -0.641012 0.499156 -0.107683
v -0.641012 0.488964 -0.122936
v -0.641012 0.473711 -0.133128
v -0.641012 0.446546 -0.135801
v -0.632148 0.446546 -0.135801
v -0.641012 0.429599 -0.128781
v -0.632148 0.429599 -0.128781
v -0.641012 0.416628 -0.115810
v -0.632148 0.416628 -0.115810
v -0.641012 0.409608 -0.098863
v -0.632148 0.409608 -0.098863
v -0.641012 0.409608 -0.080519
v -0.632148 0.409608 -0.080519
v -0.641012 0.416628 -0.063571
v -0.632148 0.416628 -0.063571
v -0.641012 0.429599 -0.050600
v -0.632148 0.429599 -0.050600
v -0.641012 0.446546 -0.043580
v -0.632148 0.446546 -0.043580
v -0.641012 0.464890 -0.043580
v -0.632148 0.464890 -0.043580
v -0.641012 0.481838 -0.050600
v -0.632148 0.481838 -0.050600
v -0.641012 0.494809 -0.063571
v -0.632148 0.494809 -0.063571
v -0.641012 0.501828 -0.080519
v -0.632148 0.501828 -0.080519
v -0.641012 0.501829 -0.098863
v -0.632148 0.501829 -0.098863
v -0.641012 0.494809 -0.115810
v -0.632148 0.494809 -0.115810
v -0.641012 0.481838 -0.128781
v -0.632148 0.481838 -0.128781
v -0.641012 0.464890 -0.135801
v -0.632148 0.464890 -0.135801
v 0.103669 0.519980 -0.180821
v 0.025225 0.480981 -0.180821
v 0.000000 0.487069 -0.180821
v 0.000000 0.725277 -0.180821
v 0.138636 0.633921 -0.180821
v 0.077071 0.734893 -0.180821
v 0.135906 0.665144 -0.180821
v 0.101580 0.721350 -0.180821
v 0.123481 0.696815 -0.180821
v 0.024122 0.729246 -0.180821
v 0.121825 0.557272 -0.180821
v 0.134089 0.596491 -0.180821
v 0.080304 0.492719 -0.180821
v 0.045604 0.737342 -0.180821
v 0.060631 0.738861 -0.180821
v 0.061324 0.478663 -0.180821
v 0.045880 0.476046 -0.180821
v -0.103669 0.519980 -0.180821
v -0.025225 0.480981 -0.180821
v -0.018479 0.793674 -0.180821
v -0.077071 0.734893 -0.180821
v -0.002472 0.769098 -0.180821
v -0.100955 0.722030 -0.180821
v -0.124195 0.698319 -0.180821
v -0.024122 0.729246 -0.180821
v -0.120662 0.553766 -0.180821
v 0.001522 0.734254 -0.180821
v -0.080304 0.492719 -0.180821
v -0.045604 0.737342 -0.180821
v -0.060631 0.738861 -0.180821
v -0.061324 0.478663 -0.180821
v -0.045880 0.476046 -0.180821
v -0.092370 0.643363 -0.180821
v -0.110934 0.593151 -0.180821
v -0.093402 0.629689 -0.180821
v -0.101139 0.672211 -0.180821
v -0.096983 0.616014 -0.180821
v -0.068525 0.817743 -0.180821
v -0.068112 0.792654 -0.180821
v -0.029421 0.740647 -0.180821
v -0.053280 0.763171 -0.180821
v -0.042930 0.811168 -0.180821
v 0.002246 0.745864 -0.180821
v -0.060416 0.817311 -0.180821
v -0.070193 0.809631 -0.180821
v -0.009694 0.734176 -0.180821
v -0.118356 0.691912 -0.180821
v -0.118964 0.705194 -0.180821
v -0.018633 0.736007 -0.180821
v -0.041609 0.749950 -0.180821
v -0.065511 0.818325 -0.180821
v -0.008876 0.781809 -0.180821
v -0.070160 0.802739 -0.180821
v 0.000827 0.756585 -0.180821
v -0.062421 0.778523 -0.180821
v -0.030644 0.803779 -0.180821
v 0.002793 0.738360 -0.180821
v -0.069789 0.814700 -0.180821
v -0.002787 0.733321 -0.180821
v -0.052959 0.815299 -0.180821
v -0.125123 0.569531 -0.180821
v -0.122774 0.579368 -0.180821
v -0.124845 0.574664 -0.180821
v -0.095480 0.657787 -0.180821
v -0.034951 0.777277 -0.180821
v 0.057820 0.630469 -0.180821
v 0.103669 0.519980 -0.178260
v 0.025225 0.480981 -0.178260
v 0.000000 0.487069 -0.178260
v 0.000000 0.725277 -0.178260
v 0.138636 0.633921 -0.178260
v 0.077071 0.734893 -0.178260
v 0.135906 0.665144 -0.178260
v 0.101580 0.721350 -0.178260
v 0.123481 0.696815 -0.178260
v 0.024122 0.729246 -0.178260
v 0.121825 0.557272 -0.178260
v 0.134089 0.596491 -0.178260
v 0.080304 0.492719 -0.178260
v 0.045604 0.737342 -0.178260
v 0.060631 0.738861 -0.178260
v 0.061324 0.478663 -0.178260
v 0.045880 0.476046 -0.178260
v -0.103669 0.519980 -0.178260
v -0.025225 0.480981 -0.178260
v -0.018479 0.793674 -0.178260
v -0.077071 0.734893 -0.178260
v -0.002472 0.769098 -0.178260
v -0.100955 0.722030 -0.178260
v -0.124195 0.698319 -0.178260
v -0.024122 0.729246 -0.178260
v -0.120662 0.553766 -0.178260
v 0.001522 0.734254 -0.178260
v -0.080304 0.492719 -0.178260
v -0.045604 0.737342 -0.178260
v -0.060631 0.738861 -0.178260
v -0.061324 0.478663 -0.178260
v -0.045880 0.476046 -0.178260
v -0.092370 0.643363 -0.178260
v -0.110934 0.593151 -0.178260
v -0.093402 0.629689 -0.178260
v -0.101139 0.672211 -0.178260
v -0.096983 0.616014 -0.178260
v -0.068525 0.817743 -0.178260
v -0.068112 0.792654 -0.178260
v -0.029421 0.740647 -0.178260
v -0.053280 0.763171 -0.178260
v -0.042930 0.811168 -0.178260
v 0.002246 0.745864 -0.178260
v -0.060416 0.817311 -0.178260
v -0.070193 0.809631 -0.178260
v -0.009694 0.734176 -0.178260
v -0.118356 0.691912 -0.178260
v -0.118964 0.705194 -0.178260
v -0.018633 0.736007 -0.178260
v -0.041609 0.749950 -0.178260
v -0.065511 0.818325 -0.178260
v -0.008876 0.781809 -0.178260
v -0.070160 0.802739 -0.178260
v 0.000827 0.756585 -0.178260
v -0.062421 0.778523 -0.178260
v -0.030644 0.803779 -0.178260
v 0.002793 0.738360 -0.178260
v -0.069789 0.814700 -0.178260
v -0.002787 0.733321 -0.178260
v -0.052959 0.815299 -0.178260
v -0.125123 0.569531 -0.178260
v -0.122774 0.579368 -0.178260
v -0.124845 0.574664 -0.178260
v -0.095480 0.657787 -0.178260
v -0.086345 -1.311291 -0.122961
v -0.097442 -1.311291 -0.112269
v 0.099936 -1.311291 -0.084280
v 0.066254 -1.311291 -0.128168
v 0.066254 -1.311291 -0.051214
v 0.099936 -1.311291 -0.095101
v 0.094519 -1.311291 -0.067112
v 0.094519 -1.311291 -0.112269
v 0.083422 -1.311291 -0.122961
v -0.097442 -1.311291 -0.067112
v -0.086345 -1.311291 -0.056420
v -0.102859 -1.311291 -0.084280
v -0.102859 -1.311291 -0.095101
v 0.083422 -1.311291 -0.056420
v -0.069178 -1.311291 -0.051559
v -0.069178 -1.311291 -0.127822
v -0.083158 -1.311291 -0.119472
v -0.093838 -1.311291 -0.109901
v 0.096128 -1.311291 -0.084847
v 0.063711 -1.311291 -0.124133
v 0.063711 -1.311291 -0.055249
v 0.096128 -1.311291 -0.094534
v 0.090914 -1.311291 -0.069480
v 0.090914 -1.311291 -0.109901
v 0.080234 -1.311291 -0.119472
v -0.093838 -1.311291 -0.069480
v -0.083158 -1.311291 -0.059909
v -0.099051 -1.311291 -0.084847
v -0.099051 -1.311291 -0.094534
v 0.080234 -1.311291 -0.059909
v -0.066635 -1.311291 -0.055558
v -0.066635 -1.311291 -0.123823
v -0.086345 -1.309450 -0.122961
v -0.097442 -1.309450 -0.112269
v 0.099936 -1.309450 -0.084280
v 0.066254 -1.309450 -0.128168
v 0.066254 -1.309450 -0.051214
v 0.099936 -1.309450 -0.095101
v 0.094519 -1.309450 -0.067112
v 0.094519 -1.309450 -0.112269
v 0.083422 -1.309450 -0.122961
v -0.097442 -1.309450 -0.067112
v -0.086345 -1.309450 -0.056420
v -0.102859 -1.309450 -0.084280
v -0.102859 -1.309450 -0.095101
v 0.083422 -1.309450 -0.056420
v -0.069178 -1.309450 -0.051559
v -0.069178 -1.309450 -0.127822
v -0.083158 -1.312610 -0.119472
v -0.093838 -1.312610 -0.109901
v 0.096128 -1.312610 -0.084847
v 0.063711 -1.312610 -0.124133
v 0.063711 -1.312610 -0.055249
v 0.096128 -1.312610 -0.094534
v 0.090914 -1.312610 -0.069480
v 0.090914 -1.312610 -0.109901
v 0.080234 -1.312610 -0.119472
v -0.093838 -1.312610 -0.069480
v -0.083158 -1.312610 -0.059909
v -0.099051 -1.312610 -0.084847
v -0.099051 -1.312610 -0.094534
v 0.080234 -1.312610 -0.059909
v -0.066635 -1.312610 -0.055558
v -0.066635 -1.312610 -0.123823
v -0.077208 -1.312610 -0.113884
v -0.087110 -1.312610 -0.106109
v 0.089021 -1.312610 -0.085756
v 0.058965 -1.312610 -0.117670
v 0.058965 -1.312610 -0.061712
v 0.089021 -1.312610 -0.093625
v 0.084187 -1.312610 -0.073273
v 0.084187 -1.312610 -0.106109
v 0.074284 -1.312610 -0.113884
v -0.087110 -1.312610 -0.073273
v -0.077208 -1.312610 -0.065498
v -0.091944 -1.312610 -0.085756
v -0.091944 -1.312610 -0.093625
v 0.074284 -1.312610 -0.065498
v -0.061888 -1.312610 -0.061963
v -0.061888 -1.312610 -0.117418
v -0.083158 -1.309563 -0.119472
v -0.093838 -1.309563 -0.109901
v 0.096128 -1.309563 -0.084847
v 0.063711 -1.309563 -0.124133
v 0.063711 -1.309563 -0.055249
v 0.096128 -1.309563 -0.094534
v 0.090914 -1.309563 -0.069480
v 0.090914 -1.309563 -0.109901
v 0.080234 -1.309563 -0.119472
v -0.093838 -1.309563 -0.069480
v -0.083158 -1.309563 -0.059909
v -0.099051 -1.309563 -0.084847
v -0.099051 -1.309563 -0.094534
v 0.080234 -1.309563 -0.059909
v -0.066635 -1.309563 -0.055558
v -0.066635 -1.309563 -0.123823
v -0.083158 -1.311047 -0.119472
v -0.093838 -1.311047 -0.109901
v 0.096128 -1.311047 -0.084847
v 0.063711 -1.311047 -0.124133
v 0.063711 -1.311047 -0.055249
v 0.096128 -1.311047 -0.094534
v 0.090914 -1.311047 -0.069480
v 0.090914 -1.311047 -0.109901
v 0.080234 -1.311047 -0.119472
v -0.093838 -1.311047 -0.069480
v -0.083158 -1.311047 -0.059909
v -0.099051 -1.311047 -0.084847
v -0.099051 -1.311047 -0.094534
v 0.080234 -1.311047 -0.059909
v -0.066635 -1.311047 -0.055558
v -0.066635 -1.311047 -0.123823
v -0.070055 -1.301428 -0.109865
v -0.079023 -1.301428 -0.103381
v 0.080477 -1.301428 -0.086410
v 0.053259 -1.301428 -0.113022
v 0.053259 -1.301428 -0.066359
v 0.080477 -1.301428 -0.092972
v 0.076099 -1.301428 -0.076000
v 0.076099 -1.301428 -0.103381
v 0.067132 -1.301428 -0.109865
v -0.079023 -1.301428 -0.076000
v -0.070055 -1.301428 -0.069516
v -0.083400 -1.301428 -0.086410
v -0.083400 -1.301428 -0.092972
v 0.067132 -1.301428 -0.069516
v -0.056183 -1.301428 -0.066569
v -0.056183 -1.301428 -0.112813
v -0.070055 -1.181485 -0.109865
v -0.079023 -1.181485 -0.103381
v 0.080477 -1.181485 -0.086410
v 0.053259 -1.181485 -0.113022
v 0.053259 -1.181485 -0.066359
v 0.080477 -1.181485 -0.092972
v 0.076099 -1.181485 -0.076000
v 0.076099 -1.181485 -0.103381
v 0.067132 -1.181485 -0.109865
v -0.079023 -1.181485 -0.076000
v -0.070055 -1.181485 -0.069516
v -0.083400 -1.181485 -0.086410
v -0.083400 -1.181485 -0.092972
v 0.067132 -1.181485 -0.069516
v -0.056183 -1.181485 -0.066569
v -0.056183 -1.181485 -0.112813
v -0.001462 -1.311291 -0.049945
v -0.001462 -1.311291 -0.054113
v -0.001462 -1.309450 -0.049945
v -0.001462 -1.309563 -0.054113
v -0.001462 -1.312610 -0.054113
v -0.001462 -1.312610 -0.060789
v -0.001462 -1.311047 -0.054113
v -0.001462 -1.301428 -0.065590
v -0.001462 -1.181485 -0.065590
v -0.001462 -1.312610 -0.125268
v -0.001462 -1.312610 -0.118592
v -0.001462 -1.311047 -0.125268
v -0.001462 -1.301428 -0.113791
v -0.001462 -1.181485 -0.113791
v -0.001462 -1.311291 -0.129436
v -0.001462 -1.311291 -0.125268
v -0.001462 -1.309450 -0.129436
v -0.001462 -1.309563 -0.125268
v 0.464486 -1.312602 -0.089691
v 0.457743 -1.312602 -0.064527
v 0.457743 -1.312602 -0.114854
v 0.363832 -1.312602 -0.089691
v 0.439323 -1.312602 -0.133275
v 0.370575 -1.312602 -0.114854
v 0.414159 -1.312602 -0.140017
v 0.388996 -1.312602 -0.133275
v 0.370575 -1.312602 -0.064527
v 0.414159 -1.312602 -0.039364
v 0.388996 -1.312602 -0.046106
v 0.439323 -1.312602 -0.046106
v 0.459453 -1.312602 -0.089691
v 0.453385 -1.312602 -0.067043
v 0.453385 -1.312602 -0.112338
v 0.368865 -1.312602 -0.089691
v 0.436806 -1.312602 -0.128917
v 0.374933 -1.312602 -0.112338
v 0.414159 -1.312602 -0.134985
v 0.391512 -1.312602 -0.128917
v 0.374933 -1.312602 -0.067043
v 0.414159 -1.312602 -0.044396
v 0.391512 -1.312602 -0.050465
v 0.436806 -1.312602 -0.050465
v 0.464486 -1.305672 -0.089691
v 0.457743 -1.305672 -0.064527
v 0.457743 -1.305672 -0.114854
v 0.363832 -1.305672 -0.089691
v 0.439323 -1.305672 -0.133275
v 0.370575 -1.305672 -0.114854
v 0.414159 -1.305672 -0.140017
v 0.388996 -1.305672 -0.133275
v 0.370575 -1.305672 -0.064527
v 0.414159 -1.305672 -0.039364
v 0.388996 -1.305672 -0.046106
v 0.439323 -1.305672 -0.046106
v 0.455475 -1.313762 -0.089691
v 0.449939 -1.313762 -0.069033
v 0.449939 -1.313762 -0.110348
v 0.372843 -1.313762 -0.089691
v 0.434817 -1.313762 -0.125471
v 0.378379 -1.313762 -0.110348
v 0.414159 -1.313762 -0.131006
v 0.393501 -1.313762 -0.125471
v 0.378379 -1.313762 -0.069033
v 0.414159 -1.313762 -0.048375
v 0.393501 -1.313762 -0.053910
v 0.434817 -1.313762 -0.053910
v 0.453520 -1.313762 -0.112416
v 0.436884 -1.313762 -0.129052
v 0.374798 -1.313762 -0.066965
v 0.391434 -1.313762 -0.050329
v 0.459610 -1.313762 -0.089691
v 0.414159 -1.313762 -0.135141
v 0.453520 -1.313762 -0.066965
v 0.414159 -1.313762 -0.044240
v 0.436884 -1.313762 -0.050329
v 0.368708 -1.313762 -0.089691
v 0.391434 -1.313762 -0.129052
v 0.374798 -1.313762 -0.112416
v 0.453520 -1.310620 -0.112416
v 0.436884 -1.310620 -0.129052
v 0.374798 -1.310620 -0.066965
v 0.391434 -1.310620 -0.050329
v 0.459610 -1.310620 -0.089691
v 0.414159 -1.310620 -0.135141
v 0.453520 -1.310620 -0.066965
v 0.414159 -1.310620 -0.044240
v 0.436884 -1.310620 -0.050329
v 0.368708 -1.310620 -0.089691
v 0.391434 -1.310620 -0.129052
v 0.374798 -1.310620 -0.112416
v 0.453059 -1.308160 -0.089691
v 0.447847 -1.308160 -0.070241
v 0.447847 -1.308160 -0.109141
v 0.375259 -1.308160 -0.089691
v 0.433609 -1.308160 -0.123379
v 0.380471 -1.308160 -0.109141
v 0.414159 -1.308160 -0.128590
v 0.394709 -1.308160 -0.123379
v 0.380471 -1.308160 -0.070241
v 0.414159 -1.308160 -0.050791
v 0.394709 -1.308160 -0.056002
v 0.433609 -1.308160 -0.056002
v 0.374332 -1.313762 -0.079019
v 0.414159 -1.214799 -0.089691
v 0.370346 -1.313762 -0.077951
v 0.370346 -1.310620 -0.077951
v 0.376661 -1.308160 -0.079643
v 0.385004 -1.313762 -0.060535
v 0.382086 -1.313762 -0.057617
v 0.382086 -1.310620 -0.057617
v 0.386709 -1.308160 -0.062240
v 0.403487 -1.313762 -0.049864
v 0.402419 -1.313762 -0.045878
v 0.402419 -1.310620 -0.045878
v 0.404111 -1.308160 -0.052193
v 0.424831 -1.313762 -0.049864
v 0.425899 -1.313762 -0.045878
v 0.425899 -1.310620 -0.045878
v 0.424207 -1.308160 -0.052193
v 0.443314 -1.313762 -0.060535
v 0.446232 -1.313762 -0.057617
v 0.446232 -1.310620 -0.057617
v 0.441609 -1.308160 -0.062240
v 0.453986 -1.313762 -0.079019
v 0.457972 -1.313762 -0.077951
v 0.457972 -1.310620 -0.077951
v 0.451657 -1.308160 -0.079643
v 0.453986 -1.313762 -0.100362
v 0.457972 -1.313762 -0.101430
v 0.457972 -1.310620 -0.101430
v 0.451657 -1.308160 -0.099738
v 0.443314 -1.313762 -0.118846
v 0.446232 -1.313762 -0.121764
v 0.446232 -1.310620 -0.121764
v 0.441609 -1.308160 -0.117141
v 0.424831 -1.313762 -0.129517
v 0.425899 -1.313762 -0.133503
v 0.425899 -1.310620 -0.133503
v 0.424207 -1.308160 -0.127189
v 0.403487 -1.313762 -0.129517
v 0.402419 -1.313762 -0.133503
v 0.402419 -1.310620 -0.133503
v 0.404111 -1.308160 -0.127189
v 0.385004 -1.313762 -0.118846
v 0.382086 -1.313762 -0.121764
v 0.382086 -1.310620 -0.121764
v 0.386709 -1.308160 -0.117141
v 0.374332 -1.313762 -0.100362
v 0.370346 -1.313762 -0.101430
v 0.370346 -1.310620 -0.101430
v 0.376661 -1.308160 -0.099738
v 0.365646 -1.312602 -0.102690
v 0.370497 -1.312602 -0.101390
v 0.365646 -1.305672 -0.102690
v 0.378645 -1.312602 -0.125205
v 0.382196 -1.312602 -0.121653
v 0.378645 -1.305672 -0.125205
v 0.401160 -1.312602 -0.138204
v 0.402460 -1.312602 -0.133352
v 0.401160 -1.305672 -0.138204
v 0.427158 -1.312602 -0.138204
v 0.425858 -1.312602 -0.133352
v 0.427158 -1.305672 -0.138204
v 0.449673 -1.312602 -0.125205
v 0.446122 -1.312602 -0.121653
v 0.449673 -1.305672 -0.125205
v 0.462672 -1.312602 -0.102690
v 0.457821 -1.312602 -0.101390
v 0.462672 -1.305672 -0.102690
v 0.462672 -1.312602 -0.076692
v 0.457821 -1.312602 -0.077991
v 0.462672 -1.305672 -0.076692
v 0.449673 -1.312602 -0.054176
v 0.446122 -1.312602 -0.057728
v 0.449673 -1.305672 -0.054176
v 0.427158 -1.312602 -0.041177
v 0.425858 -1.312602 -0.046029
v 0.427158 -1.305672 -0.041177
v 0.401160 -1.312602 -0.041177
v 0.402460 -1.312602 -0.046029
v 0.401160 -1.305672 -0.041177
v 0.378645 -1.312602 -0.054176
v 0.382196 -1.312602 -0.057728
v 0.378645 -1.305672 -0.054176
v 0.365646 -1.312602 -0.076692
v 0.370497 -1.312602 -0.077991
v 0.365646 -1.305672 -0.076692
v 0.386709 -1.214799 -0.062240
v 0.380471 -1.214799 -0.070241
v 0.424207 -1.214799 -0.052193
v 0.414159 -1.214799 -0.050791
v 0.404111 -1.214799 -0.052193
v 0.394709 -1.214799 -0.056002
v 0.376661 -1.214799 -0.099738
v 0.380471 -1.214799 -0.109141
v 0.424207 -1.214799 -0.127189
v 0.433609 -1.214799 -0.123379
v 0.386709 -1.214799 -0.117141
v 0.394709 -1.214799 -0.123379
v 0.404111 -1.214799 -0.127189
v 0.414159 -1.214799 -0.128590
v 0.451657 -1.214799 -0.099738
v 0.453059 -1.214799 -0.089691
v 0.376661 -1.214799 -0.079643
v 0.375259 -1.214799 -0.089691
v 0.441609 -1.214799 -0.062240
v 0.433609 -1.214799 -0.056002
v 0.441609 -1.214799 -0.117141
v 0.447847 -1.214799 -0.109141
v 0.451657 -1.214799 -0.079643
v 0.447847 -1.214799 -0.070241
vn -0.0000 -0.0000 -1.0000
vn -0.9676 0.2526 -0.0000
vn -1.0000 -0.0063 -0.0000
vn -0.0022 -0.0000 -1.0000
vn 0.0172 0.0001 -0.9999
vn 0.0166 0.0045 -0.9999
vn -0.0021 -0.0006 -1.0000
vn -0.8692 0.4944 -0.0000
vn -0.0022 0.0006 -1.0000
vn 0.0166 -0.0043 -0.9999
vn -0.7117 0.7025 -0.0000
vn -0.0019 -0.0011 -1.0000
vn 0.0148 0.0087 -0.9999
vn 0.0121 0.0122 -0.9999
vn -0.0016 -0.0016 -1.0000
vn -0.5056 0.8628 -0.0000
vn -0.2650 0.9643 -0.0000
vn -0.0011 -0.0019 -1.0000
vn 0.0085 0.0149 -0.9999
vn 0.0043 0.0166 -0.9999
vn -0.0006 -0.0022 -1.0000
vn -0.0063 1.0000 -0.0000
vn 0.2529 0.9675 -0.0000
vn -0.0000 -0.0022 -1.0000
vn -0.0001 0.0172 -0.9999
vn -0.0045 0.0165 -0.9999
vn 0.0006 -0.0021 -1.0000
vn 0.4947 0.8690 -0.0000
vn 0.7028 0.7114 -0.0000
vn 0.0011 -0.0019 -1.0000
vn -0.0087 0.0148 -0.9999
vn -0.0122 0.0121 -0.9999
vn 0.0016 -0.0016 -1.0000
vn 0.8630 0.5053 -0.0000
vn 0.0019 -0.0011 -1.0000
vn -0.0149 0.0085 -0.9999
vn -0.0166 0.0043 -0.9999
vn 0.0022 -0.0006 -1.0000
vn 0.9643 0.2648 -0.0000
vn 0.0022 -0.0000 -1.0000
vn -0.0172 -0.0001 -0.9999
vn -0.0166 -0.0045 -0.9999
vn 0.0021 0.0006 -1.0000
vn -0.0016 0.0016 -1.0000
vn 0.0122 -0.0121 -0.9999
vn 0.0149 -0.0085 -0.9999
vn -0.0019 0.0011 -1.0000
vn 1.0000 0.0063 -0.0000
vn 0.9676 -0.2526 -0.0000
vn 0.8692 -0.4944 -0.0000
vn -0.0011 0.0019 -1.0000
vn 0.0087 -0.0148 -0.9999
vn 0.7117 -0.7025 -0.0000
vn 0.5056 -0.8628 -0.0000
vn -0.0006 0.0021 -1.0000
vn 0.0045 -0.0165 -0.9999
vn 0.2650 -0.9643 -0.0000
vn 0.0063 -1.0000 -0.0000
vn 0.0006 0.0022 -1.0000
vn -0.0043 -0.0166 -0.9999
vn 0.0001 -0.0172 -0.9999
vn -0.0000 0.0022 -1.0000
vn -0.2529 -0.9675 -0.0000
vn -0.4947 -0.8691 -0.0000
vn 0.0016 0.0016 -1.0000
vn -0.0121 -0.0122 -0.9999
vn -0.0085 -0.0149 -0.9999
vn 0.0011 0.0019 -1.0000
vn -0.7028 -0.7114 -0.0000
vn -0.8630 -0.5053 -0.0000
vn -0.0148 -0.0087 -0.9999
vn 0.0019 0.0011 -1.0000
vn -0.9643 -0.2648 -0.0000
vn -0.1519 0.0864 -0.9846
vn -0.1689 0.0441 -0.9846
vn 0.0441 0.1689 -0.9847
vn -0.0011 0.1745 -0.9847
vn 0.0463 -0.1683 -0.9847
vn 0.0883 -0.1506 -0.9846
vn -0.0883 0.1507 -0.9846
vn -0.1242 0.1226 -0.9846
vn 0.1228 0.1242 -0.9846
vn 0.0864 0.1517 -0.9846
vn -0.0441 -0.1689 -0.9847
vn 0.0011 -0.1745 -0.9847
vn -0.0462 0.1682 -0.9847
vn 0.1685 0.0463 -0.9846
vn 0.1507 0.0883 -0.9846
vn -0.1228 -0.1243 -0.9846
vn -0.0863 -0.1517 -0.9847
vn 0.1688 -0.0441 -0.9847
vn 0.1746 0.0011 -0.9846
vn -0.1684 -0.0462 -0.9846
vn -0.1507 -0.0882 -0.9846
vn 0.1243 -0.1227 -0.9846
vn 0.1518 -0.0863 -0.9846
vn -0.1746 -0.0011 -0.9846
vn -0.0022 0.3553 -0.9348
vn -0.0942 0.3426 -0.9348
vn 0.3427 0.0941 -0.9347
vn 0.3067 0.1795 -0.9347
vn -0.2498 -0.2528 -0.9347
vn -0.1758 -0.3088 -0.9347
vn 0.1758 0.3088 -0.9347
vn 0.0898 0.3437 -0.9348
vn 0.3439 -0.0898 -0.9347
vn 0.3554 0.0022 -0.9347
vn 0.0022 -0.3553 -0.9348
vn 0.0942 -0.3426 -0.9348
vn -0.3427 -0.0941 -0.9347
vn -0.3067 -0.1795 -0.9347
vn 0.2498 0.2528 -0.9347
vn 0.2529 -0.2496 -0.9347
vn 0.3089 -0.1757 -0.9347
vn -0.0898 -0.3437 -0.9348
vn -0.3439 0.0898 -0.9347
vn -0.3554 -0.0022 -0.9347
vn -0.2529 0.2496 -0.9347
vn -0.3089 0.1757 -0.9347
vn -0.1797 0.3065 -0.9347
vn 0.1797 -0.3065 -0.9347
vn -0.6250 0.3555 -0.6950
vn -0.6957 0.1816 -0.6950
vn -0.6957 0.1817 -0.6950
vn 0.7190 0.0045 -0.6950
vn 0.6934 0.1904 -0.6950
vn 0.1905 -0.6932 -0.6951
vn 0.3635 -0.6203 -0.6951
vn -0.3635 0.6203 -0.6951
vn -0.5117 0.5051 -0.6950
vn 0.6250 -0.3555 -0.6950
vn 0.6250 -0.3554 -0.6950
vn 0.6957 -0.1817 -0.6950
vn -0.1818 -0.6955 -0.6951
vn 0.0045 -0.7189 -0.6951
vn -0.1905 0.6932 -0.6951
vn 0.5117 -0.5051 -0.6950
vn -0.5053 -0.5115 -0.6951
vn -0.5053 -0.5114 -0.6951
vn -0.3557 -0.6248 -0.6951
vn -0.3556 -0.6248 -0.6951
vn 0.1818 0.6955 -0.6951
vn -0.0045 0.7189 -0.6951
vn -0.6934 -0.1904 -0.6950
vn -0.6205 -0.3633 -0.6950
vn 0.5053 0.5115 -0.6951
vn 0.5053 0.5114 -0.6951
vn 0.3557 0.6248 -0.6951
vn -0.7190 -0.0045 -0.6950
vn 0.6205 0.3633 -0.6950
vn 0.5613 0.1541 -0.8131
vn 0.4797 0.1317 -0.8675
vn 0.4303 0.2506 -0.8672
vn 0.5023 0.2941 -0.8131
vn -0.4091 -0.4141 -0.8132
vn -0.3500 -0.3538 -0.8674
vn -0.2470 -0.4324 -0.8672
vn -0.2879 -0.5058 -0.8132
vn 0.2879 0.5058 -0.8132
vn 0.2544 0.4344 -0.8640
vn 0.1345 0.4899 -0.8614
vn 0.1472 0.5630 -0.8132
vn 0.5632 -0.1471 -0.8131
vn 0.4816 -0.1254 -0.8673
vn 0.4975 0.0032 -0.8674
vn 0.5821 0.0037 -0.8131
vn 0.0036 -0.5819 -0.8132
vn 0.0027 -0.4987 -0.8668
vn 0.1322 -0.4811 -0.8666
vn 0.1542 -0.5612 -0.8132
vn -0.5613 -0.1541 -0.8131
vn -0.4797 -0.1317 -0.8675
vn -0.4294 -0.2513 -0.8675
vn -0.5023 -0.2941 -0.8131
vn 0.3539 0.3529 -0.8661
vn 0.4091 0.4141 -0.8132
vn 0.4142 -0.4089 -0.8132
vn 0.3552 -0.3497 -0.8669
vn 0.4333 -0.2456 -0.8671
vn 0.5060 -0.2878 -0.8131
vn -0.1267 -0.4820 -0.8669
vn -0.1472 -0.5631 -0.8132
vn -0.5632 0.1471 -0.8131
vn -0.4846 0.1227 -0.8661
vn -0.4980 -0.0042 -0.8672
vn -0.5821 -0.0037 -0.8131
vn -0.4142 0.4089 -0.8132
vn -0.3659 0.3524 -0.8613
vn -0.4407 0.2436 -0.8640
vn -0.5060 0.2878 -0.8131
vn -0.1542 0.5612 -0.8132
vn -0.1360 0.4948 -0.8583
vn -0.2621 0.4395 -0.8591
vn -0.2942 0.5021 -0.8132
vn 0.2942 -0.5021 -0.8132
vn 0.2525 -0.4301 -0.8667
vn 0.0007 0.5117 -0.8592
vn -0.0036 0.5819 -0.8132
vn 0.2778 -0.1552 -0.9480
vn 0.3080 -0.0787 -0.9481
vn -0.3184 -0.0059 -0.9479
vn -0.3062 -0.0841 -0.9483
vn -0.0892 0.3245 -0.9417
vn -0.1828 0.2810 -0.9421
vn 0.1627 -0.2746 -0.9477
vn 0.2286 -0.2221 -0.9478
vn -0.2949 0.1393 -0.9453
vn -0.3144 0.0667 -0.9469
vn 0.1078 0.3134 -0.9435
vn 0.0135 0.3349 -0.9422
vn 0.0846 -0.3078 -0.9477
vn -0.2528 0.2143 -0.9435
vn 0.2362 0.2179 -0.9470
vn 0.1824 0.2703 -0.9453
vn -0.0830 -0.3077 -0.9479
vn 0.0002 -0.3191 -0.9477
vn 0.3062 0.0841 -0.9483
vn 0.2767 0.1575 -0.9479
vn -0.2244 -0.2251 -0.9482
vn -0.1595 -0.2753 -0.9480
vn 0.3176 0.0024 -0.9482
vn -0.2742 -0.1601 -0.9482
vn 0.0038 -0.0137 -0.9999
vn 0.0765 0.1324 -0.9882
vn 0.1324 0.0764 -0.9882
vn 0.5563 -0.3210 -0.7665
vn 0.6423 -0.0000 -0.7664
vn 0.5563 -0.3211 -0.7665
vn 0.3212 -0.5561 -0.7666
vn -0.0000 -0.6421 -0.7666
vn -0.3212 -0.5561 -0.7666
vn -0.5563 -0.3210 -0.7665
vn -0.5563 -0.3211 -0.7665
vn -0.6423 -0.0000 -0.7664
vn -0.5563 0.3210 -0.7665
vn -0.5563 0.3211 -0.7665
vn -0.3212 0.5561 -0.7666
vn -0.3211 0.5561 -0.7666
vn -0.0000 0.6421 -0.7666
vn 0.3212 0.5561 -0.7666
vn 0.3211 0.5561 -0.7666
vn 0.5563 0.3210 -0.7665
vn 0.5563 0.3211 -0.7665
vn -0.1324 -0.0764 -0.9882
vn -0.1529 -0.0000 -0.9882
vn -0.1324 0.0764 -0.9882
vn -0.0765 0.1324 -0.9882
vn 0.0764 -0.1324 -0.9882
vn -0.0000 -0.1529 -0.9882
vn 0.1529 -0.0000 -0.9882
vn -0.0000 0.1529 -0.9882
vn -0.0764 -0.1324 -0.9882
vn 0.1324 -0.0764 -0.9882
vn 0.2667 -0.9638 -0.0000
vn -0.0000 -1.0000 -0.0000
vn 0.8412 -0.5407 -0.0000
vn 0.7041 -0.7101 -0.0000
vn 1.0000 -0.0000 -0.0000
vn 0.9975 -0.0707 -0.0000
vn 0.4981 -0.8671 -0.0000
vn 0.9704 -0.2414 -0.0000
vn -0.8413 0.5406 -0.0000
vn -0.7041 0.7101 -0.0000
vn -0.4981 0.8671 -0.0000
vn -0.9704 -0.2414 -0.0000
vn -0.9975 -0.0707 -0.0000
vn -0.0000 1.0000 -0.0000
vn 0.2667 0.9638 -0.0000
vn -1.0000 -0.0000 -0.0000
vn 0.4982 0.8671 -0.0000
vn 0.9174 -0.3980 -0.0000
vn 0.8413 0.5406 -0.0000
vn 0.9176 0.3974 -0.0000
vn 0.8412 0.5407 -0.0000
vn -0.9999 0.0140 -0.0000
vn -0.9707 0.2402 -0.0000
vn 0.9707 0.2402 -0.0000
vn -0.4981 -0.8671 -0.0000
vn -0.7041 -0.7101 -0.0000
vn -0.2668 0.9638 -0.0000
vn -0.8412 -0.5407 -0.0000
vn -0.9176 0.3974 -0.0000
vn 0.9999 0.0140 -0.0000
vn -0.9174 -0.3980 -0.0000
vn 0.7041 0.7101 -0.0000
vn -0.2668 -0.9638 -0.0000
vn -0.8664 -0.4993 -0.0000
vn -0.7077 -0.7066 -0.0000
vn -0.7076 -0.7066 -0.0000
vn -0.2596 -0.9657 -0.0000
vn -0.0008 -1.0000 -0.0000
vn 0.4993 -0.8664 -0.0000
vn 0.2581 -0.9661 -0.0000
vn -0.9657 0.2596 -0.0000
vn -0.8656 0.5007 -0.0000
vn -0.0000 -0.0000 1.0000
vn -0.7066 0.7077 -0.0000
vn -1.0000 0.0008 -0.0000
vn -0.9661 -0.2581 -0.0000
vn -0.5007 -0.8656 -0.0000
vn -0.4993 0.8664 -0.0000
vn -0.2581 0.9661 -0.0000
vn 0.8664 0.4993 -0.0000
vn 0.7077 0.7066 -0.0000
vn 0.5007 0.8656 -0.0000
vn 0.0008 1.0000 -0.0000
vn 0.2596 0.9657 -0.0000
vn 1.0000 -0.0008 -0.0000
vn 0.9661 0.2581 -0.0000
vn -0.7066 0.7076 -0.0000
vn 0.8656 -0.5007 -0.0000
vn 0.9657 -0.2596 -0.0000
vn 0.7066 -0.7077 -0.0000
vn 0.7066 -0.7076 -0.0000
vn 0.7185 0.0895 0.6898
vn 0.7217 -0.0000 0.6922
vn 0.8801 -0.0000 0.4748
vn 0.8765 0.0908 0.4728
vn 0.3487 -0.0000 -0.9372
vn 0.0073 -0.0000 -1.0000
vn 0.0072 0.0940 -0.9955
vn 0.3469 0.0924 -0.9334
vn -0.3487 -0.0000 -0.9372
vn -0.7219 -0.0000 -0.6920
vn -0.7191 0.0895 -0.6891
vn -0.3468 0.0924 -0.9334
vn 0.0072 0.0940 0.9955
vn 0.0073 -0.0000 1.0000
vn 0.3487 -0.0000 0.9372
vn 0.3469 0.0924 0.9334
vn 0.9729 -0.0000 0.2313
vn 0.9688 0.0919 0.2302
vn -0.9956 0.0934 -0.0000
vn -0.9971 -0.0000 0.0761
vn -0.9928 0.0930 0.0758
vn -0.7185 0.0895 0.6897
vn -0.7219 -0.0000 0.6920
vn -0.3487 -0.0000 0.9372
vn -0.3469 0.0924 0.9333
vn -0.9729 -0.0000 0.2313
vn -0.9688 0.0920 0.2302
vn -0.8801 -0.0000 0.4748
vn -0.8765 0.0908 0.4728
vn -0.0072 0.0940 0.9955
vn -0.0073 -0.0000 1.0000
vn -0.0073 -0.0000 -1.0000
vn -0.0072 0.0940 -0.9955
vn 0.9971 -0.0000 -0.0761
vn 0.9928 0.0930 -0.0758
vn 0.9956 0.0934 -0.0000
vn 0.7185 0.0895 -0.6897
vn 0.7217 -0.0000 -0.6922
vn 0.9729 -0.0000 -0.2313
vn 0.9688 0.0920 -0.2302
vn 0.8801 -0.0000 -0.4748
vn 0.8765 0.0908 -0.4728
vn -0.9688 0.0919 -0.2302
vn -0.9729 -0.0000 -0.2313
vn -0.9971 -0.0000 -0.0762
vn -0.9928 0.0930 -0.0758
vn -0.8801 -0.0000 -0.4748
vn -0.8765 0.0908 -0.4728
vn 0.9971 -0.0000 0.0762
vn 0.9928 0.0930 0.0758
vn 0.2043 0.8053 0.5565
vn 0.0002 0.9995 0.0313
vn 0.2541 0.9574 0.1369
vn 0.2754 0.9246 0.2633
vn 0.1908 0.9815 0.0145
vn 0.2174 0.9747 0.0514
vn -0.0002 0.9995 0.0313
vn -0.2043 0.8053 0.5565
vn -0.2755 0.9246 0.2633
vn -0.2541 0.9574 0.1369
vn -0.2174 0.9747 0.0514
vn -0.1908 0.9815 0.0145
vn 0.0002 0.9995 -0.0313
vn 0.2043 0.8053 -0.5565
vn 0.2754 0.9246 -0.2633
vn 0.2541 0.9574 -0.1369
vn 0.2174 0.9747 -0.0514
vn 0.1908 0.9815 -0.0145
vn 0.0526 0.9986 0.0002
vn -0.2043 0.8053 -0.5565
vn -0.0002 0.9995 -0.0313
vn -0.2541 0.9574 -0.1369
vn -0.2754 0.9246 -0.2633
vn -0.1908 0.9815 -0.0145
vn -0.2174 0.9747 -0.0514
vn -0.0526 0.9986 -0.0000
vn -0.0896 0.8978 0.4313
vn -0.0899 0.6566 0.7489
vn -0.0000 0.6593 0.7518
vn -0.0000 0.9013 0.4331
vn -0.0940 0.9837 -0.1531
vn -0.0955 0.9954 0.0003
vn -0.0000 1.0000 0.0003
vn -0.0000 0.9881 -0.1538
vn -0.0935 -0.4202 0.9026
vn -0.0898 -0.6597 0.7461
vn -0.0000 -0.6625 0.7490
vn -0.0000 -0.4222 0.9065
vn -0.0000 0.2208 0.9753
vn -0.0945 0.2198 0.9710
vn -0.0974 0.0093 0.9952
vn -0.0000 0.0093 1.0000
vn -0.0937 0.9828 0.1588
vn -0.0000 0.9876 0.1569
vn -0.0939 -0.9844 0.1491
vn -0.0957 -0.9954 0.0003
vn -0.0000 -0.9887 0.1498
vn -0.0898 -0.9070 -0.4114
vn -0.0897 -0.6700 -0.7369
vn -0.0000 -0.6729 -0.7398
vn -0.0000 -0.9106 -0.4132
vn -0.0936 0.4197 0.9028
vn -0.0000 0.4216 0.9068
vn -0.0941 -0.9845 -0.1482
vn -0.0000 -0.9892 -0.1469
vn -0.0000 -0.2212 -0.9752
vn -0.0945 -0.2201 -0.9709
vn -0.0974 -0.0092 -0.9952
vn -0.0000 -0.0093 -1.0000
vn -0.0974 -0.0093 0.9952
vn -0.0945 -0.2227 0.9703
vn -0.0000 -0.2206 0.9754
vn -0.0000 -0.0093 1.0000
vn -0.0933 -0.4248 -0.9004
vn -0.0000 -0.4267 -0.9044
vn -0.0974 0.0093 -0.9952
vn -0.0945 0.2235 -0.9701
vn -0.0000 0.2214 -0.9752
vn -0.0000 0.0093 -1.0000
vn -0.0896 -0.9019 0.4226
vn -0.0000 -0.9055 0.4244
vn -0.0000 0.6697 -0.7426
vn -0.0898 0.6669 -0.7397
vn -0.0899 0.9044 -0.4172
vn -0.0000 0.9067 -0.4218
vn -0.0934 0.4266 -0.8996
vn -0.0000 0.4262 -0.9046
vn -0.9990 0.0101 0.0446
vn -0.9990 0.0101 -0.0446
vn -0.9992 0.0004 -0.0389
vn -0.9992 0.0004 0.0389
vn -0.9973 0.0488 -0.0544
vn -0.9909 0.1222 -0.0567
vn -0.8843 0.4614 -0.0714
vn -0.9974 0.0475 0.0544
vn -0.9986 0.0227 0.0485
vn -0.9974 -0.0478 0.0543
vn -0.9910 -0.1212 0.0565
vn -0.8822 -0.4657 0.0701
vn -0.9169 0.3941 0.0622
vn -0.9913 0.1191 0.0570
vn -0.9973 -0.0492 -0.0543
vn -0.9985 -0.0228 -0.0488
vn -0.9990 -0.0102 -0.0446
vn -0.9127 -0.4042 -0.0597
vn -0.9908 -0.1236 -0.0559
vn -0.9990 -0.0100 0.0446
vn -0.9986 -0.0226 0.0486
vn -0.9985 0.0229 -0.0488
vn -0.8802 -0.4746 0.0002
vn -0.8841 0.4673 0.0002
vn -0.9992 -0.0004 -0.0389
vn -0.9992 -0.0003 0.0389
vn -0.6858 -0.1420 -0.7138
vn -0.0000 -0.1951 -0.9808
vn -0.0000 -0.3827 -0.9239
vn -0.6856 -0.2786 -0.6725
vn -0.0000 -0.5556 -0.8315
vn -0.6858 -0.4044 -0.6052
vn -0.0000 -0.7071 -0.7071
vn -0.6856 -0.5147 -0.5147
vn -0.0000 -0.8315 -0.5556
vn -0.6858 -0.6052 -0.4044
vn -0.0000 -0.9239 -0.3827
vn -0.6856 -0.6725 -0.2786
vn -0.0000 -0.9808 -0.1951
vn -0.6858 -0.7138 -0.1420
vn -0.6856 -0.7279 -0.0000
vn -0.0000 -0.9808 0.1951
vn -0.6858 -0.7138 0.1420
vn -0.0000 -0.9239 0.3827
vn -0.6856 -0.6725 0.2786
vn -0.0000 -0.8315 0.5556
vn -0.6858 -0.6052 0.4044
vn -0.0000 -0.7071 0.7071
vn -0.6856 -0.5147 0.5147
vn -0.0000 -0.5556 0.8315
vn -0.6858 -0.4044 0.6052
vn -0.0000 -0.3827 0.9239
vn -0.6856 -0.2786 0.6725
vn -0.0000 -0.1951 0.9808
vn -0.6858 -0.1420 0.7138
vn -0.6856 -0.0000 0.7280
vn -0.0000 0.1951 0.9808
vn -0.6858 0.1420 0.7138
vn -0.0000 0.3827 0.9239
vn -0.6856 0.2786 0.6725
vn -0.0000 0.5556 0.8315
vn -0.6858 0.4044 0.6052
vn -0.0000 0.7071 0.7071
vn -0.6856 0.5147 0.5147
vn -0.0000 0.8315 0.5556
vn -0.6858 0.6052 0.4044
vn -0.0000 0.9239 0.3827
vn -0.6856 0.6725 0.2786
vn -0.0000 0.9808 0.1951
vn -0.6858 0.7138 0.1420
vn -0.6856 0.7279 -0.0000
vn -0.0000 0.9808 -0.1951
vn -0.6858 0.7138 -0.1420
vn -0.0000 0.9239 -0.3827
vn -0.6856 0.6725 -0.2786
vn -0.0000 0.7071 -0.7071
vn -0.0000 0.5556 -0.8315
vn -0.6858 0.4044 -0.6052
vn -0.6856 0.5147 -0.5147
vn -0.0000 0.3827 -0.9239
vn -0.6856 0.2786 -0.6725
vn -0.0000 0.8315 -0.5556
vn -0.6858 0.6052 -0.4044
vn -0.0000 0.1951 -0.9808
vn -0.6858 0.1420 -0.7138
vn -0.6856 -0.0000 -0.7280
vn -0.6829 0.7305 -0.0000
vn 0.5154 0.8569 -0.0000
vn -0.4742 0.8804 -0.0000
vn 0.9553 -0.2956 -0.0000
vn -0.8934 -0.4493 -0.0000
vn 0.9973 0.0728 -0.0000
vn 0.1005 0.9949 -0.0000
vn -0.9235 0.3836 -0.0000
vn -0.1671 -0.9859 -0.0000
vn -0.9968 0.0795 -0.0000
vn -0.2346 0.9721 -0.0000
vn 0.2116 -0.9774 -0.0000
vn 0.3527 0.9357 -0.0000
vn -0.1230 -0.9924 -0.0000
vn 0.2324 -0.9726 -0.0000
vn 0.7593 -0.6508 -0.0000
vn 0.3808 0.9246 -0.0000
vn -0.5952 -0.8036 -0.0000
vn -0.2346 -0.9721 -0.0000
vn 0.2605 0.9655 -0.0000
vn -0.9309 -0.3653 -0.0000
vn -0.1623 0.9867 -0.0000
vn -0.7530 -0.6580 -0.0000
vn 0.9927 -0.1206 -0.0000
vn -0.9775 -0.2108 -0.0000
vn 0.9962 0.0871 -0.0000
vn -0.2007 -0.9797 -0.0000
vn -0.9674 0.2534 -0.0000
vn 0.9309 0.3652 -0.0000
vn -0.3951 -0.9186 -0.0000
vn -0.8536 0.5209 -0.0000
vn 0.7460 0.6659 -0.0000
vn -0.7497 -0.6618 -0.0000
vn -0.9972 0.0752 -0.0000
vn 0.4837 0.8753 -0.0000
vn -0.6067 -0.7949 -0.0000
vn -0.7391 -0.6735 -0.0000
vn 0.8991 -0.4377 -0.0000
vn 0.1952 0.9808 -0.0000
vn -0.7958 0.6055 -0.0000
vn 0.9544 -0.2985 -0.0000
vn -0.1895 0.9819 -0.0000
vn -0.9985 0.0541 -0.0000
vn -0.1005 0.9949 -0.0000
vn 0.8931 0.4499 -0.0000
vn -0.9152 0.4030 -0.0000
vn 0.1671 -0.9859 -0.0000
vn 0.7773 0.6291 -0.0000
vn -0.9622 -0.2723 -0.0000
vn 0.2346 0.9721 -0.0000
vn -1.0000 -0.0048 -0.0000
vn -0.7586 0.6516 -0.0000
vn -0.3527 0.9357 -0.0000
vn -0.9800 -0.1990 -0.0000
vn -0.2324 -0.9726 -0.0000
vn 0.9914 0.1312 -0.0000
vn 0.5952 -0.8036 -0.0000
vn 0.9670 0.2549 -0.0000
vn -0.7593 -0.6508 -0.0000
vn -0.9276 -0.3736 -0.0000
vn 0.2346 -0.9721 -0.0000
vn -0.8592 -0.5116 -0.0000
vn 0.1623 0.9867 -0.0000
vn 0.6389 0.7693 -0.0000
vn -0.9818 -0.0000 0.1900
vn -0.9818 -0.0000 -0.1900
vn -0.8602 -0.0000 -0.5099
vn -0.4821 -0.0000 -0.8761
vn 0.8602 -0.0000 -0.5099
vn 0.9818 -0.0000 -0.1900
vn 0.4903 -0.0000 0.8716
vn 0.0760 -0.0000 0.9971
vn 0.0760 0.0001 0.9971
vn 0.9818 -0.0000 0.1900
vn -0.0025 -0.0000 1.0000
vn -0.0761 -0.0000 0.9971
vn -0.0761 -0.0000 -0.9971
vn 0.8602 -0.0000 0.5099
vn 0.0760 -0.0000 -0.9971
vn 0.4903 -0.0000 -0.8716
vn -0.4821 -0.0000 0.8761
vn -0.8602 -0.0000 0.5099
vn -0.9790 -0.0000 0.2037
vn -0.9790 -0.0000 -0.2037
vn -0.0025 -0.0000 -1.0000
vn 0.9790 -0.0000 -0.2037
vn 0.9790 -0.0000 0.2037
vn 0.4556 -0.0000 -0.8902
vn 0.8433 -0.0000 -0.5374
vn -0.4636 -0.0000 0.8861
vn -0.8433 -0.0000 0.5374
vn 0.0708 -0.0000 -0.9975
vn -0.8433 -0.0000 -0.5374
vn -0.4636 -0.0000 -0.8861
vn 0.0024 -0.0000 1.0000
vn -0.0708 -0.0000 0.9975
vn 0.8433 -0.0000 0.5374
vn 0.4556 -0.0000 0.8902
vn -0.0708 -0.0000 -0.9975
vn 0.0024 -0.0000 -1.0000
vn 0.0708 -0.0000 0.9975
vn -0.4556 -0.0000 0.8902
vn 0.4635 -0.0000 0.8861
vn -0.7708 -0.6081 0.1902
vn -0.7708 -0.6081 -0.1902
vn -0.9661 -0.0708 -0.2482
vn -0.9661 -0.0708 0.2482
vn -0.0024 -0.0000 -1.0000
vn -0.4556 -0.0000 -0.8902
vn 0.0708 -0.0001 0.9975
vn -0.0024 -0.0000 1.0000
vn 0.4635 -0.0000 -0.8861
vn 0.0708 0.0001 -0.9975
vn -0.8433 -0.0000 0.5375
vn 0.7708 -0.6081 0.1902
vn 0.6455 -0.5877 0.4879
vn 0.7842 -0.0664 0.6170
vn 0.9661 -0.0708 0.2482
vn -0.6455 -0.5877 -0.4879
vn -0.7842 -0.0664 -0.6170
vn -0.0546 -0.4068 0.9119
vn -0.3484 -0.5047 0.7898
vn -0.3897 -0.0525 0.9195
vn -0.0573 -0.0397 0.9976
vn 0.3426 -0.5021 -0.7940
vn 0.6455 -0.5877 -0.4879
vn 0.7842 -0.0664 -0.6170
vn 0.3825 -0.0521 -0.9225
vn 0.9661 -0.0708 -0.2482
vn 0.7708 -0.6081 -0.1902
vn -0.6455 -0.5877 0.4879
vn -0.7842 -0.0664 0.6170
vn 0.0546 -0.4046 -0.9129
vn 0.0573 -0.0395 -0.9976
vn -0.3484 -0.5047 -0.7898
vn -0.3897 -0.0525 -0.9195
vn -0.9683 -0.0000 -0.2498
vn -0.9683 -0.0000 0.2498
vn 0.0018 -0.3918 0.9201
vn 0.0018 -0.0380 0.9993
vn 0.3426 -0.5021 0.7940
vn 0.3825 -0.0521 0.9225
vn -0.0546 -0.4068 -0.9119
vn -0.0573 -0.0397 -0.9976
vn 0.0018 -0.3918 -0.9201
vn 0.0018 -0.0380 -0.9993
vn 0.0546 -0.4046 0.9129
vn 0.0573 -0.0395 0.9976
vn 0.3817 -0.0000 -0.9243
vn 0.0572 -0.0000 -0.9984
vn 0.9683 -0.0000 0.2498
vn 0.9683 -0.0000 -0.2498
vn -0.3889 -0.0000 -0.9213
vn -0.7847 -0.0000 -0.6198
vn -0.0571 -0.0000 0.9984
vn 0.0019 -0.0000 1.0000
vn 0.3817 -0.0000 0.9243
vn 0.7847 -0.0000 0.6198
vn -0.7847 -0.0000 0.6198
vn -0.0571 -0.0000 -0.9984
vn 0.0019 -0.0000 -1.0000
vn 0.0572 -0.0000 0.9984
vn -0.3889 -0.0000 0.9213
vn 0.7847 -0.0000 -0.6198
vn -0.2588 -0.0000 0.9659
vn 0.7071 -0.0000 -0.7071
vn 0.5000 -0.0000 -0.8660
vn -0.7071 -0.0000 0.7071
vn -0.5000 -0.0000 0.8660
vn 0.9659 -0.0000 -0.2588
vn 0.8660 -0.0000 -0.5000
vn 0.2588 -0.0000 -0.9659
vn 0.9659 -0.0000 0.2588
vn 0.2588 -0.0000 0.9659
vn 0.5000 -0.0000 0.8660
vn -0.9659 -0.0000 0.2588
vn -0.8660 -0.0000 0.5000
vn -0.7071 -0.0000 -0.7071
vn -0.8660 -0.0000 -0.5000
vn 0.7071 -0.0000 0.7071
vn 0.8660 -0.0000 0.5000
vn -0.2588 -0.0000 -0.9659
vn -0.5000 -0.0000 -0.8660
vn -0.9659 -0.0000 -0.2588
vn -0.9656 -0.0251 0.2587
vn -0.8658 -0.0251 0.4998
vn 0.6495 -0.3953 -0.6495
vn 0.7069 -0.0251 -0.7069
vn 0.4999 -0.0251 -0.8657
vn 0.4591 -0.3960 -0.7952
vn -0.8872 -0.3953 0.2377
vn -0.7952 -0.3960 0.4591
vn -0.2377 -0.3953 0.8872
vn -0.2588 -0.0251 0.9656
vn 0.0001 -0.0251 0.9997
vn -0.0000 -0.3960 0.9182
vn -0.8872 -0.3953 -0.2377
vn -0.9656 -0.0251 -0.2588
vn -0.9997 -0.0251 -0.0000
vn -0.9182 -0.3960 -0.0000
vn -0.2377 -0.3953 -0.8872
vn -0.2587 -0.0251 -0.9656
vn -0.4998 -0.0251 -0.8658
vn -0.4591 -0.3960 -0.7952
vn 0.8872 -0.3953 -0.2377
vn 0.9656 -0.0251 -0.2587
vn 0.8657 -0.0251 -0.4999
vn 0.7952 -0.3960 -0.4591
vn 0.6495 -0.3953 0.6495
vn 0.7069 -0.0251 0.7069
vn 0.8657 -0.0251 0.4999
vn 0.7952 -0.3960 0.4591
vn 0.2377 -0.3953 -0.8872
vn 0.2588 -0.0251 -0.9656
vn -0.0000 -0.0251 -0.9997
vn -0.0000 -0.3960 -0.9182
vn -0.6495 -0.3953 -0.6495
vn -0.7069 -0.0251 -0.7069
vn -0.8657 -0.0251 -0.4999
vn -0.7952 -0.3960 -0.4591
vn 0.2377 -0.3953 0.8872
vn 0.2587 -0.0251 0.9656
vn 0.4998 -0.0251 0.8658
vn 0.4591 -0.3960 0.7952
vn 0.8872 -0.3953 0.2377
vn 0.9656 -0.0251 0.2588
vn 0.9997 -0.0251 -0.0000
vn 0.9182 -0.3960 -0.0000
vn -0.7069 -0.0251 0.7069
vn -0.4998 -0.0251 0.8658
vn -0.6495 -0.3953 0.6495
vn -0.4591 -0.3960 0.7952
vt 0.731776 0.005463
vt 0.731776 0.532143
vt 0.709162 0.535712
vt 0.709163 0.001894
vt 0.680836 0.535712
vt 0.680836 0.001894
vt 0.575281 0.071606
vt 0.579019 0.048934
vt 0.598447 0.067594
vt 0.597405 0.075495
vt 0.677047 0.002104
vt 0.676533 0.076109
vt 0.657456 0.067639
vt 0.654409 0.060271
vt 0.574839 0.132369
vt 0.601490 0.090755
vt 0.606344 0.097086
vt 0.606353 0.053911
vt 0.601498 0.060233
vt 0.657437 0.083440
vt 0.658489 0.075541
vt 0.598442 0.083394
vt 0.588846 0.029948
vt 0.604066 0.014927
vt 0.620047 0.046014
vt 0.612679 0.049061
vt 0.658248 0.105873
vt 0.649513 0.097100
vt 0.654374 0.090793
vt 0.623189 0.005342
vt 0.645932 0.001894
vt 0.635862 0.046025
vt 0.627954 0.044979
vt 0.649556 0.053941
vt 0.643229 0.049082
vt 0.643188 0.101931
vt 0.612672 0.101944
vt 0.638099 0.751684
vt 0.636691 0.751892
vt 0.634547 0.744214
vt 0.635855 0.743657
vt 0.578307 0.767621
vt 0.590409 0.762678
vt 0.592678 0.766634
vt 0.582294 0.774679
vt 0.636778 0.759870
vt 0.638195 0.760034
vt 0.576221 0.759896
vt 0.589227 0.758285
vt 0.634791 0.767607
vt 0.636118 0.768133
vt 0.587958 0.780368
vt 0.595904 0.769866
vt 0.599855 0.772150
vt 0.594898 0.784372
vt 0.630864 0.774574
vt 0.632011 0.775426
vt 0.625266 0.780294
vt 0.626154 0.781416
vt 0.602635 0.786441
vt 0.604262 0.773330
vt 0.608824 0.773324
vt 0.610644 0.786442
vt 0.618377 0.784370
vt 0.618938 0.785686
vt 0.610838 0.787859
vt 0.613235 0.772129
vt 0.617178 0.769818
vt 0.602456 0.787859
vt 0.594357 0.785696
vt 0.620377 0.766568
vt 0.622622 0.762602
vt 0.587091 0.781508
vt 0.623764 0.758192
vt 0.623729 0.753641
vt 0.581151 0.775557
vt 0.622525 0.749261
vt 0.620247 0.745333
vt 0.630563 0.737313
vt 0.578258 0.744323
vt 0.590373 0.749343
vt 0.589217 0.753739
vt 0.576240 0.752012
vt 0.576939 0.768180
vt 0.574853 0.760071
vt 0.574839 0.751838
vt 0.582190 0.737394
vt 0.592624 0.745394
vt 0.576939 0.743795
vt 0.581049 0.736542
vt 0.587781 0.731705
vt 0.595823 0.742160
vt 0.586898 0.730586
vt 0.594653 0.727658
vt 0.594096 0.726345
vt 0.602359 0.725607
vt 0.604156 0.738676
vt 0.599757 0.739862
vt 0.602169 0.724195
vt 0.610335 0.725620
vt 0.610516 0.724208
vt 0.618034 0.727689
vt 0.613093 0.739850
vt 0.608703 0.738674
vt 0.618573 0.726372
vt 0.624934 0.731676
vt 0.625795 0.730544
vt 0.617030 0.742122
vt 0.631687 0.736442
vt 0.620812 0.757831
vt 0.620788 0.754051
vt 0.608431 0.770365
vt 0.612077 0.769370
vt 0.597649 0.744509
vt 0.594994 0.747187
vt 0.617997 0.764776
vt 0.619862 0.761489
vt 0.600999 0.769398
vt 0.604651 0.770374
vt 0.604546 0.741627
vt 0.600909 0.742615
vt 0.615342 0.767466
vt 0.595045 0.764825
vt 0.597722 0.767505
vt 0.611955 0.742592
vt 0.608314 0.741620
vt 0.592172 0.757890
vt 0.593150 0.761545
vt 0.617894 0.747141
vt 0.615222 0.744476
vt 0.593124 0.750463
vt 0.592163 0.754112
vt 0.619796 0.750404
vt 0.610900 0.766565
vt 0.613474 0.765073
vt 0.597462 0.762983
vt 0.599579 0.765101
vt 0.610791 0.745385
vt 0.607916 0.744619
vt 0.605050 0.767366
vt 0.608031 0.767355
vt 0.595179 0.757480
vt 0.595952 0.760383
vt 0.602079 0.745415
vt 0.599508 0.746900
vt 0.615489 0.748984
vt 0.613374 0.746874
vt 0.602168 0.766597
vt 0.595931 0.751599
vt 0.595171 0.754487
vt 0.604942 0.744629
vt 0.617784 0.754472
vt 0.617003 0.751574
vt 0.617047 0.760357
vt 0.617801 0.757465
vt 0.615572 0.762953
vt 0.597410 0.749011
vt 0.598897 0.754980
vt 0.598924 0.756989
vt 0.613492 0.753038
vt 0.612505 0.751290
vt 0.611195 0.762111
vt 0.612604 0.760674
vt 0.600368 0.751291
vt 0.599388 0.753037
vt 0.614073 0.756981
vt 0.614042 0.754972
vt 0.607519 0.763649
vt 0.609454 0.763127
vt 0.601778 0.749860
vt 0.613582 0.758924
vt 0.603591 0.763121
vt 0.605519 0.763648
vt 0.605451 0.748328
vt 0.603518 0.748848
vt 0.600457 0.760677
vt 0.601862 0.762109
vt 0.609374 0.748852
vt 0.607447 0.748329
vt 0.599471 0.758925
vt 0.611101 0.749863
vt 0.647704 0.771002
vt 0.648820 0.773623
vt 0.647388 0.774453
vt 0.645632 0.772225
vt 0.658590 0.785018
vt 0.656321 0.783330
vt 0.657140 0.781895
vt 0.659760 0.782939
vt 0.642780 0.776012
vt 0.645401 0.777062
vt 0.644977 0.778661
vt 0.642180 0.778317
vt 0.652465 0.770362
vt 0.652078 0.773187
vt 0.650421 0.773199
vt 0.650040 0.770357
vt 0.660338 0.778269
vt 0.657561 0.778642
vt 0.657122 0.777044
vt 0.659729 0.775977
vt 0.654847 0.787961
vt 0.653725 0.785340
vt 0.655158 0.784506
vt 0.656918 0.786732
vt 0.646223 0.775627
vt 0.643956 0.773934
vt 0.656863 0.772207
vt 0.655118 0.774440
vt 0.653682 0.773612
vt 0.654791 0.770996
vt 0.657562 0.780297
vt 0.660353 0.780637
vt 0.650083 0.788611
vt 0.650466 0.785782
vt 0.652124 0.785768
vt 0.652510 0.788611
vt 0.645676 0.786770
vt 0.647422 0.784531
vt 0.648861 0.785359
vt 0.647754 0.787980
vt 0.642800 0.782991
vt 0.645414 0.781922
vt 0.646247 0.783359
vt 0.643988 0.785067
vt 0.658546 0.773908
vt 0.656291 0.775611
vt 0.644975 0.780319
vt 0.642191 0.780691
vt 0.652596 0.776266
vt 0.651717 0.776030
vt 0.651732 0.782938
vt 0.652611 0.782701
vt 0.648099 0.780803
vt 0.648542 0.781583
vt 0.654022 0.777364
vt 0.653382 0.776721
vt 0.649947 0.782692
vt 0.650823 0.782936
vt 0.647840 0.779040
vt 0.647856 0.779940
vt 0.654474 0.778149
vt 0.649170 0.782228
vt 0.648499 0.777368
vt 0.648058 0.778162
vt 0.654721 0.779929
vt 0.654715 0.779022
vt 0.649927 0.776264
vt 0.649137 0.776719
vt 0.654042 0.781600
vt 0.654492 0.780808
vt 0.650807 0.776029
vt 0.653399 0.782245
vt 0.651266 0.779485
vt 0.666498 0.793396
vt 0.665004 0.792533
vt 0.667361 0.790176
vt 0.673534 0.777565
vt 0.673481 0.775950
vt 0.676905 0.775011
vt 0.676905 0.778507
vt 0.672759 0.778982
vt 0.675167 0.781454
vt 0.671367 0.779807
vt 0.672276 0.783114
vt 0.669747 0.779809
vt 0.668941 0.783167
vt 0.668357 0.778990
vt 0.665938 0.781525
vt 0.667572 0.777571
vt 0.664142 0.778513
vt 0.667523 0.775951
vt 0.664149 0.775005
vt 0.668301 0.774537
vt 0.665894 0.772061
vt 0.669694 0.773712
vt 0.668789 0.770404
vt 0.671313 0.773712
vt 0.672123 0.770357
vt 0.672702 0.774534
vt 0.675120 0.772004
vt 0.669717 0.787819
vt 0.670580 0.789314
vt 0.670580 0.791040
vt 0.669717 0.792534
vt 0.665004 0.787818
vt 0.666498 0.786955
vt 0.664142 0.791038
vt 0.668223 0.793396
vt 0.668223 0.786956
vt 0.664142 0.789312
vt 0.627934 0.106009
vt 0.635829 0.104971
vt 0.630667 0.124794
vt 0.627676 0.123967
vt 0.620037 0.104977
vt 0.624675 0.124749
vt 0.621649 0.129932
vt 0.622472 0.126929
vt 0.632842 0.127009
vt 0.622439 0.132939
vt 0.615547 0.150867
vt 0.627584 0.135971
vt 0.636988 0.150697
vt 0.624609 0.135147
vt 0.630575 0.135174
vt 0.632774 0.132984
vt 0.639692 0.150867
vt 0.652536 0.161958
vt 0.653169 0.166646
vt 0.652654 0.166647
vt 0.652033 0.162094
vt 0.601777 0.166326
vt 0.574867 0.166237
vt 0.602444 0.161686
vt 0.602405 0.170984
vt 0.604141 0.157740
vt 0.606350 0.154953
vt 0.608813 0.153116
vt 0.611288 0.151896
vt 0.613535 0.151194
vt 0.676028 0.124795
vt 0.633613 0.130005
vt 0.675454 0.173275
vt 0.652482 0.171324
vt 0.650883 0.157969
vt 0.648710 0.155126
vt 0.646286 0.153229
vt 0.643861 0.151937
vt 0.641658 0.151173
vt 0.604069 0.174947
vt 0.646373 0.535585
vt 0.624342 0.532227
vt 0.615298 0.181863
vt 0.605797 0.522945
vt 0.613331 0.181555
vt 0.591082 0.508461
vt 0.611122 0.180843
vt 0.606259 0.177750
vt 0.577759 0.467971
vt 0.581472 0.490010
vt 0.608689 0.179600
vt 0.675517 0.226280
vt 0.641336 0.181981
vt 0.643581 0.181251
vt 0.639331 0.182251
vt 0.636670 0.182322
vt 0.648539 0.178124
vt 0.650769 0.175315
vt 0.646066 0.179998
vt 0.677047 0.535433
vt 0.779060 0.466057
vt 0.775478 0.489974
vt 0.765810 0.508067
vt 0.765810 0.029539
vt 0.775478 0.047632
vt 0.779060 0.071549
vt 0.750751 0.522993
vt 0.750751 0.014613
vt 0.609097 0.153568
vt 0.611488 0.152389
vt 0.602950 0.161827
vt 0.648341 0.155494
vt 0.645998 0.153661
vt 0.639610 0.151390
vt 0.636950 0.151224
vt 0.650433 0.158226
vt 0.641529 0.151685
vt 0.606622 0.177378
vt 0.608966 0.179160
vt 0.604517 0.174681
vt 0.639276 0.181712
vt 0.641215 0.181460
vt 0.602304 0.166322
vt 0.636657 0.181811
vt 0.604590 0.158005
vt 0.643650 0.152420
vt 0.613453 0.181044
vt 0.615355 0.181343
vt 0.613663 0.151713
vt 0.648166 0.177751
vt 0.650315 0.175052
vt 0.602909 0.170839
vt 0.645776 0.179547
vt 0.611321 0.180357
vt 0.615619 0.151413
vt 0.643375 0.180760
vt 0.606720 0.155331
vt 0.651978 0.171187
vt 0.017023 0.017023
vt 0.555921 0.017023
vt 0.555921 0.982977
vt 0.017023 0.982977
vt 0.017023 0.001894
vt 0.555921 0.001894
vt 0.017023 0.998106
vt 0.555921 0.998106
vt 0.571050 0.017023
vt 0.571050 0.982977
vt 0.001894 0.982977
vt 0.001894 0.017023
vt 0.826214 0.379925
vt 0.829033 0.379925
vt 0.829033 0.390584
vt 0.826214 0.390584
vt 0.826214 0.411901
vt 0.829033 0.411901
vt 0.829033 0.422560
vt 0.826213 0.422560
vt 0.832824 0.479793
vt 0.835643 0.479793
vt 0.835643 0.493475
vt 0.832824 0.493475
vt 0.832823 0.274560
vt 0.835643 0.274560
vt 0.835642 0.288242
vt 0.832823 0.288242
vt 0.684356 0.694585
vt 0.695061 0.699009
vt 0.692319 0.709309
vt 0.680836 0.707806
vt 0.835642 0.301924
vt 0.832823 0.301924
vt 0.835643 0.507158
vt 0.832824 0.507158
vt 0.700390 0.689778
vt 0.691197 0.682736
vt 0.707915 0.682229
vt 0.700856 0.673045
vt 0.826214 0.358607
vt 0.829033 0.358607
vt 0.829033 0.369266
vt 0.826214 0.369266
vt 0.829033 0.401242
vt 0.826214 0.401242
vt 0.835643 0.178784
vt 0.835643 0.192466
vt 0.832824 0.192466
vt 0.832824 0.178784
vt 0.835642 0.315606
vt 0.832823 0.315606
vt 0.717146 0.676900
vt 0.712706 0.666204
vt 0.727437 0.674125
vt 0.725916 0.662642
vt 0.835642 0.329289
vt 0.832823 0.329289
vt 0.835643 0.206148
vt 0.832824 0.206148
vt 0.738096 0.674125
vt 0.739598 0.662642
vt 0.748396 0.676867
vt 0.752820 0.666162
vt 0.826214 0.507830
vt 0.829034 0.507830
vt 0.829034 0.518489
vt 0.826215 0.518489
vt 0.826214 0.337290
vt 0.829034 0.337290
vt 0.829033 0.347949
vt 0.826214 0.347948
vt 0.829034 0.529147
vt 0.826215 0.529148
vt 0.835642 0.342971
vt 0.835642 0.356653
vt 0.832823 0.356653
vt 0.832823 0.342971
vt 0.757626 0.682196
vt 0.764669 0.673003
vt 0.765175 0.689721
vt 0.774359 0.682663
vt 0.826214 0.486512
vt 0.829033 0.486512
vt 0.829033 0.497171
vt 0.826214 0.497171
vt 0.826215 0.315972
vt 0.829034 0.315972
vt 0.829034 0.326631
vt 0.826215 0.326631
vt 0.835642 0.370335
vt 0.835642 0.384017
vt 0.832823 0.384017
vt 0.832823 0.370335
vt 0.770505 0.698952
vt 0.781200 0.694512
vt 0.773280 0.709243
vt 0.784763 0.707722
vt 0.826214 0.465195
vt 0.829033 0.465195
vt 0.829033 0.475854
vt 0.826214 0.475854
vt 0.826215 0.294655
vt 0.829034 0.294655
vt 0.829034 0.305313
vt 0.826215 0.305313
vt 0.835642 0.397700
vt 0.835642 0.411382
vt 0.832823 0.411382
vt 0.832823 0.397700
vt 0.773280 0.719902
vt 0.784763 0.721404
vt 0.770537 0.730202
vt 0.781242 0.734626
vt 0.826214 0.443877
vt 0.829033 0.443877
vt 0.829033 0.454536
vt 0.826214 0.454536
vt 0.835643 0.219831
vt 0.832824 0.219831
vt 0.835642 0.425064
vt 0.832823 0.425064
vt 0.765208 0.739433
vt 0.774401 0.746475
vt 0.757683 0.746982
vt 0.764742 0.756165
vt 0.829034 0.539806
vt 0.826215 0.539806
vt 0.835642 0.438746
vt 0.832823 0.438746
vt 0.835643 0.233513
vt 0.832824 0.233513
vt 0.748452 0.752311
vt 0.752893 0.763007
vt 0.738161 0.755086
vt 0.739682 0.766569
vt 0.829033 0.433219
vt 0.826213 0.433219
vt 0.829034 0.550465
vt 0.826215 0.550465
vt 0.835643 0.247195
vt 0.832824 0.247195
vt 0.835643 0.452429
vt 0.832823 0.452429
vt 0.727503 0.755086
vt 0.726000 0.766569
vt 0.717203 0.752344
vt 0.712779 0.763049
vt 0.832823 0.260877
vt 0.835643 0.260878
vt 0.835643 0.466111
vt 0.832823 0.466111
vt 0.707972 0.747014
vt 0.700929 0.756208
vt 0.700423 0.739490
vt 0.691239 0.746548
vt 0.692319 0.719968
vt 0.680836 0.721489
vt 0.695094 0.730259
vt 0.684398 0.734699
vt 0.782848 0.506552
vt 0.789125 0.506552
vt 0.789125 0.508235
vt 0.782848 0.508235
vt 0.789125 0.527128
vt 0.789125 0.530501
vt 0.782848 0.530501
vt 0.782848 0.527128
vt 0.789125 0.386964
vt 0.789125 0.388629
vt 0.782848 0.388629
vt 0.782848 0.386964
vt 0.782848 0.501514
vt 0.789125 0.501514
vt 0.789125 0.504887
vt 0.782848 0.504887
vt 0.789125 0.510043
vt 0.782848 0.510043
vt 0.782848 0.398085
vt 0.789125 0.398085
vt 0.789125 0.401561
vt 0.782848 0.401561
vt 0.782848 0.407540
vt 0.789125 0.407540
vt 0.789125 0.409205
vt 0.782848 0.409205
vt 0.789125 0.404049
vt 0.782848 0.404049
vt 0.789125 0.405857
vt 0.782848 0.405857
vt 0.782848 0.412578
vt 0.789125 0.412578
vt 0.789125 0.383591
vt 0.782848 0.383591
vt 0.782848 0.294655
vt 0.789125 0.294655
vt 0.789125 0.519484
vt 0.782848 0.519484
vt 0.782848 0.516008
vt 0.789125 0.516008
vt 0.782848 0.525463
vt 0.789125 0.525463
vt 0.789125 0.521972
vt 0.782848 0.521972
vt 0.789125 0.523780
vt 0.782848 0.523780
vt 0.782848 0.392120
vt 0.789125 0.392120
vt 0.789125 0.394609
vt 0.782848 0.394609
vt 0.789125 0.390312
vt 0.782848 0.390312
vt 0.789125 0.512532
vt 0.782848 0.512532
vt 0.672524 0.638648
vt 0.673117 0.635589
vt 0.674062 0.635687
vt 0.673380 0.639045
vt 0.670465 0.640632
vt 0.671659 0.639737
vt 0.672328 0.640419
vt 0.670921 0.641453
vt 0.666578 0.641576
vt 0.668944 0.641221
vt 0.669194 0.642133
vt 0.666670 0.642521
vt 0.673400 0.543028
vt 0.674062 0.546378
vt 0.673123 0.546473
vt 0.672545 0.543419
vt 0.670957 0.540612
vt 0.672357 0.541651
vt 0.671686 0.542329
vt 0.670498 0.541429
vt 0.666717 0.539524
vt 0.669237 0.539924
vt 0.668982 0.540834
vt 0.666621 0.540468
vt 0.652869 0.639000
vt 0.652207 0.635650
vt 0.653146 0.635555
vt 0.653725 0.638609
vt 0.655312 0.641416
vt 0.653912 0.640377
vt 0.654583 0.639699
vt 0.655771 0.640599
vt 0.659553 0.642504
vt 0.657033 0.642104
vt 0.657288 0.641194
vt 0.659649 0.641560
vt 0.663113 0.641703
vt 0.663110 0.642655
vt 0.653746 0.543380
vt 0.653152 0.546439
vt 0.652207 0.546341
vt 0.652890 0.542983
vt 0.655805 0.541396
vt 0.654611 0.542291
vt 0.653942 0.541608
vt 0.655349 0.540575
vt 0.659691 0.540452
vt 0.657326 0.540807
vt 0.657075 0.539895
vt 0.659600 0.539507
vt 0.663159 0.539373
vt 0.663157 0.540325
vt 0.792913 0.425497
vt 0.792913 0.423173
vt 0.798992 0.423173
vt 0.798992 0.425497
vt 0.792913 0.432488
vt 0.792913 0.430097
vt 0.798992 0.430097
vt 0.798992 0.432488
vt 0.792913 0.368990
vt 0.792913 0.366122
vt 0.798992 0.366122
vt 0.798992 0.368990
vt 0.798992 0.417263
vt 0.792913 0.417263
vt 0.792913 0.414045
vt 0.798992 0.414045
vt 0.792913 0.427730
vt 0.798992 0.427730
vt 0.792913 0.361585
vt 0.792913 0.359212
vt 0.798992 0.359212
vt 0.798992 0.361585
vt 0.792913 0.496609
vt 0.792913 0.494247
vt 0.798992 0.494247
vt 0.798992 0.496609
vt 0.792913 0.420292
vt 0.798992 0.420292
vt 0.792913 0.501300
vt 0.792913 0.498902
vt 0.798992 0.498902
vt 0.798992 0.501300
vt 0.798992 0.488341
vt 0.792913 0.488341
vt 0.792913 0.485124
vt 0.798992 0.485124
vt 0.792913 0.375229
vt 0.792913 0.372012
vt 0.798992 0.372012
vt 0.798992 0.375229
vt 0.792913 0.491364
vt 0.798992 0.491364
vt 0.792913 0.446308
vt 0.792913 0.443089
vt 0.798992 0.443089
vt 0.798992 0.446308
vt 0.792913 0.363814
vt 0.798992 0.363814
vt 0.798992 0.437163
vt 0.792913 0.437163
vt 0.792913 0.434785
vt 0.798992 0.434785
vt 0.792913 0.440059
vt 0.798992 0.440059
vt 0.794352 0.302462
vt 0.810784 0.302532
vt 0.811188 0.305612
vt 0.793935 0.305550
vt 0.808448 0.297559
vt 0.806781 0.296336
vt 0.807213 0.295464
vt 0.809157 0.296901
vt 0.804783 0.295811
vt 0.804951 0.294848
vt 0.796694 0.297481
vt 0.795308 0.299740
vt 0.794427 0.299313
vt 0.795981 0.296825
vt 0.793401 0.302230
vt 0.796606 0.352611
vt 0.798212 0.353798
vt 0.797781 0.354674
vt 0.795891 0.353268
vt 0.800149 0.354288
vt 0.799988 0.355254
vt 0.800252 0.295778
vt 0.798312 0.296281
vt 0.797878 0.295406
vt 0.800090 0.294811
vt 0.808404 0.352601
vt 0.809809 0.350365
vt 0.810687 0.350797
vt 0.809109 0.353269
vt 0.810767 0.347650
vt 0.811718 0.347884
vt 0.804715 0.354292
vt 0.806731 0.353794
vt 0.807152 0.354677
vt 0.804871 0.355262
vt 0.794294 0.347628
vt 0.795235 0.350357
vt 0.794350 0.350781
vt 0.793339 0.347856
vt 0.809841 0.299813
vt 0.810719 0.299388
vt 0.811733 0.302304
vt 0.802415 0.354437
vt 0.802414 0.355424
vt 0.802507 0.295640
vt 0.802513 0.294655
vt 0.812160 0.305546
vt 0.812160 0.344634
vt 0.811184 0.344565
vt 0.792913 0.344595
vt 0.792962 0.305480
vt 0.793892 0.344529
vt 0.806791 0.388406
vt 0.802780 0.388406
vt 0.802780 0.384236
vt 0.806791 0.384236
vt 0.802780 0.380065
vt 0.806791 0.380065
vt 0.802780 0.375894
vt 0.806791 0.375894
vt 0.802780 0.371724
vt 0.806791 0.371724
vt 0.802780 0.367553
vt 0.806791 0.367553
vt 0.802780 0.363383
vt 0.806791 0.363383
vt 0.802780 0.359212
vt 0.806791 0.359212
vt 0.802780 0.492671
vt 0.802780 0.488500
vt 0.806791 0.488500
vt 0.806791 0.492671
vt 0.802780 0.484330
vt 0.806791 0.484330
vt 0.802780 0.480159
vt 0.806791 0.480159
vt 0.802780 0.475988
vt 0.806791 0.475988
vt 0.802780 0.471818
vt 0.806791 0.471818
vt 0.802780 0.467647
vt 0.806791 0.467647
vt 0.802780 0.463477
vt 0.806791 0.463477
vt 0.802780 0.459306
vt 0.806791 0.459306
vt 0.802780 0.455135
vt 0.806791 0.455135
vt 0.802780 0.450965
vt 0.806791 0.450965
vt 0.802780 0.446794
vt 0.806791 0.446794
vt 0.802780 0.442624
vt 0.806791 0.442624
vt 0.802780 0.438453
vt 0.806791 0.438453
vt 0.802780 0.434283
vt 0.806791 0.434283
vt 0.802780 0.430112
vt 0.806791 0.430112
vt 0.802780 0.425941
vt 0.806791 0.425941
vt 0.802780 0.421771
vt 0.806791 0.421771
vt 0.802780 0.417600
vt 0.806791 0.417600
vt 0.802780 0.409259
vt 0.802780 0.405089
vt 0.806791 0.405089
vt 0.806791 0.409259
vt 0.802780 0.400918
vt 0.806791 0.400918
vt 0.802780 0.413430
vt 0.806791 0.413430
vt 0.802780 0.396747
vt 0.806791 0.396747
vt 0.802780 0.392577
vt 0.806791 0.392577
vt 0.819353 0.793622
vt 0.818537 0.797712
vt 0.818542 0.785360
vt 0.819353 0.789451
vt 0.816941 0.801565
vt 0.816946 0.781507
vt 0.814621 0.805031
vt 0.814631 0.778038
vt 0.811672 0.807980
vt 0.811682 0.775089
vt 0.808203 0.810295
vt 0.808216 0.772770
vt 0.804350 0.811891
vt 0.804363 0.771174
vt 0.800259 0.812702
vt 0.800273 0.770357
vt 0.796088 0.812702
vt 0.796102 0.770357
vt 0.791998 0.811885
vt 0.792011 0.771168
vt 0.788145 0.810289
vt 0.788158 0.772764
vt 0.784679 0.807970
vt 0.784689 0.775079
vt 0.781730 0.805021
vt 0.781740 0.778028
vt 0.779415 0.801552
vt 0.779421 0.781494
vt 0.777819 0.797699
vt 0.777825 0.785347
vt 0.777008 0.793608
vt 0.777008 0.789437
vt 0.803550 0.629660
vt 0.807561 0.629660
vt 0.807561 0.633830
vt 0.803550 0.633830
vt 0.807561 0.638001
vt 0.803550 0.638001
vt 0.807561 0.642171
vt 0.803550 0.642171
vt 0.807561 0.646342
vt 0.803550 0.646342
vt 0.807561 0.650512
vt 0.803550 0.650512
vt 0.807561 0.654683
vt 0.803550 0.654683
vt 0.807561 0.658854
vt 0.803550 0.658854
vt 0.807561 0.525395
vt 0.807561 0.529566
vt 0.803550 0.529565
vt 0.803550 0.525395
vt 0.807561 0.533736
vt 0.803550 0.533736
vt 0.807561 0.537907
vt 0.803550 0.537907
vt 0.807561 0.542077
vt 0.803550 0.542077
vt 0.807561 0.546248
vt 0.803550 0.546248
vt 0.807561 0.550418
vt 0.803550 0.550418
vt 0.807561 0.554589
vt 0.803550 0.554589
vt 0.807561 0.558760
vt 0.803550 0.558760
vt 0.807561 0.562930
vt 0.803550 0.562930
vt 0.807561 0.567101
vt 0.803550 0.567101
vt 0.807561 0.571271
vt 0.803550 0.571271
vt 0.807561 0.575442
vt 0.803550 0.575442
vt 0.807561 0.579612
vt 0.803550 0.579612
vt 0.807561 0.583783
vt 0.803550 0.583783
vt 0.807561 0.587954
vt 0.803550 0.587954
vt 0.807561 0.592124
vt 0.803550 0.592124
vt 0.807561 0.596295
vt 0.803550 0.596295
vt 0.807561 0.600465
vt 0.803550 0.600465
vt 0.807561 0.608807
vt 0.807561 0.612977
vt 0.803550 0.612977
vt 0.803550 0.608807
vt 0.807561 0.617148
vt 0.803550 0.617148
vt 0.807561 0.604636
vt 0.803550 0.604636
vt 0.807561 0.621318
vt 0.803550 0.621318
vt 0.807561 0.625489
vt 0.803550 0.625489
vt 0.790963 0.693850
vt 0.789367 0.689997
vt 0.796232 0.700265
vt 0.793283 0.697316
vt 0.788551 0.685907
vt 0.799701 0.702580
vt 0.788551 0.681736
vt 0.803554 0.704176
vt 0.789362 0.677645
vt 0.807645 0.704987
vt 0.790958 0.673792
vt 0.811816 0.704987
vt 0.793273 0.670323
vt 0.815905 0.704170
vt 0.796222 0.667374
vt 0.819759 0.702574
vt 0.799688 0.665054
vt 0.823225 0.700255
vt 0.803541 0.663458
vt 0.826174 0.697306
vt 0.807631 0.662642
vt 0.828489 0.693837
vt 0.811801 0.662642
vt 0.830085 0.689983
vt 0.815892 0.663453
vt 0.830896 0.685892
vt 0.819746 0.665049
vt 0.830896 0.681722
vt 0.823215 0.667364
vt 0.830079 0.677632
vt 0.826164 0.670313
vt 0.828483 0.673779
vt 0.799014 0.732566
vt 0.795628 0.754917
vt 0.793005 0.751728
vt 0.790531 0.747025
vt 0.788893 0.740283
vt 0.788551 0.732310
vt 0.799950 0.709428
vt 0.801453 0.711236
vt 0.798724 0.708775
vt 0.809476 0.738395
vt 0.808109 0.744689
vt 0.809476 0.731488
vt 0.793877 0.713587
vt 0.795828 0.711154
vt 0.791727 0.717717
vt 0.805708 0.750030
vt 0.803155 0.754205
vt 0.789706 0.724308
vt 0.808073 0.724470
vt 0.805855 0.718374
vt 0.801211 0.757000
vt 0.799595 0.758083
vt 0.797413 0.709485
vt 0.797814 0.757184
vt 0.803503 0.714066
vt 0.750714 0.622284
vt 0.700717 0.643031
vt 0.688381 0.632458
vt 0.683069 0.607534
vt 0.685824 0.596120
vt 0.793615 0.596120
vt 0.795411 0.607035
vt 0.752276 0.658854
vt 0.735338 0.656796
vt 0.766405 0.657618
vt 0.780736 0.651996
vt 0.791838 0.642085
vt 0.797967 0.630995
vt 0.717591 0.651246
vt 0.799075 0.616756
vt 0.799762 0.623556
vt 0.682020 0.623869
vt 0.680836 0.616880
vt 0.688381 0.559782
vt 0.700717 0.549209
vt 0.683069 0.584705
vt 0.795411 0.585204
vt 0.784527 0.542288
vt 0.792146 0.550436
vt 0.797967 0.561244
vt 0.716005 0.541519
vt 0.799762 0.568683
vt 0.799075 0.575484
vt 0.680836 0.575359
vt 0.682020 0.568370
vt 0.763075 0.552914
vt 0.769602 0.550353
vt 0.778517 0.542562
vt 0.756549 0.554321
vt 0.744173 0.552234
vt 0.750361 0.553855
vt 0.733827 0.545921
vt 0.781416 0.539921
vt 0.723139 0.539500
vt 0.725461 0.539626
vt 0.727590 0.540564
vt 0.815952 0.298564
vt 0.817111 0.298564
vt 0.817110 0.309719
vt 0.815951 0.309719
vt 0.813264 0.720918
vt 0.814423 0.720918
vt 0.814423 0.727405
vt 0.813264 0.727405
vt 0.817109 0.321995
vt 0.815950 0.321995
vt 0.813264 0.762063
vt 0.814423 0.762063
vt 0.814423 0.764009
vt 0.813264 0.764009
vt 0.811739 0.450785
vt 0.810580 0.450785
vt 0.810580 0.433672
vt 0.811739 0.433672
vt 0.813264 0.758659
vt 0.814423 0.758659
vt 0.815949 0.329648
vt 0.817109 0.329648
vt 0.817108 0.336483
vt 0.815949 0.336483
vt 0.811350 0.657363
vt 0.812509 0.657363
vt 0.812509 0.658854
vt 0.811350 0.658854
vt 0.811739 0.484807
vt 0.810580 0.484807
vt 0.810580 0.477719
vt 0.811739 0.477719
vt 0.811350 0.655061
vt 0.812509 0.655061
vt 0.811350 0.602802
vt 0.812509 0.602802
vt 0.812509 0.604797
vt 0.811350 0.604797
vt 0.817108 0.346871
vt 0.815949 0.346871
vt 0.812509 0.607946
vt 0.811350 0.607946
vt 0.811739 0.494417
vt 0.810580 0.494417
vt 0.815951 0.505426
vt 0.817110 0.505426
vt 0.817110 0.521672
vt 0.815951 0.521672
vt 0.813264 0.716010
vt 0.814423 0.716010
vt 0.810580 0.467032
vt 0.811739 0.467032
vt 0.815952 0.549057
vt 0.817111 0.549057
vt 0.817111 0.560800
vt 0.815952 0.560800
vt 0.813264 0.712515
vt 0.814423 0.712515
vt 0.811740 0.381985
vt 0.810580 0.381985
vt 0.810580 0.374974
vt 0.811740 0.374974
vt 0.815949 0.357933
vt 0.817108 0.357933
vt 0.817108 0.368995
vt 0.815949 0.368995
vt 0.810580 0.363134
vt 0.811740 0.363134
vt 0.815950 0.451001
vt 0.817109 0.451001
vt 0.817109 0.468063
vt 0.815950 0.468063
vt 0.811739 0.388662
vt 0.810580 0.388662
vt 0.815949 0.436818
vt 0.817109 0.436818
vt 0.812509 0.612075
vt 0.811350 0.612075
vt 0.811739 0.401264
vt 0.810580 0.401264
vt 0.810580 0.394867
vt 0.811739 0.394868
vt 0.815949 0.421424
vt 0.817108 0.421424
vt 0.812509 0.617389
vt 0.811350 0.617389
vt 0.811739 0.413384
vt 0.810580 0.413384
vt 0.815949 0.406542
vt 0.817108 0.406542
vt 0.811350 0.624327
vt 0.812509 0.624327
vt 0.812509 0.632308
vt 0.811350 0.632308
vt 0.815949 0.393871
vt 0.817108 0.393871
vt 0.810580 0.359212
vt 0.811739 0.359212
vt 0.815950 0.486657
vt 0.817110 0.486657
vt 0.813264 0.710164
vt 0.814423 0.710164
vt 0.815952 0.294655
vt 0.817111 0.294655
vt 0.813264 0.708775
vt 0.814423 0.708775
vt 0.811739 0.426258
vt 0.810580 0.426258
vt 0.810580 0.423932
vt 0.811739 0.423932
vt 0.815948 0.379384
vt 0.817108 0.379384
vt 0.817108 0.386218
vt 0.815949 0.386218
vt 0.813264 0.741469
vt 0.814423 0.741469
vt 0.814423 0.747910
vt 0.813264 0.747910
vt 0.810580 0.421606
vt 0.811739 0.421606
vt 0.815951 0.532360
vt 0.817111 0.532360
vt 0.817111 0.539448
vt 0.815951 0.539448
vt 0.813264 0.734562
vt 0.814423 0.734562
vt 0.811350 0.651943
vt 0.812509 0.651943
vt 0.811350 0.647286
vt 0.812509 0.647286
vt 0.813264 0.753765
vt 0.814423 0.753765
vt 0.811350 0.640393
vt 0.812509 0.640393
vt 0.811740 0.506159
vt 0.810580 0.506159
vt 0.789884 0.035995
vt 0.791349 0.036772
vt 0.788300 0.043989
vt 0.786328 0.043313
vt 0.784597 0.049874
vt 0.786518 0.050711
vt 0.785749 0.058688
vt 0.783900 0.057730
vt 0.792322 0.031909
vt 0.793767 0.032873
vt 0.784679 0.127388
vt 0.786638 0.126552
vt 0.788472 0.133383
vt 0.786458 0.134077
vt 0.789137 0.035590
vt 0.791613 0.031430
vt 0.835051 0.002614
vt 0.835858 0.004210
vt 0.810238 0.017903
vt 0.808568 0.016746
vt 0.802085 0.020914
vt 0.803683 0.022206
vt 0.798645 0.026840
vt 0.797147 0.025420
vt 0.792637 0.145618
vt 0.793988 0.144689
vt 0.798815 0.150532
vt 0.797359 0.151923
vt 0.783898 0.119437
vt 0.785776 0.118467
vt 0.783705 0.088525
vt 0.785538 0.088520
vt 0.791657 0.140735
vt 0.790114 0.141580
vt 0.802229 0.156333
vt 0.803796 0.155042
vt 0.810298 0.159302
vt 0.808657 0.160480
vt 0.796517 0.024842
vt 0.801588 0.020259
vt 0.796748 0.152473
vt 0.791967 0.146084
vt 0.783841 0.127534
vt 0.783062 0.119479
vt 0.789332 0.142011
vt 0.782848 0.088525
vt 0.783038 0.057686
vt 0.808159 0.016048
vt 0.785628 0.134379
vt 0.808236 0.161198
vt 0.801722 0.156983
vt 0.783758 0.049720
vt 0.785533 0.043012
vt 0.792371 0.140373
vt 0.794637 0.144239
vt 0.835094 0.174244
vt 0.834703 0.174996
vt 0.575884 0.596745
vt 0.578899 0.597363
vt 0.579992 0.604054
vt 0.576979 0.602851
vt 0.575650 0.582954
vt 0.578620 0.583179
vt 0.578321 0.586589
vt 0.575464 0.586431
vt 0.577181 0.665356
vt 0.580158 0.664622
vt 0.579781 0.669799
vt 0.576929 0.670064
vt 0.577738 0.678922
vt 0.577164 0.679012
vt 0.576738 0.675611
vt 0.577277 0.675560
vt 0.588734 0.539593
vt 0.591425 0.540524
vt 0.583100 0.565925
vt 0.579876 0.566501
vt 0.577642 0.572495
vt 0.580806 0.572391
vt 0.579345 0.577565
vt 0.576381 0.577243
vt 0.580510 0.678537
vt 0.581549 0.683917
vt 0.578728 0.684388
vt 0.577964 0.659215
vt 0.580929 0.657936
vt 0.579555 0.631150
vt 0.582428 0.631097
vt 0.580149 0.675225
vt 0.580166 0.688879
vt 0.583201 0.688821
vt 0.585609 0.694975
vt 0.582485 0.694546
vt 0.575389 0.592029
vt 0.578283 0.592135
vt 0.789067 0.044256
vt 0.787299 0.050854
vt 0.794395 0.033313
vt 0.792082 0.037147
vt 0.799384 0.149992
vt 0.804266 0.154437
vt 0.786520 0.058730
vt 0.787440 0.126405
vt 0.789248 0.133114
vt 0.835881 0.172657
vt 0.810677 0.158659
vt 0.836221 0.172006
vt 0.804168 0.022831
vt 0.799222 0.027385
vt 0.786576 0.118420
vt 0.786316 0.088519
vt 0.810636 0.018573
vt 0.576363 0.602933
vt 0.575338 0.596827
vt 0.574887 0.586415
vt 0.575077 0.582905
vt 0.576392 0.670071
vt 0.576621 0.665311
vt 0.586809 0.674442
vt 0.587251 0.677713
vt 0.579258 0.566285
vt 0.588064 0.539373
vt 0.575829 0.577139
vt 0.577083 0.572323
vt 0.578198 0.684525
vt 0.577331 0.659157
vt 0.578862 0.631162
vt 0.581923 0.694763
vt 0.579653 0.689070
vt 0.574839 0.592059
vt 0.586176 0.577754
vt 0.585543 0.583677
vt 0.586313 0.668660
vt 0.589477 0.688764
vt 0.591372 0.695226
vt 0.584981 0.592977
vt 0.585234 0.598683
vt 0.585215 0.587055
vt 0.588132 0.683408
vt 0.585760 0.605678
vt 0.586328 0.663069
vt 0.643424 0.668961
vt 0.643708 0.671876
vt 0.594477 0.719221
vt 0.599181 0.717628
vt 0.587323 0.572165
vt 0.586584 0.656166
vt 0.587780 0.631018
vt 0.589053 0.565443
vt 0.642795 0.601697
vt 0.642401 0.608008
vt 0.643809 0.588691
vt 0.643555 0.591695
vt 0.642605 0.659199
vt 0.642990 0.664072
vt 0.645481 0.687693
vt 0.648419 0.709805
vt 0.644800 0.578653
vt 0.644284 0.583657
vt 0.644211 0.676807
vt 0.642157 0.652897
vt 0.641416 0.630351
vt 0.645513 0.572191
vt 0.644745 0.681564
vt 0.643142 0.596780
vt 0.669308 0.648424
vt 0.672242 0.652482
vt 0.673576 0.658759
vt 0.674019 0.683521
vt 0.673671 0.708282
vt 0.672242 0.714560
vt 0.669308 0.718618
vt 0.664598 0.720599
vt 0.661628 0.720599
vt 0.656918 0.718618
vt 0.653984 0.714560
vt 0.652555 0.708282
vt 0.652207 0.683521
vt 0.652650 0.658759
vt 0.653984 0.652482
vt 0.656918 0.648424
vt 0.661628 0.646443
vt 0.664598 0.646443
vt 0.596335 0.542056
vt 0.648419 0.548425
vt 0.591907 0.720182
vt 0.591293 0.720407
vt 0.836221 0.004888
vt 0.834667 0.001894
vt 0.771724 0.794580
vt 0.771736 0.789248
vt 0.773220 0.789028
vt 0.773220 0.794754
vt 0.682461 0.784053
vt 0.685431 0.778909
vt 0.687227 0.780310
vt 0.684554 0.784939
vt 0.724320 0.801771
vt 0.721350 0.806915
vt 0.719554 0.805514
vt 0.722227 0.800885
vt 0.689695 0.774775
vt 0.694839 0.771805
vt 0.695694 0.773916
vt 0.691065 0.776589
vt 0.680836 0.795704
vt 0.680836 0.789765
vt 0.683091 0.790080
vt 0.683091 0.795425
vt 0.700598 0.770357
vt 0.706538 0.770357
vt 0.706223 0.772613
vt 0.700878 0.772613
vt 0.721528 0.779216
vt 0.724497 0.784360
vt 0.722387 0.785215
vt 0.719714 0.780586
vt 0.717086 0.811049
vt 0.711943 0.814018
vt 0.711088 0.811908
vt 0.715717 0.809235
vt 0.694531 0.813841
vt 0.689388 0.810872
vt 0.690788 0.809076
vt 0.695417 0.811748
vt 0.725945 0.790120
vt 0.725945 0.796059
vt 0.723690 0.795744
vt 0.723690 0.790399
vt 0.712250 0.771983
vt 0.717393 0.774952
vt 0.715993 0.776748
vt 0.711364 0.774076
vt 0.685254 0.806608
vt 0.682284 0.801464
vt 0.684395 0.800609
vt 0.687067 0.805238
vt 0.706183 0.815467
vt 0.700244 0.815467
vt 0.700558 0.813211
vt 0.705904 0.813211
vt 0.832823 0.528763
vt 0.832823 0.522824
vt 0.835959 0.522824
vt 0.835959 0.528763
vt 0.832823 0.600033
vt 0.832823 0.594094
vt 0.835959 0.594094
vt 0.835959 0.600033
vt 0.832823 0.540642
vt 0.832823 0.534703
vt 0.835959 0.534703
vt 0.835959 0.540642
vt 0.832823 0.516885
vt 0.832823 0.510946
vt 0.835959 0.510946
vt 0.835959 0.516885
vt 0.832823 0.552520
vt 0.832823 0.546581
vt 0.835959 0.546581
vt 0.835959 0.552520
vt 0.832823 0.576277
vt 0.832823 0.570338
vt 0.835959 0.570338
vt 0.835959 0.576277
vt 0.832823 0.611912
vt 0.832823 0.605973
vt 0.835959 0.605973
vt 0.835959 0.611912
vt 0.832823 0.635668
vt 0.832823 0.629729
vt 0.835959 0.629729
vt 0.835959 0.635668
vt 0.832823 0.588155
vt 0.832823 0.582216
vt 0.835959 0.582216
vt 0.835959 0.588155
vt 0.832823 0.564398
vt 0.832823 0.558459
vt 0.835959 0.558459
vt 0.835959 0.564398
vt 0.832823 0.647547
vt 0.832823 0.641608
vt 0.835959 0.641608
vt 0.835959 0.647547
vt 0.735174 0.779847
vt 0.736665 0.780967
vt 0.734258 0.785168
vt 0.732495 0.784459
vt 0.767776 0.804369
vt 0.766290 0.803251
vt 0.768686 0.799044
vt 0.770450 0.799756
vt 0.743491 0.773331
vt 0.744219 0.775047
vt 0.740031 0.777480
vt 0.738859 0.775984
vt 0.731231 0.789644
vt 0.733081 0.789869
vt 0.733102 0.794708
vt 0.731220 0.794976
vt 0.753953 0.771859
vt 0.753726 0.773709
vt 0.748886 0.773726
vt 0.748620 0.771842
vt 0.770253 0.784128
vt 0.768538 0.784855
vt 0.766109 0.780667
vt 0.767605 0.779497
vt 0.759464 0.810874
vt 0.758736 0.809162
vt 0.762912 0.806716
vt 0.764084 0.808215
vt 0.739222 0.808409
vt 0.740341 0.806922
vt 0.744545 0.809315
vt 0.743834 0.811080
vt 0.769877 0.794355
vt 0.769853 0.789513
vt 0.763747 0.775811
vt 0.762626 0.777300
vt 0.758427 0.774890
vt 0.759138 0.773127
vt 0.732714 0.800098
vt 0.734427 0.799369
vt 0.736868 0.803545
vt 0.735371 0.804718
vt 0.771845 0.800307
vt 0.768985 0.805267
vt 0.749014 0.812353
vt 0.754343 0.812359
vt 0.754564 0.813843
vt 0.748841 0.813849
vt 0.748400 0.770357
vt 0.754127 0.770362
vt 0.743284 0.812475
vt 0.738325 0.809619
vt 0.731098 0.783909
vt 0.733963 0.778949
vt 0.734197 0.805652
vt 0.731331 0.800697
vt 0.729736 0.795197
vt 0.729734 0.789472
vt 0.765017 0.809389
vt 0.760063 0.812256
vt 0.759689 0.771731
vt 0.764646 0.774601
vt 0.737924 0.774809
vt 0.742893 0.771945
vt 0.768781 0.778564
vt 0.771636 0.783532
vt 0.749239 0.810506
vt 0.754077 0.810475
vt 0.785831 0.267317
vt 0.828387 0.266413
vt 0.828491 0.270931
vt 0.785965 0.271972
vt 0.782977 0.220800
vt 0.785646 0.220831
vt 0.785634 0.225474
vt 0.782898 0.225451
vt 0.783155 0.267370
vt 0.783220 0.272036
vt 0.783737 0.286121
vt 0.786440 0.285935
vt 0.786813 0.290490
vt 0.784143 0.290866
vt 0.783005 0.258046
vt 0.785679 0.258011
vt 0.785781 0.262662
vt 0.783040 0.262707
vt 0.782877 0.239414
vt 0.785549 0.239412
vt 0.785593 0.244059
vt 0.782855 0.244070
vt 0.783113 0.211501
vt 0.785780 0.211548
vt 0.785739 0.216188
vt 0.783005 0.216149
vt 0.783561 0.192899
vt 0.786236 0.192989
vt 0.786126 0.197629
vt 0.783391 0.197554
vt 0.782899 0.230105
vt 0.785569 0.230119
vt 0.785585 0.234764
vt 0.782848 0.234758
vt 0.782913 0.248728
vt 0.785585 0.248709
vt 0.785658 0.253359
vt 0.782919 0.253386
vt 0.783968 0.183520
vt 0.786664 0.183717
vt 0.786445 0.188349
vt 0.783699 0.188226
vt 0.783305 0.202204
vt 0.785973 0.202269
vt 0.785902 0.206908
vt 0.783169 0.206851
vt 0.828220 0.257369
vt 0.828296 0.261886
vt 0.828053 0.239292
vt 0.828074 0.243806
vt 0.828218 0.212209
vt 0.828156 0.216716
vt 0.828604 0.194180
vt 0.828487 0.198681
vt 0.828053 0.230260
vt 0.828046 0.234771
vt 0.828109 0.248328
vt 0.828157 0.252844
vt 0.828879 0.185177
vt 0.828735 0.189673
vt 0.828384 0.203192
vt 0.828294 0.207696
vt 0.786054 0.276631
vt 0.828609 0.275459
vt 0.828740 0.279979
vt 0.786242 0.281287
vt 0.828108 0.221232
vt 0.828073 0.225741
vt 0.783369 0.276710
vt 0.783487 0.281399
vt 0.832823 0.623790
vt 0.832823 0.617851
vt 0.835959 0.617851
vt 0.835959 0.623790
vt 0.828883 0.284505
vt 0.829034 0.289093
vt 0.787052 0.179169
vt 0.829034 0.180676
vt 0.784388 0.178784
vt 0.832823 0.653486
vt 0.835959 0.653486
vt 0.659614 0.749135
vt 0.642180 0.751293
vt 0.642180 0.746703
vt 0.652766 0.765312
vt 0.648790 0.763017
vt 0.645595 0.759721
vt 0.643300 0.755745
vt 0.649028 0.735116
vt 0.653004 0.732821
vt 0.673633 0.738549
vt 0.675928 0.742525
vt 0.657456 0.731702
vt 0.662046 0.731702
vt 0.666462 0.732958
vt 0.670437 0.735254
vt 0.675791 0.755983
vt 0.673496 0.759959
vt 0.643437 0.742287
vt 0.645732 0.738312
vt 0.661772 0.766569
vt 0.657181 0.766569
vt 0.677048 0.746977
vt 0.677048 0.751568
vt 0.670200 0.763154
vt 0.666224 0.765450
s 1
usemtl M_IPSE_02
f 27/1/1 18/2/1 17/3/1 28/4/1
f 28/4/1 17/3/1 16/5/1 15/6/1
f 14/7/1 13/8/1 50/9/1 33/10/1
f 2/11/1 224/12/1 43/13/1 36/14/1
f 250/15/1 40/16/1 48/17/1
f 13/8/1 51/18/1 39/19/1
f 224/12/1 44/20/1 31/21/1
f 14/7/1 33/10/1 49/22/1
f 12/23/1 11/24/1 52/25/1 42/26/1
f 30/27/1 45/28/1 35/29/1
f 13/8/1 39/19/1 50/9/1
f 10/30/1 9/31/1 53/32/1 34/33/1
f 224/12/1 31/21/1 43/13/1
f 13/8/1 12/23/1 42/26/1 51/18/1
f 2/11/1 54/34/1 41/35/1
f 224/12/1 30/27/1 35/29/1 44/20/1
f 11/24/1 10/30/1 34/33/1 52/25/1
f 30/27/1 38/36/1 45/28/1
f 250/15/1 48/17/1 37/37/1
f 9/31/1 2/11/1 41/35/1 53/32/1
f 250/15/1 14/7/1 49/22/1 40/16/1
f 2/11/1 36/14/1 54/34/1
f 47/38/2 71/39/2 56/40/3 32/41/3
f 58/42/4 82/43/5 100/44/6 76/45/7
f 61/46/8 71/39/2 47/38/2 37/47/8
f 77/48/9 101/49/10 82/43/5 58/42/4
f 72/50/11 61/46/8 37/47/8 48/51/11
f 66/52/12 90/53/13 99/54/14 75/55/15
f 64/56/16 72/50/11 48/51/11 40/57/16
f 76/45/7 100/44/6 90/53/13 66/52/12
f 73/58/17 64/56/16 40/57/16 49/59/17
f 63/60/18 87/61/19 98/62/20 74/63/21
f 57/64/22 73/58/17 49/59/17 33/65/22
f 75/55/15 99/54/14 87/61/19 63/60/18
f 74/63/23 57/64/22 33/65/22 50/66/23
f 57/64/24 81/67/25 97/68/26 73/58/27
f 63/60/28 74/63/23 50/66/23 39/69/28
f 74/63/21 98/62/20 81/67/25 57/64/24
f 75/55/29 63/60/28 39/69/28 51/70/29
f 64/56/30 88/71/31 96/72/32 72/50/33
f 73/58/27 97/68/26 88/71/31 64/56/30
f 66/52/34 75/55/29 51/70/29 42/73/34
f 61/46/35 85/74/36 95/75/37 71/39/38
f 72/50/33 96/72/32 85/74/36 61/46/35
f 76/45/39 66/52/34 42/73/34 52/76/39
f 56/40/40 80/77/41 94/78/42 70/79/43
f 78/80/44 102/81/45 89/82/46 65/83/47
f 58/42/48 76/45/39 52/76/39 34/84/48
f 65/83/47 89/82/46 101/49/10 77/48/9
f 77/48/49 58/42/48 34/84/48 53/85/49
f 65/83/50 77/48/49 53/85/49 41/86/50
f 60/87/51 84/88/52 102/81/45 78/80/44
f 78/80/53 65/83/50 41/86/50 54/89/53
f 60/87/54 78/80/53 54/89/53 36/90/54
f 67/91/55 91/92/56 84/88/52 60/87/51
f 67/91/57 60/87/54 36/90/54 43/93/57
f 55/94/58 67/91/57 43/93/57 31/95/58
f 68/96/59 92/97/60 79/98/61 55/94/62
f 68/96/63 55/94/58 31/95/58 44/99/63
f 55/94/62 79/98/61 91/92/56 67/91/55
f 59/100/64 68/96/63 44/99/63 35/101/64
f 69/102/65 93/103/66 83/104/67 59/100/68
f 69/102/69 59/100/64 35/101/64 45/105/69
f 59/100/68 83/104/67 92/97/60 68/96/59
f 62/106/70 69/102/69 45/105/69 38/107/70
f 70/79/43 94/78/42 86/108/71 62/106/72
f 70/79/73 62/106/70 38/107/70 46/109/73
f 62/106/72 86/108/71 93/103/66 69/102/65
f 56/40/3 70/79/73 46/109/73 32/41/3
f 71/39/38 95/75/37 80/77/41 56/40/40
f 85/74/36 109/110/74 119/111/75 95/75/37
f 98/62/20 122/112/76 105/113/77 81/67/25
f 91/92/56 115/114/78 108/115/79 84/88/52
f 88/71/31 112/116/80 120/117/81 96/72/32
f 99/54/14 123/118/82 111/119/83 87/61/19
f 92/97/60 116/120/84 103/121/85 79/98/61
f 81/67/25 105/113/77 121/122/86 97/68/26
f 100/44/6 124/123/87 114/124/88 90/53/13
f 93/103/66 117/125/89 107/126/90 83/104/67
f 87/61/19 111/119/83 122/112/76 98/62/20
f 101/49/10 125/127/91 106/128/92 82/43/5
f 79/98/61 103/121/85 115/114/78 91/92/56
f 94/78/42 118/129/93 110/130/94 86/108/71
f 90/53/13 114/124/88 123/118/82 99/54/14
f 102/81/45 126/131/95 113/132/96 89/82/46
f 83/104/67 107/126/90 116/120/84 92/97/60
f 95/75/37 119/111/75 104/133/97 80/77/41
f 82/43/5 106/128/92 124/123/87 100/44/6
f 86/108/71 110/130/94 117/125/89 93/103/66
f 96/72/32 120/117/81 109/110/74 85/74/36
f 89/82/46 113/132/96 125/127/91 101/49/10
f 80/77/41 104/133/97 118/129/93 94/78/42
f 97/68/26 121/122/86 112/116/80 88/71/31
f 84/88/52 108/115/79 126/131/95 102/81/45
f 105/113/77 129/134/98 145/135/99 121/122/86
f 124/123/87 148/136/100 138/137/101 114/124/88
f 117/125/89 141/138/102 131/139/103 107/126/90
f 111/119/83 135/140/104 146/141/105 122/112/76
f 125/127/91 149/142/106 130/143/107 106/128/92
f 103/121/85 127/144/108 139/145/109 115/114/78
f 118/129/93 142/146/110 134/147/111 110/130/94
f 114/124/88 138/137/101 147/148/112 123/118/82
f 126/131/95 150/149/113 137/150/114 113/132/96
f 107/126/90 131/139/103 140/151/115 116/120/84
f 119/111/75 143/152/116 128/153/117 104/133/97
f 106/128/92 130/143/107 148/136/100 124/123/87
f 110/130/94 134/147/111 141/138/102 117/125/89
f 120/117/81 144/154/118 133/155/119 109/110/74
f 113/132/96 137/150/114 149/142/106 125/127/91
f 104/133/97 128/153/117 142/146/110 118/129/93
f 121/122/86 145/135/99 136/156/120 112/116/80
f 108/115/79 132/157/121 150/149/113 126/131/95
f 109/110/74 133/155/119 143/152/116 119/111/75
f 122/112/76 146/141/105 129/134/98 105/113/77
f 115/114/78 139/145/109 132/157/121 108/115/79
f 112/116/80 136/156/120 144/154/118 120/117/81
f 123/118/82 147/148/112 135/140/104 111/119/83
f 116/120/84 140/151/115 127/144/108 103/121/85
f 137/150/122 161/158/122 173/159/123 149/142/124
f 128/153/125 152/160/125 166/161/126 142/146/126
f 145/135/127 169/162/127 160/163/128 136/156/128
f 132/157/129 156/164/129 174/165/130 150/149/130
f 133/155/131 157/166/132 167/167/133 143/152/133
f 146/141/134 170/168/134 153/169/135 129/134/135
f 139/145/136 163/170/136 156/164/129 132/157/129
f 136/156/128 160/163/128 168/171/137 144/154/137
f 147/148/138 171/172/139 159/173/140 135/140/141
f 140/151/142 164/174/142 151/175/143 127/144/143
f 129/134/135 153/169/135 169/162/127 145/135/127
f 148/136/144 172/176/144 162/177/145 138/137/145
f 141/138/146 165/178/147 155/179/148 131/139/148
f 135/140/141 159/173/140 170/168/134 146/141/134
f 149/142/124 173/159/123 154/180/149 130/143/149
f 127/144/143 151/175/143 163/170/136 139/145/136
f 142/146/126 166/161/126 158/181/150 134/147/150
f 138/137/145 162/177/145 171/172/139 147/148/138
f 150/149/130 174/165/130 161/158/122 137/150/122
f 131/139/148 155/179/148 164/174/142 140/151/142
f 143/152/133 167/167/133 152/160/125 128/153/125
f 130/143/149 154/180/149 172/176/144 148/136/144
f 134/147/150 158/181/150 165/178/147 141/138/146
f 144/154/137 168/171/137 157/166/132 133/155/131
f 172/182/151 196/183/152 186/184/153 162/185/154
f 165/186/155 189/187/156 179/188/157 155/189/158
f 159/190/159 183/191/160 194/192/161 170/193/162
f 173/194/163 197/195/164 178/196/165 154/197/166
f 151/198/167 175/199/168 187/200/169 163/201/170
f 166/202/171 190/203/172 182/204/173 158/205/174
f 162/185/154 186/184/153 195/206/175 171/207/176
f 174/208/177 198/209/178 185/210/179 161/211/180
f 155/189/158 179/188/157 188/212/181 164/213/182
f 167/214/183 191/215/184 176/216/185 152/217/186
f 154/197/166 178/196/165 196/183/152 172/182/151
f 158/205/174 182/204/173 189/187/156 165/186/155
f 168/218/187 192/219/188 181/220/189 157/221/190
f 161/211/180 185/210/179 197/195/164 173/194/163
f 152/217/186 176/216/185 190/203/172 166/202/171
f 169/222/191 193/223/192 184/224/193 160/225/194
f 156/226/195 180/227/196 198/209/178 174/208/177
f 157/221/190 181/220/189 191/215/184 167/214/183
f 170/193/162 194/192/161 177/228/197 153/229/198
f 163/201/170 187/200/169 180/227/196 156/226/195
f 160/225/194 184/224/193 192/219/188 168/218/187
f 171/207/176 195/206/175 183/191/160 159/190/159
f 164/213/182 188/212/181 175/199/168 151/198/167
f 153/229/198 177/228/197 193/223/192 169/222/191
f 185/210/179 209/230/199 221/231/200 197/195/164
f 176/216/185 200/232/201 214/233/202 190/203/172
f 193/223/192 217/234/203 208/235/204 184/224/193
f 180/227/196 204/236/205 222/237/206 198/209/178
f 181/220/189 205/238/207 215/239/208 191/215/184
f 194/192/161 218/240/209 201/241/210 177/228/197
f 187/200/169 211/242/211 204/236/205 180/227/196
f 184/224/193 208/235/204 216/243/212 192/219/188
f 195/206/175 219/244/213 207/245/214 183/191/160
f 188/212/181 212/246/215 199/247/216 175/199/168
f 177/228/197 201/241/210 217/234/203 193/223/192
f 196/183/152 220/248/217 210/249/218 186/184/153
f 189/187/156 213/250/219 203/251/220 179/188/157
f 183/191/160 207/245/214 218/240/209 194/192/161
f 197/195/164 221/231/200 202/252/221 178/196/165
f 175/199/168 199/247/216 211/242/211 187/200/169
f 190/203/172 214/233/202 206/253/222 182/204/173
f 186/184/153 210/249/218 219/244/213 195/206/175
f 198/209/178 222/237/206 209/230/199 185/210/179
f 179/188/157 203/251/220 212/246/215 188/212/181
f 191/215/184 215/239/208 200/232/201 176/216/185
f 178/196/165 202/252/221 220/248/217 196/183/152
f 182/204/173 206/253/222 213/250/219 189/187/156
f 192/219/188 216/243/212 205/238/207 181/220/189
f 222/237/206 204/236/205 29/254/223
f 208/235/204 217/234/203 29/254/223
f 214/233/202 200/232/201 29/254/223
f 221/231/200 209/230/199 29/254/223
f 205/238/207 216/243/212 29/254/223
f 213/250/219 206/253/222 29/254/223
f 220/248/217 202/252/221 29/254/223
f 200/232/201 215/239/208 29/254/223
f 212/246/215 203/251/220 29/254/223
f 209/230/199 222/237/206 29/254/223
f 204/236/205 211/242/211 29/254/223
f 219/244/213 210/249/218 29/254/223
f 206/253/222 214/233/202 29/254/223
f 211/242/211 199/247/216 29/254/223
f 202/252/221 221/231/200 29/254/223
f 218/240/209 207/245/214 29/254/223
f 203/251/220 213/250/219 29/254/223
f 210/249/218 220/248/217 29/254/223
f 217/234/203 201/241/210 29/254/223
f 199/247/216 212/246/215 29/254/223
f 207/245/214 219/244/213 29/254/223
f 216/243/212 208/235/204 29/254/223
f 215/239/208 205/238/207 29/254/223
f 201/241/210 218/240/209 29/254/223
f 241/255/224 242/256/225 249/257/1
f 237/258/226 238/259/227 225/260/227 226/261/228
f 239/262/229 237/258/226 226/261/228 227/263/229
f 240/264/230 239/262/229 227/263/229 228/265/230
f 241/266/231 240/264/230 228/265/230 229/267/231
f 242/268/232 241/266/231 229/267/231 230/269/233
f 243/270/234 242/268/232 230/269/233 231/271/234
f 244/272/235 243/270/234 231/271/234 232/273/236
f 245/274/237 244/272/235 232/273/236 233/275/238
f 246/276/239 245/274/237 233/275/238 234/277/239
f 247/278/240 246/276/239 234/277/239 235/279/241
f 248/280/242 247/278/240 235/279/241 236/281/243
f 238/259/227 248/280/242 236/281/243 225/260/227
f 248/282/244 238/283/245 249/257/1
f 237/284/246 239/285/247 249/257/1
f 245/286/248 246/287/249 249/257/1
f 242/256/225 243/288/250 249/257/1
f 239/285/247 240/289/251 249/257/1
f 246/287/249 247/290/252 249/257/1
f 243/288/250 244/291/253 249/257/1
f 240/289/251 241/255/224 249/257/1
f 247/290/252 248/282/244 249/257/1
f 238/283/245 237/284/246 249/257/1
f 244/291/253 245/286/248 249/257/1
f 32/292/1 46/293/1 232/294/1 231/295/1
f 47/296/1 32/292/1 231/295/1 230/297/1
f 228/298/1 250/15/1 229/299/1
f 46/293/1 38/36/1 233/300/1 232/294/1
f 37/37/1 47/296/1 230/297/1 229/299/1
f 30/27/1 233/300/1 38/36/1
f 229/299/1 250/15/1 37/37/1
f 227/301/1 250/15/1 228/298/1
f 280/302/1 225/303/1 262/304/1
f 226/305/1 225/303/1 280/302/1
f 225/303/1 236/306/1 262/304/1
f 235/307/1 278/308/1 262/304/1 236/306/1
f 277/309/254 260/310/255 286/311/255 305/312/254
f 257/313/1 251/314/1 273/315/1
f 257/313/1 275/316/1 251/314/1
f 250/15/1 254/317/1 273/315/1 251/314/1
f 254/317/1 250/15/1 285/318/1
f 267/319/1 285/318/1 250/15/1
f 274/320/1 267/319/1 250/15/1
f 255/321/1 274/320/1 250/15/1
f 250/15/1 227/301/1 255/321/1
f 226/305/1 280/302/1 255/321/1 227/301/1
f 224/12/1 268/322/1 30/27/1
f 30/27/1 268/322/1 233/300/1
f 233/300/1 268/322/1 234/323/1
f 234/323/1 268/322/1 235/307/1
f 277/309/1 269/324/1 260/310/1
f 260/310/1 269/324/1 270/325/1
f 277/309/1 252/326/1 269/324/1
f 268/322/1 252/326/1 271/327/1
f 269/324/1 252/326/1 268/322/1
f 271/327/1 264/328/1 268/322/1
f 264/328/1 282/329/1 268/322/1
f 282/329/1 259/330/1 268/322/1
f 268/322/1 259/330/1 278/308/1
f 235/307/1 268/322/1 278/308/1
f 275/316/1 253/331/1 251/314/1
f 8/332/1 7/333/1 279/334/1
f 6/335/1 256/336/1 279/334/1 7/333/1
f 5/337/1 284/338/1 256/336/1 6/335/1
f 253/331/1 272/339/1 3/340/1
f 4/341/1 266/342/1 284/338/1 5/337/1
f 3/340/1 272/339/1 266/342/1 4/341/1
f 8/332/1 279/334/1 223/343/1
f 223/343/1 258/344/1 276/345/1
f 281/346/1 258/344/1 223/343/1
f 263/347/1 281/346/1 223/343/1
f 279/334/1 263/347/1 223/343/1
f 283/348/1 261/349/1 269/324/1
f 261/349/1 270/325/1 269/324/1
f 269/324/1 223/343/1 283/348/1
f 223/343/1 276/345/1 265/350/1
f 223/343/1 265/350/1 283/348/1
f 1/351/1 8/332/1 223/343/1
f 251/314/1 253/331/1 3/340/1
f 22/352/1 21/353/1 20/354/1 25/355/1 24/356/1 23/357/1
f 25/355/1 20/354/1 19/358/1 26/359/1
f 26/359/1 19/358/1 18/2/1 27/1/1
f 298/360/1 299/361/1 296/362/1
f 264/328/256 271/327/257 290/363/257 289/364/256
f 262/304/258 278/308/259 307/365/259 306/366/258
f 271/327/257 252/326/260 291/367/260 290/363/257
f 278/308/259 259/330/261 308/368/261 307/365/259
f 266/342/262 272/339/263 293/369/263 292/370/262
f 272/339/263 253/331/264 294/371/264 293/369/263
f 258/344/265 281/346/266 313/372/266 304/373/265
f 257/313/267 273/315/268 296/362/268 295/374/267
f 281/346/266 263/347/269 312/375/269 313/372/266
f 273/315/268 254/317/270 297/376/270 296/362/268
f 259/330/261 282/329/271 314/377/271 308/368/261
f 267/319/272 274/320/273 299/361/273 298/360/274
f 282/329/271 264/328/256 289/364/256 314/377/271
f 279/334/275 256/336/276 310/378/276 309/379/275
f 274/320/273 255/321/277 300/380/277 299/361/273
f 261/349/278 283/348/279 315/381/279 288/382/278
f 253/331/264 275/316/280 301/383/280 294/371/264
f 283/348/279 265/350/281 302/384/281 315/381/279
f 275/316/280 257/313/267 295/374/267 301/383/280
f 256/336/276 284/338/282 316/385/282 310/378/276
f 255/321/277 280/302/283 311/386/283 300/380/277
f 265/350/281 276/345/284 303/387/284 302/384/281
f 284/338/282 266/342/262 292/370/262 316/385/282
f 280/302/283 262/304/258 306/366/258 311/386/283
f 276/345/284 258/344/265 304/373/265 303/387/284
f 254/317/270 285/318/285 317/388/285 297/376/270
f 260/310/255 270/325/286 287/389/286 286/311/255
f 252/326/260 277/309/254 305/312/254 291/367/260
f 285/318/285 267/319/272 298/360/274 317/388/285
f 270/325/286 261/349/278 288/382/278 287/389/286
f 263/347/269 279/334/275 309/379/275 312/375/269
f 306/366/1 312/375/1 309/379/1 311/386/1
f 307/365/1 313/372/1 312/375/1 306/366/1
f 307/365/1 289/364/1 305/312/1
f 311/386/1 309/379/1 310/378/1 300/380/1
f 299/361/1 300/380/1 296/362/1
f 300/380/1 310/378/1 295/374/1
f 310/378/1 316/385/1 301/383/1
f 316/385/1 292/370/1 301/383/1
f 292/370/1 293/369/1 294/371/1
f 294/371/1 301/383/1 292/370/1
f 301/383/1 295/374/1 310/378/1
f 295/374/1 296/362/1 300/380/1
f 296/362/1 297/376/1 298/360/1
f 297/376/1 317/388/1 298/360/1
f 305/312/1 286/311/1 307/365/1
f 286/311/1 287/389/1 313/372/1
f 307/365/1 286/311/1 313/372/1
f 287/389/1 288/382/1 302/384/1
f 288/382/1 315/381/1 302/384/1
f 302/384/1 303/387/1 287/389/1
f 303/387/1 304/373/1 313/372/1
f 307/365/1 308/368/1 314/377/1
f 314/377/1 289/364/1 307/365/1
f 289/364/1 290/363/1 291/367/1
f 291/367/1 305/312/1 289/364/1
f 303/387/1 313/372/1 287/389/1
s 0
f 321/390/1 320/391/1 319/392/1 318/393/1
f 321/390/267 324/394/267 322/395/267 320/391/267
f 323/396/255 318/393/255 319/392/255 325/397/255
f 319/392/258 320/391/258 322/398/258 325/399/258
f 318/393/269 323/400/269 324/401/269 321/390/269
s 1
f 345/402/287 369/403/287 416/404/288 392/405/289
f 391/406/290 415/407/290 367/408/291 343/409/291
f 336/410/292 360/411/292 408/412/293 384/413/293
f 376/414/294 400/415/294 353/416/295 329/417/295
f 353/418/296 365/419/296 413/420/296 401/421/296
f 353/416/295 401/422/297 377/423/297 329/417/295
f 384/413/293 408/412/293 361/424/291 337/425/291
f 412/426/296 365/419/296 353/418/296 400/427/296
f 364/428/296 412/426/296 400/427/296 352/429/296
f 346/430/298 370/431/298 417/432/299 393/433/299
f 392/405/289 416/404/288 368/434/300 344/435/300
f 361/436/291 409/437/290 385/438/290 337/439/291
f 377/423/297 401/422/297 354/440/301 330/441/301
f 411/442/296 364/428/296 352/429/296 399/443/296
f 362/444/296 411/442/296 399/443/296 350/445/296
f 354/440/301 402/446/302 378/447/302 330/441/301
f 385/438/290 409/437/290 351/448/300 327/449/300
f 410/450/296 362/444/296 350/445/296 398/451/296
f 363/452/296 410/450/296 398/451/296 351/453/296
f 338/454/303 362/455/303 410/456/304 386/457/304
f 393/433/299 417/432/299 369/403/287 345/402/287
f 347/458/295 371/459/295 418/460/294 394/461/294
f 386/457/304 410/456/304 363/462/305 339/463/305
f 355/464/306 403/465/307 379/466/307 331/467/306
f 378/447/302 402/446/302 355/464/306 331/467/306
f 421/468/296 363/452/296 351/453/296 409/469/296
f 373/470/296 421/468/296 409/469/296 361/471/296
f 340/472/308 364/473/308 411/474/309 387/475/309
f 394/461/294 418/460/294 370/431/298 346/430/298
f 348/476/301 372/477/301 419/478/310 395/479/297
f 387/475/309 411/474/309 362/455/303 338/454/303
f 356/480/305 404/481/304 380/482/304 332/483/305
f 379/466/307 403/465/307 356/480/305 332/483/305
f 420/484/296 373/470/296 361/471/296 408/485/296
f 372/486/296 420/484/296 408/485/296 360/487/296
f 341/488/311 365/489/311 412/490/312 388/491/312
f 395/479/297 419/478/310 371/459/295 347/458/295
f 349/492/306 373/493/306 420/494/302 396/495/302
f 388/491/312 412/490/312 364/473/308 340/472/308
f 357/496/303 405/497/309 381/498/309 333/499/303
f 380/482/304 404/481/304 357/496/303 333/499/303
f 419/500/296 372/486/296 360/487/296 407/501/296
f 371/502/296 419/500/296 407/501/296 359/503/296
f 342/504/292 366/505/292 413/506/313 389/507/314
f 396/495/302 420/494/302 372/477/301 348/476/301
f 351/448/300 398/508/288 374/509/288 327/449/300
f 381/498/309 405/497/309 358/510/308 334/511/308
f 418/512/296 371/502/296 359/503/296 406/513/296
f 370/514/296 418/512/296 406/513/296 358/515/296
f 363/462/305 421/516/307 397/517/307 339/463/305
f 389/507/314 413/506/313 365/489/311 341/488/311
f 358/510/308 406/518/312 382/519/312 334/511/308
f 374/509/288 398/508/288 350/520/287 326/521/287
f 417/522/296 370/514/296 358/515/296 405/523/296
f 369/524/296 417/522/296 405/523/296 357/525/296
f 367/408/291 414/526/293 390/527/293 343/409/291
f 397/517/307 421/516/307 373/528/306 349/529/306
f 350/520/287 399/530/299 375/531/299 326/521/287
f 382/519/312 406/518/312 359/532/311 335/533/311
f 416/534/296 369/524/296 357/525/296 404/535/296
f 368/536/296 416/534/296 404/535/296 356/537/296
f 328/538/298 352/539/298 400/415/294 376/414/294
f 390/527/293 414/526/293 366/505/292 342/504/292
f 359/532/311 407/540/314 383/541/314 335/533/311
f 375/531/299 399/530/299 352/539/298 328/538/298
f 415/542/296 368/536/296 356/537/296 403/543/296
f 367/544/296 415/542/296 403/543/296 355/545/296
f 413/420/296 366/546/296 354/547/296 401/421/296
f 383/541/314 407/540/314 360/411/292 336/410/292
f 414/548/296 367/544/296 355/545/296 402/549/296
f 366/546/296 414/548/296 402/549/296 354/547/296
f 344/435/300 368/434/300 415/407/290 391/406/290
f 475/550/315 435/551/316 423/552/317 450/553/318
f 430/554/319 440/555/320 484/556/321 461/557/322
f 433/558/323 445/559/324 495/560/325 466/561/326
f 473/562/327 434/563/328 424/564/329 448/565/330
f 423/552/317 436/566/331 477/567/332 450/553/318
f 498/568/333 447/569/269 425/570/334 459/571/335
f 480/572/336 438/573/337 427/574/338 455/575/339
f 425/570/334 439/576/340 482/577/341 459/571/335
f 482/577/341 439/576/340 426/578/342 457/579/343
f 478/580/344 437/581/345 434/563/328 473/562/327
f 444/582/346 493/583/347 484/584/321 440/585/320
f 428/586/348 465/587/349 491/588/350 443/589/258
f 426/578/342 438/573/337 480/572/336 457/579/343
f 486/590/351 441/591/352 430/554/319 461/557/322
f 428/586/348 442/592/353 488/593/354 465/587/349
f 488/593/354 442/592/353 429/594/355 463/595/356
f 497/596/357 446/597/358 431/598/359 471/599/360
f 429/594/355 441/591/352 486/590/351 463/595/356
f 431/598/359 447/569/269 498/568/333 471/599/360
f 495/560/325 445/559/324 432/600/361 468/601/362
f 432/600/361 446/597/358 497/596/357 468/601/362
f 477/567/332 436/566/331 422/602/363 453/603/364
f 443/589/258 491/588/350 453/603/364 422/602/363
f 493/583/347 444/582/346 433/558/323 466/561/326
f 427/574/338 437/581/345 478/580/344 455/575/339
f 424/564/329 435/551/316 475/550/315 448/565/330
f 449/604/365 472/605/366 473/606/327 448/607/330
f 451/608/367 474/609/368 475/610/315 450/611/318
f 474/609/368 449/604/365 448/607/330 475/610/315
f 452/612/369 476/613/370 477/614/332 453/615/364
f 476/613/370 451/608/367 450/611/318 477/614/332
f 455/616/339 478/617/344 479/618/371 454/619/372
f 457/620/343 480/621/336 481/622/373 456/623/374
f 480/621/336 455/616/339 454/619/372 481/622/373
f 459/624/335 482/625/341 483/626/375 458/627/376
f 482/625/341 457/620/343 456/623/374 483/626/375
f 478/617/344 473/606/327 472/605/366 479/618/371
f 461/628/322 484/629/321 485/630/377 460/631/378
f 463/632/356 486/633/351 487/634/379 462/635/380
f 486/633/351 461/628/322 460/631/378 487/634/379
f 465/636/349 488/637/354 489/638/381 464/639/382
f 488/637/354 463/632/356 462/635/380 489/638/381
f 464/639/382 490/640/383 491/641/350 465/636/349
f 490/640/383 452/612/369 453/615/364 491/641/350
f 467/642/384 492/643/385 493/644/347 466/645/326
f 469/646/386 494/647/387 495/648/325 468/649/362
f 494/647/387 467/642/384 466/645/326 495/648/325
f 470/650/388 496/651/389 497/652/357 471/653/360
f 496/651/389 469/646/386 468/649/362 497/652/357
f 471/653/360 498/654/333 499/655/390 470/650/388
f 498/654/333 459/624/335 458/627/376 499/655/390
f 492/643/385 485/630/377 484/629/321 493/644/347
f 483/626/375 456/623/374 479/618/371
f 485/630/377 472/605/366 490/640/383
f 472/605/366 485/630/377 492/643/385 479/618/371
f 454/619/372 479/618/371 481/622/373
f 479/618/371 492/643/385 499/655/390
f 481/622/373 479/618/371 456/623/374
f 492/643/385 467/642/384 494/647/387
f 494/647/387 469/646/386 492/643/385
f 469/646/386 496/651/389 492/643/385
f 496/651/389 470/650/388 492/643/385
f 470/650/388 499/655/390 492/643/385
f 499/655/390 458/627/376 479/618/371
f 458/627/376 483/626/375 479/618/371
f 472/605/366 449/604/365 474/609/368
f 474/609/368 451/608/367 472/605/366
f 451/608/367 476/613/370 472/605/366
f 476/613/370 452/612/369 472/605/366
f 452/612/369 490/640/383 472/605/366
f 490/640/383 464/639/382 485/630/377
f 464/639/382 489/638/381 485/630/377
f 489/638/381 462/635/380 485/630/377
f 462/635/380 487/634/379 485/630/377
f 487/634/379 460/631/378 485/630/377
f 557/656/391 530/657/392 510/658/393 515/659/394
f 529/660/395 569/661/396 521/662/397 502/663/398
f 563/664/399 534/665/400 507/666/401 518/667/402
f 511/668/403 533/669/404 574/670/405 525/671/406
f 569/661/396 538/672/407 506/673/408 521/662/397
f 537/674/409 567/675/410 520/676/255 501/677/411
f 561/678/412 540/679/413 508/680/414 517/681/415
f 553/682/416 533/669/404 511/668/403 513/683/417
f 567/684/410 544/685/418 505/686/419 520/687/255
f 509/688/420 543/689/421 572/690/422 523/691/423
f 577/692/424 546/693/425 503/694/426 524/695/427
f 559/696/428 543/689/421 509/688/420 516/697/429
f 570/698/430 548/699/431 500/700/432 522/701/433
f 555/702/434 537/674/409 501/677/411 514/703/435
f 506/673/408 538/672/407 557/656/391 515/659/394
f 504/704/436 526/705/437 551/706/438 512/707/439
f 510/658/393 530/657/392 553/682/416 513/683/417
f 546/693/425 563/664/399 518/667/402 503/694/426
f 524/695/427 525/671/406 574/670/405 577/692/424
f 508/680/414 540/679/413 559/696/428 516/697/429
f 507/666/401 534/665/400 555/702/434 514/703/435
f 548/699/431 565/708/440 519/709/441 500/700/432
f 505/686/419 544/685/418 561/678/412 517/681/415
f 523/691/423 572/690/422 570/698/430 522/701/433
f 551/706/438 529/660/395 502/663/398 512/707/439
f 532/710/442 549/711/443 571/712/444 575/713/445
f 565/708/440 526/705/437 504/704/436 519/709/441
f 527/714/446 550/715/447 551/716/438 526/717/437
f 550/715/447 528/718/448 529/719/395 551/716/438
f 531/720/449 552/721/450 553/722/416 530/723/392
f 552/721/450 532/710/442 533/724/404 553/722/416
f 535/725/451 554/726/452 555/727/434 534/728/400
f 554/726/452 536/729/453 537/730/409 555/727/434
f 539/731/454 556/732/455 557/733/391 538/734/407
f 556/732/455 531/720/449 530/723/392 557/733/391
f 541/735/456 558/736/457 559/737/428 540/738/413
f 558/736/457 542/739/458 543/740/421 559/737/428
f 545/741/459 560/742/460 561/743/412 544/744/418
f 560/742/460 541/735/456 540/738/413 561/743/412
f 547/745/461 562/746/462 563/747/399 546/748/425
f 562/746/462 535/725/451 534/728/400 563/747/399
f 549/711/443 564/749/463 565/750/440 548/751/431
f 564/749/463 527/714/446 526/717/437 565/750/440
f 536/729/453 566/752/464 567/753/410 537/730/409
f 566/752/464 545/741/459 544/744/418 567/753/410
f 528/718/448 568/754/465 569/755/396 529/719/395
f 568/754/465 539/731/454 538/734/407 569/755/396
f 548/751/431 570/756/430 571/712/444 549/711/443
f 570/756/430 572/757/422 573/758/466 571/712/444
f 572/757/422 543/740/421 542/739/458 573/758/466
f 577/759/424 574/760/405 575/713/445 576/761/467
f 574/760/405 533/724/404 532/710/442 575/713/445
f 546/748/425 577/759/424 576/761/467 547/745/461
f 575/713/445 571/712/444 573/758/466 576/761/467
f 576/761/467 573/758/466 542/739/458 547/745/461
f 541/735/456 560/742/460 554/726/452 535/725/451
f 558/736/457 541/735/456 535/725/451 562/746/462
f 542/739/458 558/736/457 562/746/462 547/745/461
f 545/741/459 566/752/464 536/729/453 554/726/452
f 556/732/455 539/731/454 550/715/447
f 531/720/449 556/732/455 550/715/447 527/714/446
f 552/721/450 531/720/449 527/714/446 564/749/463
f 532/710/442 552/721/450 564/749/463 549/711/443
f 539/731/454 568/754/465 528/718/448 550/715/447
f 560/742/460 545/741/459 554/726/452
f 610/762/468 611/763/469 579/764/470 595/765/471
f 579/764/470 613/766/472 612/767/473 595/765/471
f 612/767/473 613/766/472 580/768/474 596/769/475
f 580/768/474 615/770/476 614/771/477 596/769/475
f 614/771/477 615/770/476 581/772/478 597/773/479
f 581/772/478 617/774/480 616/775/481 597/773/479
f 616/775/481 617/774/480 582/776/255 598/777/482
f 582/778/255 619/779/483 618/780/484 598/781/482
f 618/780/484 619/779/483 583/782/485 599/783/486
f 583/782/485 621/784/487 620/785/488 599/783/486
f 620/785/488 621/784/487 584/786/489 600/787/490
f 584/786/489 623/788/491 622/789/492 600/787/490
f 622/789/492 623/788/491 585/790/493 601/791/494
f 585/790/493 625/792/495 624/793/496 601/791/494
f 624/793/496 625/792/495 586/794/296 602/795/497
f 586/794/296 627/796/498 626/797/499 602/795/497
f 626/797/499 627/796/498 587/798/500 603/799/501
f 587/798/500 629/800/502 628/801/503 603/799/501
f 628/801/503 629/800/502 588/802/504 604/803/505
f 588/802/504 631/804/506 630/805/507 604/803/505
f 630/805/507 631/804/506 589/806/508 605/807/509
f 589/806/508 633/808/510 632/809/511 605/807/509
f 632/809/511 633/808/510 590/810/267 606/811/512
f 590/810/267 635/812/513 634/813/514 606/811/512
f 634/813/514 635/812/513 591/814/515 607/815/516
f 592/816/517 639/817/518 638/818/519 608/819/520
f 638/818/519 639/817/518 593/820/521 609/821/522
f 591/814/515 637/822/523 636/823/524 607/815/516
f 636/823/524 637/822/523 592/816/517 608/819/520
f 593/820/521 641/824/525 640/825/526 609/821/522
f 640/825/526 641/824/525 578/826/1 594/827/527
f 598/828/482 618/829/484 597/830/479 616/831/481
f 594/827/527 578/826/1 611/763/469 610/762/468
f 618/829/484 599/832/486 614/833/477 597/830/479
f 599/832/486 620/834/488 596/835/475 614/833/477
f 620/834/488 600/836/490 612/837/473 596/835/475
f 600/836/490 622/838/492 595/839/471 612/837/473
f 622/838/492 601/840/494 610/841/468 595/839/471
f 601/840/494 624/842/496 594/843/527 610/841/468
f 624/842/496 602/844/497 640/845/526 594/843/527
f 602/844/497 626/846/499 609/847/522 640/845/526
f 626/846/499 603/848/501 638/849/519 609/847/522
f 603/848/501 628/850/503 608/851/520 638/849/519
f 628/850/503 604/852/505 636/853/524 608/851/520
f 604/852/505 630/854/507 607/855/516 636/853/524
f 630/854/507 605/856/509 634/857/514 607/855/516
f 605/856/509 632/858/511 606/859/512 634/857/514
f 674/860/468 675/861/469 643/862/470 659/863/471
f 643/862/470 677/864/472 676/865/473 659/863/471
f 676/865/473 677/864/472 644/866/474 660/867/475
f 644/866/474 679/868/476 678/869/477 660/867/475
f 678/869/477 679/868/476 645/870/478 661/871/479
f 645/870/478 681/872/480 680/873/481 661/871/479
f 680/873/481 681/872/480 646/874/255 662/875/482
f 646/876/255 683/877/483 682/878/484 662/879/482
f 682/878/484 683/877/483 647/880/485 663/881/486
f 647/880/485 685/882/487 684/883/488 663/881/486
f 684/883/488 685/882/487 648/884/489 664/885/490
f 648/884/489 687/886/491 686/887/492 664/885/490
f 686/887/492 687/886/491 649/888/493 665/889/494
f 649/888/493 689/890/495 688/891/496 665/889/494
f 688/891/496 689/890/495 650/892/296 666/893/497
f 650/892/296 691/894/498 690/895/499 666/893/497
f 690/895/499 691/894/498 651/896/500 667/897/501
f 651/896/500 693/898/502 692/899/503 667/897/501
f 692/899/503 693/898/502 652/900/504 668/901/505
f 652/900/504 695/902/506 694/903/507 668/901/505
f 694/903/507 695/902/506 653/904/508 669/905/509
f 653/904/508 697/906/510 696/907/511 669/905/509
f 696/907/511 697/906/510 654/908/267 670/909/512
f 654/908/267 699/910/513 698/911/514 670/909/512
f 698/911/514 699/910/513 655/912/515 671/913/516
f 656/914/517 703/915/518 702/916/519 672/917/520
f 702/916/519 703/915/518 657/918/521 673/919/522
f 655/912/515 701/920/523 700/921/524 671/913/516
f 700/921/524 701/920/523 656/914/517 672/917/520
f 657/918/521 705/922/525 704/923/526 673/919/522
f 704/923/526 705/922/525 642/924/1 658/925/527
f 662/926/482 682/927/484 661/928/479 680/929/481
f 658/925/527 642/924/1 675/861/469 674/860/468
f 682/927/484 663/930/486 678/931/477 661/928/479
f 663/930/486 684/932/488 660/933/475 678/931/477
f 684/932/488 664/934/490 676/935/473 660/933/475
f 664/934/490 686/936/492 659/937/471 676/935/473
f 686/936/492 665/938/494 674/939/468 659/937/471
f 665/938/494 688/940/496 658/941/527 674/939/468
f 688/940/496 666/942/497 704/943/526 658/941/527
f 666/942/497 690/944/499 673/945/522 704/943/526
f 690/944/499 667/946/501 702/947/519 673/945/522
f 667/946/501 692/948/503 672/949/520 702/947/519
f 692/948/503 668/950/505 700/951/524 672/949/520
f 668/950/505 694/952/507 671/953/516 700/951/524
f 694/952/507 669/954/509 698/955/514 671/953/516
f 669/954/509 696/956/511 670/957/512 698/955/514
s 0
f 770/958/1 751/959/1 754/960/1
f 770/958/1 754/960/1 745/961/1
f 770/958/1 755/962/1 746/963/1
f 770/958/1 745/961/1 755/962/1
f 770/958/1 756/964/1 749/965/1
f 770/958/1 743/966/1 756/964/1
f 770/958/1 757/967/1 727/968/1
f 770/958/1 725/969/1 757/967/1
f 770/958/1 758/970/1 750/971/1
f 770/958/1 744/972/1 758/970/1
f 770/958/1 759/973/1 748/974/1
f 770/958/1 727/968/1 759/973/1
f 770/958/1 760/975/1 744/972/1
f 770/958/1 746/963/1 760/975/1
f 770/958/1 761/976/1 725/969/1
f 770/958/1 747/977/1 761/976/1
f 770/958/1 762/978/1 732/979/1
f 770/958/1 748/974/1 762/978/1
f 770/958/1 763/980/1 743/966/1
f 770/958/1 750/971/1 763/980/1
f 770/958/1 732/979/1 764/981/1
f 770/958/1 764/981/1 751/959/1
f 770/958/1 765/982/1 747/977/1
f 770/958/1 749/965/1 765/982/1
f 771/983/1 706/984/1 718/985/1
f 771/983/1 707/986/1 708/987/1
f 771/983/1 709/988/1 715/989/1
f 771/983/1 710/990/1 717/991/1
f 771/983/1 712/992/1 710/990/1
f 771/983/1 714/993/1 712/992/1
f 771/983/1 713/994/1 714/993/1
f 771/983/1 711/995/1 713/994/1
f 771/983/1 716/996/1 706/984/1
f 771/983/1 717/991/1 716/996/1
f 771/983/1 719/997/1 720/998/1
f 771/983/1 721/999/1 722/1000/1
f 771/983/1 720/998/1 711/995/1
f 771/983/1 715/989/1 719/997/1
f 771/983/1 722/1000/1 707/986/1
f 771/983/1 718/985/1 721/999/1
f 771/983/1 733/1001/1 723/1002/1
f 771/983/1 708/987/1 724/1003/1
f 771/983/1 730/1004/1 709/988/1
f 771/983/1 753/1005/1 728/1006/1
f 771/983/1 728/1006/1 726/1007/1
f 771/983/1 723/1002/1 731/1008/1
f 771/983/1 735/1009/1 734/1010/1
f 771/983/1 737/1011/1 736/1012/1
f 771/983/1 726/1007/1 735/1009/1
f 771/983/1 734/1010/1 730/1004/1
f 771/983/1 724/1003/1 737/1011/1
f 771/983/1 736/1012/1 733/1001/1
f 771/983/1 769/1013/1 741/1014/1
f 771/983/1 741/1014/1 752/1015/1
f 771/983/1 738/1016/1 769/1013/1
f 771/983/1 742/1017/1 740/1018/1
f 771/983/1 739/1019/1 742/1017/1
f 771/983/1 740/1018/1 738/1016/1
f 771/983/1 752/1015/1 729/1020/1
f 771/983/1 729/1020/1 753/1005/1
f 771/983/1 766/1021/1 768/1022/1
f 771/983/1 768/1022/1 767/1023/1
f 771/983/1 731/1008/1 766/1021/1
f 771/983/1 767/1023/1 739/1019/1
f 753/1024/528 819/1025/528 794/1026/528 728/1027/528
f 747/1028/529 813/1029/529 827/1030/529 761/1031/529
f 728/1027/530 794/1026/530 792/1032/530 726/1033/530
f 762/1034/531 828/1035/531 798/1036/531 732/1037/531
f 723/1038/532 789/1039/532 797/1040/532 731/1041/532
f 748/1042/533 814/1043/533 828/1035/533 762/1034/533
f 735/1044/534 801/1045/534 800/1046/534 734/1047/534
f 763/1048/535 829/1049/535 809/1050/535 743/1051/535
f 737/1052/536 803/1053/536 802/1054/536 736/1055/536
f 750/1056/537 816/1057/537 829/1049/537 763/1048/537
f 726/1033/538 792/1032/538 801/1045/538 735/1044/538
f 732/1058/539 798/1059/539 830/1060/539 764/1061/539
f 734/1047/540 800/1046/540 796/1062/540 730/1063/540
f 764/1061/541 830/1060/541 817/1064/541 751/1065/541
f 724/1066/542 790/1067/542 803/1053/542 737/1052/542
f 706/1068/543 772/1069/543 784/1070/543 718/1071/543
f 765/1072/544 831/1073/544 813/1029/544 747/1028/544
f 736/1055/545 802/1054/545 799/1074/545 733/1075/545
f 707/1076/546 773/1077/546 774/1078/546 708/1079/546
f 749/1080/547 815/1081/547 831/1073/547 765/1072/547
f 769/1082/548 835/1083/548 807/1084/548 741/1085/548
f 709/1086/549 775/1087/549 781/1088/549 715/1089/549
f 741/1085/550 807/1084/550 818/1090/550 752/1091/550
f 710/1092/551 776/1093/551 783/1094/551 717/1095/551
f 738/1096/552 804/1097/552 835/1083/552 769/1082/552
f 712/1098/553 778/1099/553 776/1093/553 710/1092/553
f 751/1065/554 817/1064/554 820/1100/554 754/1101/554
f 742/1102/555 808/1103/555 806/1104/555 740/1105/555
f 714/1106/556 780/1107/556 778/1099/556 712/1098/556
f 754/1101/557 820/1100/557 811/1108/557 745/1109/557
f 739/1110/558 805/1111/558 808/1103/558 742/1102/558
f 713/1112/559 779/1113/559 780/1107/559 714/1106/559
f 755/1114/560 821/1115/560 812/1116/560 746/1117/560
f 740/1105/561 806/1104/561 804/1097/561 738/1096/561
f 711/1118/562 777/1119/562 779/1113/562 713/1112/562
f 745/1109/563 811/1108/563 821/1115/563 755/1114/563
f 752/1091/564 818/1090/564 795/1120/564 729/1121/564
f 716/1122/565 782/1123/565 772/1069/565 706/1068/565
f 756/1124/566 822/1125/566 815/1081/566 749/1080/566
f 729/1126/567 795/1127/567 819/1025/567 753/1024/567
f 717/1095/568 783/1094/568 782/1123/568 716/1122/568
f 743/1128/569 809/1129/569 822/1125/569 756/1124/569
f 766/1130/570 832/1131/570 834/1132/570 768/1133/570
f 719/1134/571 785/1135/571 786/1136/571 720/1137/571
f 757/1138/572 823/1139/572 793/1140/572 727/1141/572
f 768/1133/573 834/1132/573 833/1142/573 767/1143/573
f 721/1144/574 787/1145/574 788/1146/574 722/1147/574
f 725/1148/575 791/1149/575 823/1139/575 757/1138/575
f 731/1041/576 797/1040/576 832/1131/576 766/1130/576
f 720/1137/577 786/1136/577 777/1119/577 711/1118/577
f 758/1150/578 824/1151/578 816/1057/578 750/1056/578
f 767/1143/579 833/1142/579 805/1111/579 739/1110/579
f 715/1089/580 781/1088/580 785/1135/580 719/1134/580
f 744/1152/581 810/1153/581 824/1151/581 758/1150/581
f 722/1147/582 788/1146/582 773/1077/582 707/1076/582
f 759/1154/583 825/1155/583 814/1043/583 748/1042/583
f 718/1071/584 784/1070/584 787/1145/584 721/1144/584
f 727/1141/585 793/1140/585 825/1155/585 759/1154/585
f 733/1075/586 799/1074/586 789/1039/586 723/1038/586
f 760/1156/587 826/1157/587 810/1153/587 744/1152/587
f 708/1158/588 774/1159/588 790/1067/588 724/1066/588
f 746/1117/589 812/1116/589 826/1157/589 760/1156/589
f 730/1063/590 796/1062/590 775/1087/590 709/1086/590
f 761/1031/591 827/1030/591 791/1149/591 725/1148/591
s 1
f 847/1160/255 863/1161/255 861/1162/255 845/1163/255
f 846/1164/255 862/1165/255 866/1166/255 850/1167/255
f 848/1168/255 864/1169/255 863/1161/255 847/1160/255
f 849/1170/255 865/1171/255 858/1172/255 842/1173/255
f 847/1160/592 879/1174/592 880/1175/593 848/1168/593
f 994/1176/255 995/1177/255 867/1178/255 851/1179/255
f 836/1180/255 852/1181/255 853/1182/255 837/1183/255
f 841/1184/255 857/1185/255 859/1186/255 843/1187/255
f 840/1188/255 856/1189/255 865/1171/255 849/1170/255
f 980/1190/255 981/1191/255 856/1189/255 840/1188/255
f 851/1179/255 867/1178/255 852/1181/255 836/1180/255
f 837/1183/255 853/1182/255 864/1169/255 848/1168/255
f 842/1173/255 858/1172/255 854/1192/255 838/1193/255
f 844/1194/255 860/1195/255 855/1196/255 839/1197/255
f 845/1163/255 861/1162/255 862/1165/255 846/1164/255
f 843/1187/255 859/1186/255 860/1195/255 844/1194/255
f 837/1183/594 869/1198/594 868/1199/595 836/1180/595
f 843/1187/596 875/1200/596 873/1201/597 841/1184/597
f 849/1170/598 881/1202/598 872/1203/599 840/1188/600
f 873/1201/597 870/1204/601 838/1193/601 841/1184/597
f 980/1190/602 982/1205/602 882/1206/603 850/1167/603
f 836/1180/595 868/1199/595 883/1207/604 851/1179/604
f 848/1168/593 880/1175/593 869/1198/594 837/1183/594
f 838/1193/601 870/1204/601 874/1208/605 842/1173/605
f 839/1197/606 871/1209/606 876/1210/607 844/1194/607
f 846/1164/608 878/1211/608 877/1212/609 845/1163/609
f 857/1185/610 854/1192/611 918/1213/611 921/1214/610
f 844/1194/607 876/1210/607 875/1200/596 843/1187/596
f 845/1163/609 877/1212/609 879/1174/592 847/1160/592
f 850/1167/603 882/1206/603 878/1211/608 846/1164/608
f 842/1173/605 874/1208/605 881/1202/598 849/1170/598
f 994/1215/612 996/1216/612 871/1209/606 839/1197/606
f 894/1217/255 910/1218/255 914/1219/255 898/1220/255
f 896/1221/255 912/1222/255 911/1223/255 895/1224/255
f 897/1225/255 913/1226/255 906/1227/255 890/1228/255
f 889/1229/613 937/1230/613 934/1231/614 886/1232/614
f 989/1233/255 990/1234/255 915/1235/255 899/1236/255
f 884/1237/255 900/1238/255 901/1239/255 885/1240/255
f 889/1229/255 905/1241/255 907/1242/255 891/1243/255
f 888/1244/255 904/1245/255 913/1226/255 897/1225/255
f 984/1246/255 985/1247/255 904/1245/255 888/1244/255
f 899/1236/255 915/1235/255 900/1238/255 884/1237/255
f 885/1240/255 901/1239/255 912/1222/255 896/1221/255
f 890/1228/255 906/1227/255 902/1248/255 886/1232/255
f 892/1249/255 908/1250/255 903/1251/255 887/1252/255
f 893/1253/255 909/1254/255 910/1218/255 894/1217/255
f 891/1243/255 907/1242/255 908/1250/255 892/1249/255
f 895/1224/255 911/1223/255 909/1254/255 893/1253/255
f 862/1165/615 861/1162/616 925/1255/616 926/1256/615
f 864/1169/614 928/1257/614 927/1258/613 863/1161/613
f 860/1195/617 859/1186/618 923/1259/618 924/1260/617
f 861/1162/616 863/1161/613 927/1258/613 925/1255/616
f 866/1166/619 862/1165/615 926/1256/615 930/1261/619
f 858/1172/620 865/1171/621 929/1262/621 922/1263/620
f 995/1264/622 855/1196/623 919/1265/623 997/1266/622
f 853/1182/624 852/1181/625 916/1267/625 917/1268/624
f 859/1186/618 857/1185/610 921/1214/610 923/1259/618
f 865/1171/621 856/1189/626 920/1269/626 929/1262/621
f 981/1191/627 866/1166/619 930/1261/619 983/1270/627
f 852/1181/625 867/1178/628 931/1271/628 916/1267/625
f 864/1169/614 853/1182/624 917/1268/624 928/1257/614
f 854/1192/611 858/1172/620 922/1263/620 918/1213/611
f 855/1196/623 860/1195/617 924/1260/617 919/1265/623
f 894/1217/629 898/1220/623 946/1272/623 942/1273/629
f 896/1221/611 895/1224/610 943/1274/610 944/1275/611
f 897/1225/630 890/1228/624 938/1276/624 945/1277/630
f 905/1241/631 902/1248/632 950/1278/633 953/1279/634
f 989/1233/635 899/1236/626 947/1280/626 991/1281/635
f 884/1237/636 885/1240/620 933/1282/620 932/1283/636
f 889/1229/613 891/1243/616 939/1284/616 937/1230/613
f 888/1244/637 897/1225/630 945/1277/630 936/1285/628
f 984/1246/638 888/1244/637 936/1285/628 986/1286/638
f 899/1236/626 884/1237/636 932/1283/636 947/1280/626
f 885/1240/620 896/1221/611 944/1275/611 933/1282/620
f 890/1228/624 886/1232/614 934/1231/614 938/1276/624
f 892/1249/639 887/1252/619 935/1287/640 940/1288/639
f 893/1253/641 894/1217/629 942/1273/629 941/1289/641
f 891/1243/616 892/1249/639 940/1288/639 939/1284/616
f 895/1224/610 893/1253/641 941/1289/641 943/1274/610
f 912/1222/642 901/1239/643 949/1290/644 960/1291/645
f 902/1248/632 906/1227/646 954/1292/647 950/1278/633
f 903/1251/648 908/1250/649 956/1293/650 951/1294/651
f 910/1218/652 909/1254/653 957/1295/654 958/1296/655
f 912/1222/642 960/1291/645 959/1297/656 911/1223/657
f 908/1250/649 907/1242/658 955/1298/659 956/1293/650
f 909/1254/653 911/1223/657 959/1297/656 957/1295/654
f 914/1219/660 910/1218/652 958/1296/655 962/1299/661
f 906/1227/646 913/1226/662 961/1300/663 954/1292/647
f 953/1279/634 950/1278/633 966/1301/664 969/1302/665
f 990/1303/666 903/1251/648 951/1294/651 992/1304/667
f 901/1239/643 900/1238/668 948/1305/669 949/1290/644
f 907/1242/658 905/1241/631 953/1279/634 955/1298/659
f 913/1226/662 904/1245/670 952/1306/671 961/1300/663
f 985/1247/672 914/1219/660 962/1299/661 987/1307/673
f 900/1238/668 915/1235/674 963/1308/675 948/1305/669
f 962/1299/661 958/1296/655 974/1309/676 978/1310/677
f 960/1291/645 976/1311/678 975/1312/679 959/1297/656
f 954/1292/647 961/1300/663 977/1313/680 970/1314/681
f 857/1185/255 841/1184/255 838/1193/255 854/1192/255
f 992/1304/667 951/1294/651 967/1315/682 993/1316/683
f 949/1290/644 948/1305/669 964/1317/684 965/1318/685
f 955/1298/659 953/1279/634 969/1302/665 971/1319/686
f 961/1300/663 952/1306/671 968/1320/687 977/1313/680
f 987/1307/673 962/1299/661 978/1310/677 988/1321/688
f 948/1305/669 963/1308/675 979/1322/689 964/1317/684
f 960/1291/645 949/1290/644 965/1318/685 976/1311/678
f 950/1278/633 954/1292/647 970/1314/681 966/1301/664
f 951/1294/651 956/1293/650 972/1323/690 967/1315/682
f 958/1296/655 957/1295/654 973/1324/691 974/1309/676
f 956/1293/650 955/1298/659 971/1319/686 972/1323/690
f 957/1295/654 959/1297/656 975/1312/679 973/1324/691
f 965/1325/255 964/1326/255 979/1327/255 993/1328/255 967/1329/255 972/1330/255 971/1331/255 969/1332/255 966/1333/255 970/1334/255 977/1335/255 968/1336/255 988/1337/255 978/1338/255 974/1339/255 973/1340/255 975/1341/255 976/1342/255
f 905/1241/255 889/1229/255 886/1232/255 902/1248/255
f 856/1189/626 981/1191/627 983/1270/627 920/1269/626
f 840/1188/600 872/1203/599 982/1205/602 980/1190/602
f 850/1167/255 866/1166/255 981/1191/255 980/1190/255
f 952/1306/671 987/1307/673 988/1321/688 968/1320/687
f 904/1245/670 985/1247/672 987/1307/673 952/1306/671
f 898/1220/623 984/1246/638 986/1286/638 946/1272/623
f 898/1220/255 914/1219/255 985/1247/255 984/1246/255
f 963/1308/675 992/1343/667 993/1344/683 979/1322/689
f 915/1235/674 990/1234/666 992/1343/667 963/1308/675
f 887/1252/619 989/1345/635 991/1346/635 935/1287/640
f 887/1252/255 903/1251/255 990/1303/255 989/1345/255
f 867/1178/628 995/1177/622 997/1347/622 931/1271/628
f 851/1179/604 883/1207/604 996/1348/612 994/1176/612
f 839/1197/255 855/1196/255 995/1264/255 994/1215/255
f 1092/1349/692 1053/1350/296 1065/1351/296 1093/1352/692
f 1143/1353/255 1000/1354/255 1012/1355/255 1144/1356/255
f 1161/1357/255 1006/1358/255 1018/1359/255 1162/1360/255
f 1146/1361/255 998/1362/255 1010/1363/255 1147/1364/255
f 1140/1365/255 1002/1366/255 1014/1367/255 1141/1368/255
f 1149/1369/255 999/1370/255 1011/1371/255 1150/1372/255
f 1155/1373/255 1007/1374/255 1019/1375/255 1156/1376/255
f 1164/1377/255 1001/1378/255 1013/1379/255 1165/1380/255
f 1134/1381/255 1005/1382/255 1017/1383/255 1135/1384/255
f 1158/1385/255 1008/1386/255 1020/1387/255 1159/1388/255
f 1152/1389/255 1009/1390/255 1021/1391/255 1153/1392/255
f 1137/1393/255 1004/1394/255 1016/1395/255 1138/1396/255
f 1131/1397/255 1003/1398/255 1015/1399/255 1132/1400/255
f 1143/1401/693 1002/1402/694 1026/1403/694 1145/1404/693
f 1161/1405/695 1008/1406/696 1032/1407/696 1163/1408/695
f 1146/1409/697 1000/1410/698 1024/1411/698 1148/1412/697
f 1140/1413/699 1004/1414/1 1028/1415/1 1142/1416/699
f 1149/1417/700 998/1418/258 1022/1419/258 1151/1420/700
f 1155/1421/701 1009/1422/702 1033/1423/702 1157/1424/701
f 1164/1425/703 1006/1426/704 1030/1427/704 1166/1428/703
f 1134/1429/705 1003/1430/706 1027/1431/706 1136/1432/705
f 1158/1433/692 1007/1434/296 1031/1435/296 1160/1436/692
f 1152/1437/707 999/1438/708 1023/1439/708 1154/1440/707
f 1137/1441/709 1005/1442/710 1029/1443/710 1139/1444/709
f 1112/1445/255 1111/1446/255 1038/1447/255 1047/1448/255
f 1088/1449/255 1087/1450/255 1044/1451/255 1049/1452/255
f 1108/1453/255 1107/1454/255 1036/1455/255 1046/1456/255
f 1116/1457/255 1115/1458/255 1040/1459/255 1051/1460/255
f 1104/1461/255 1103/1462/255 1034/1463/255 1050/1464/255
f 1096/1465/255 1095/1466/255 1045/1467/255 1054/1468/255
f 1084/1469/255 1082/1470/255 1042/1471/255 1048/1472/255
f 1124/1473/255 1123/1474/255 1039/1475/255 1057/1476/255
f 1092/1349/255 1091/1477/255 1043/1478/255 1053/1350/255
f 1100/1479/255 1099/1480/255 1035/1481/255 1052/1482/255
f 1120/1483/255 1119/1484/255 1041/1485/255 1056/1486/255
f 1088/1449/695 1049/1452/696 1061/1487/696 1089/1488/695
f 1128/1489/711 1055/1490/269 1067/1491/269 1129/1492/711
f 1104/1461/700 1050/1464/258 1062/1493/258 1105/1494/700
f 1124/1473/705 1057/1476/706 1069/1495/706 1125/1496/705
f 1112/1445/693 1047/1448/694 1059/1497/694 1113/1498/693
f 1120/1483/709 1056/1486/710 1068/1499/710 1121/1500/709
f 1116/1457/699 1051/1460/1 1063/1501/1 1117/1502/699
f 1084/1469/703 1048/1472/704 1060/1503/704 1085/1504/703
f 1100/1479/707 1052/1482/708 1064/1505/708 1101/1506/707
f 1108/1453/697 1046/1456/698 1058/1507/698 1109/1508/697
f 1096/1465/701 1054/1468/702 1066/1509/702 1097/1510/701
f 1128/1489/255 1127/1511/255 1037/1512/255 1055/1490/255
f 1110/1513/712 1181/1514/703 1188/1515/704 1072/1516/713
f 1087/1517/714 1090/1518/715 1080/1519/716 1044/1520/717
f 1107/1521/718 1110/1513/712 1072/1516/713 1036/1522/719
f 1115/1523/720 1118/1524/721 1076/1525/722 1040/1526/723
f 1103/1527/724 1106/1528/725 1070/1529/726 1034/1530/727
f 1095/1531/728 1098/1532/729 1081/1533/730 1045/1534/731
f 1082/1535/732 1086/1536/733 1078/1537/734 1042/1538/735
f 1123/1539/736 1126/1540/737 1075/1541/738 1039/1542/739
f 1091/1543/740 1094/1544/741 1079/1545/742 1043/1546/743
f 1099/1547/744 1102/1548/745 1071/1549/746 1035/1550/747
f 1119/1551/748 1122/1552/749 1077/1553/750 1041/1554/751
f 1127/1555/752 1130/1556/753 1073/1557/754 1037/1558/755
f 1049/1452/696 1092/1349/692 1093/1352/692 1061/1487/696
f 1106/1528/725 1189/1559/711 1182/1560/269 1070/1529/726
f 1098/1532/729 1169/1561/709 1186/1562/710 1081/1533/730
f 1086/1536/733 1183/1563/697 1168/1564/698 1078/1537/734
f 1126/1540/737 1177/1565/707 1174/1566/708 1075/1541/738
f 1094/1544/741 1171/1567/699 1170/1568/1 1079/1545/742
f 1102/1548/745 1185/1569/705 1190/1570/706 1071/1549/746
f 1122/1552/749 1179/1571/701 1178/1572/702 1077/1553/750
f 1130/1556/753 1173/1573/700 1184/1574/258 1073/1557/754
f 1114/1575/756 1187/1576/695 1176/1577/696 1074/1578/757
f 1090/1518/715 1167/1579/693 1172/1580/694 1080/1519/716
f 1111/1581/758 1114/1575/756 1074/1578/757 1038/1582/759
f 1049/1452/255 1044/1451/255 1091/1477/255 1092/1349/255
f 1044/1520/717 1080/1519/716 1094/1544/741 1091/1543/740
f 1080/1519/716 1172/1580/694 1171/1567/699 1094/1544/741
f 1048/1472/255 1042/1471/255 1087/1450/255 1088/1449/255
f 1048/1472/704 1088/1449/695 1089/1488/695 1060/1503/704
f 1042/1538/735 1078/1537/734 1090/1518/715 1087/1517/714
f 1078/1537/734 1168/1564/698 1167/1579/693 1090/1518/715
f 1055/1490/255 1037/1512/255 1082/1470/255 1084/1469/255
f 1055/1490/269 1084/1469/703 1085/1504/703 1067/1491/269
f 1037/1558/755 1073/1557/754 1086/1536/733 1082/1535/732
f 1073/1557/754 1184/1574/258 1183/1563/697 1086/1536/733
f 1131/1583/711 1001/1584/269 1025/1585/269 1133/1586/711
f 1118/1524/721 1175/1587/692 1180/1588/296 1076/1525/722
f 1079/1545/742 1170/1568/1 1169/1561/709 1098/1532/729
f 1043/1546/743 1079/1545/742 1098/1532/729 1095/1531/728
f 1053/1350/296 1096/1465/701 1097/1510/701 1065/1351/296
f 1053/1350/255 1043/1478/255 1095/1466/255 1096/1465/255
f 1081/1533/730 1186/1562/710 1185/1569/705 1102/1548/745
f 1045/1534/731 1081/1533/730 1102/1548/745 1099/1547/744
f 1054/1468/702 1100/1479/707 1101/1506/707 1066/1509/702
f 1054/1468/255 1045/1467/255 1099/1480/255 1100/1479/255
f 1071/1549/746 1190/1570/706 1189/1559/711 1106/1528/725
f 1035/1550/747 1071/1549/746 1106/1528/725 1103/1527/724
f 1052/1482/708 1104/1461/700 1105/1494/700 1064/1505/708
f 1052/1482/255 1035/1481/255 1103/1462/255 1104/1461/255
f 1034/1530/727 1070/1529/726 1110/1513/712 1107/1521/718
f 1070/1529/726 1182/1560/269 1181/1514/703 1110/1513/712
f 1050/1464/258 1108/1453/697 1109/1508/697 1062/1493/258
f 1050/1464/255 1034/1463/255 1107/1454/255 1108/1453/255
f 1036/1522/719 1072/1516/713 1114/1575/756 1111/1581/758
f 1072/1516/713 1188/1515/704 1187/1576/695 1114/1575/756
f 1046/1456/698 1112/1445/693 1113/1498/693 1058/1507/698
f 1046/1456/255 1036/1455/255 1111/1446/255 1112/1445/255
f 1074/1578/757 1176/1577/696 1175/1587/692 1118/1524/721
f 1038/1582/759 1074/1578/757 1118/1524/721 1115/1523/720
f 1047/1448/694 1116/1457/699 1117/1502/699 1059/1497/694
f 1047/1448/255 1038/1447/255 1115/1458/255 1116/1457/255
f 1076/1589/722 1180/1590/296 1179/1571/701 1122/1552/749
f 1040/1591/723 1076/1589/722 1122/1552/749 1119/1551/748
f 1051/1460/1 1120/1483/709 1121/1500/709 1063/1501/1
f 1051/1460/255 1040/1459/255 1119/1484/255 1120/1483/255
f 1077/1553/750 1178/1572/702 1177/1565/707 1126/1540/737
f 1041/1554/751 1077/1553/750 1126/1540/737 1123/1539/736
f 1056/1486/710 1124/1473/705 1125/1496/705 1068/1499/710
f 1056/1486/255 1041/1485/255 1123/1474/255 1124/1473/255
f 1075/1541/738 1174/1566/708 1173/1573/700 1130/1556/753
f 1039/1542/739 1075/1541/738 1130/1556/753 1127/1555/752
f 1057/1476/255 1039/1475/255 1127/1511/255 1128/1489/255
f 1057/1476/706 1128/1489/711 1129/1492/711 1069/1495/706
f 1003/1430/706 1131/1583/711 1133/1586/711 1027/1431/706
f 1001/1378/255 1131/1397/255 1132/1400/255 1013/1379/255
f 1005/1442/710 1134/1429/705 1136/1432/705 1029/1443/710
f 1003/1398/255 1134/1381/255 1135/1384/255 1015/1399/255
f 1004/1592/1 1137/1441/709 1139/1444/709 1028/1593/1
f 1005/1382/255 1137/1393/255 1138/1396/255 1017/1383/255
f 1002/1402/694 1140/1413/699 1142/1416/699 1026/1403/694
f 1004/1394/255 1140/1365/255 1141/1368/255 1016/1395/255
f 1000/1410/698 1143/1401/693 1145/1404/693 1024/1411/698
f 1002/1366/255 1143/1353/255 1144/1356/255 1014/1367/255
f 998/1418/258 1146/1409/697 1148/1412/697 1022/1419/258
f 1000/1354/255 1146/1361/255 1147/1364/255 1012/1355/255
f 999/1438/708 1149/1417/700 1151/1420/700 1023/1439/708
f 998/1362/255 1149/1369/255 1150/1372/255 1010/1363/255
f 1009/1422/702 1152/1437/707 1154/1440/707 1033/1423/702
f 999/1370/255 1152/1389/255 1153/1392/255 1011/1371/255
f 1007/1434/296 1155/1421/701 1157/1424/701 1031/1435/296
f 1009/1390/255 1155/1373/255 1156/1376/255 1021/1391/255
f 1008/1406/696 1158/1433/692 1160/1436/692 1032/1407/696
f 1007/1374/255 1158/1385/255 1159/1388/255 1019/1375/255
f 1006/1426/704 1161/1405/695 1163/1408/695 1030/1427/704
f 1008/1386/255 1161/1357/255 1162/1360/255 1020/1387/255
f 1001/1584/269 1164/1425/703 1166/1428/703 1025/1585/269
f 1006/1358/255 1164/1377/255 1165/1380/255 1018/1359/255
f 1083/1594/255 1167/1595/255 1168/1596/255
f 1083/1594/255 1169/1597/255 1170/1598/255
f 1083/1594/255 1171/1599/255 1172/1600/255
f 1083/1594/255 1173/1601/255 1174/1602/255
f 1083/1594/255 1175/1603/255 1176/1604/255
f 1083/1594/255 1177/1605/255 1178/1606/255
f 1083/1594/255 1179/1607/255 1180/1608/255
f 1083/1594/255 1181/1609/255 1182/1610/255
f 1083/1594/255 1183/1611/255 1184/1612/255
f 1083/1594/255 1185/1613/255 1186/1614/255
f 1083/1594/255 1187/1615/255 1188/1616/255
f 1083/1594/255 1189/1617/255 1190/1618/255
f 1083/1594/255 1168/1596/255 1183/1611/255
f 1083/1594/255 1172/1600/255 1167/1595/255
f 1083/1594/255 1170/1598/255 1171/1599/255
f 1083/1594/255 1186/1614/255 1169/1597/255
f 1083/1594/255 1190/1618/255 1185/1613/255
f 1083/1594/255 1182/1610/255 1189/1617/255
f 1083/1594/255 1188/1616/255 1181/1609/255
f 1083/1594/255 1176/1604/255 1187/1615/255
f 1083/1594/255 1180/1608/255 1175/1603/255
f 1083/1594/255 1178/1606/255 1179/1607/255
f 1083/1594/255 1174/1602/255 1177/1605/255
f 1083/1594/255 1184/1612/255 1173/1601/255
o SM_IPSE_01
v -0.589849 -1.113941 -0.000091
v -0.435158 -1.268577 -0.000091
v -0.581934 -1.163897 -0.000091
v -0.560519 -1.205913 -0.000091
v -0.527163 -1.239257 -0.000091
v -0.485131 -1.260665 -0.000091
v 0.435158 -1.268577 -0.000091
v 0.589849 -1.113941 -0.000091
v 0.485131 -1.260665 -0.000091
v 0.527163 -1.239257 -0.000091
v 0.560519 -1.205913 -0.000091
v 0.581934 -1.163897 -0.000091
v -0.435158 1.295738 -0.000091
v -0.589849 1.141102 -0.000091
v -0.485131 1.287825 -0.000091
v -0.527163 1.266417 -0.000091
v -0.560519 1.233073 -0.000091
v -0.581934 1.191058 -0.000091
v 0.589849 1.141102 -0.000091
v 0.435158 1.295738 -0.000091
v 0.581934 1.191058 -0.000091
v 0.560519 1.233073 -0.000091
v 0.527163 1.266417 -0.000091
v 0.485131 1.287825 -0.000091
v -0.435068 -1.267429 -0.179366
v -0.588701 -1.113850 -0.179366
v -0.484772 -1.259559 -0.179366
v -0.526479 -1.238316 -0.179366
v -0.559578 -1.205229 -0.179366
v -0.580828 -1.163538 -0.179366
v 0.588701 -1.113850 -0.179366
v 0.435068 -1.267429 -0.179366
v 0.580828 -1.163538 -0.179366
v 0.559578 -1.205229 -0.179366
v 0.526479 -1.238316 -0.179366
v 0.484772 -1.259559 -0.179366
v -0.588701 1.141011 -0.179366
v -0.435068 1.294589 -0.179366
v -0.580828 1.190698 -0.179366
v -0.559578 1.232390 -0.179366
v -0.526479 1.265477 -0.179366
v -0.484772 1.286720 -0.179366
v 0.435068 1.294589 -0.179366
v 0.588701 1.141011 -0.179366
v 0.484772 1.286720 -0.179366
v 0.526479 1.265477 -0.179366
v 0.559578 1.232390 -0.179366
v 0.580828 1.190698 -0.179366
v -0.590405 -1.166648 -0.000091
v -0.598646 -1.114633 -0.000091
v -0.567724 -1.211146 -0.000091
v -0.532398 -1.246459 -0.000091
v -0.487884 -1.269132 -0.000091
v -0.435850 -1.277371 -0.000091
v 0.487884 -1.269132 -0.000091
v 0.435850 -1.277371 -0.000091
v 0.532398 -1.246459 -0.000091
v 0.567724 -1.211146 -0.000091
v 0.590405 -1.166648 -0.000091
v 0.598646 -1.114633 -0.000091
v -0.487884 1.296293 -0.000091
v -0.435850 1.304531 -0.000091
v -0.532398 1.273620 -0.000091
v -0.567724 1.238307 -0.000091
v -0.590405 1.193809 -0.000091
v -0.598646 1.141794 -0.000091
v 0.590405 1.193809 -0.000091
v 0.598646 1.141794 -0.000091
v 0.567724 1.238307 -0.000091
v 0.532398 1.273620 -0.000091
v 0.487884 1.296293 -0.000091
v 0.435850 1.304531 -0.000091
v -0.598646 1.072971 -0.000091
v -0.598646 -1.041625 -0.000091
v -0.626703 0.975873 -0.071089
v -0.588701 1.072971 -0.179366
v -0.588701 -1.041625 -0.179366
v -0.626703 0.967525 -0.063053
v -0.589849 1.072971 -0.000091
v -0.589849 -1.041625 -0.000091
v 0.598646 -1.041625 -0.000091
v 0.598646 1.072971 -0.000091
v 0.588701 -1.041625 -0.179366
v 0.588701 1.072971 -0.179366
v 0.589849 -1.041625 -0.000091
v 0.589849 1.072971 -0.000091
v -0.598646 -1.114633 -0.179366
v -0.590405 -1.166648 -0.179366
v -0.567724 -1.211146 -0.179366
v -0.532398 -1.246459 -0.179366
v -0.487884 -1.269132 -0.179366
v -0.435850 -1.277371 -0.179366
v 0.435850 -1.277371 -0.179366
v 0.487884 -1.269132 -0.179366
v 0.532398 -1.246459 -0.179366
v 0.567724 -1.211146 -0.179366
v 0.590405 -1.166648 -0.179366
v 0.598646 -1.114633 -0.179366
v -0.435850 1.304531 -0.179366
v -0.487884 1.296293 -0.179366
v -0.532398 1.273620 -0.179366
v -0.567724 1.238307 -0.179366
v -0.590405 1.193809 -0.179366
v -0.598646 1.141794 -0.179366
v 0.598646 1.141794 -0.179366
v 0.590405 1.193809 -0.179366
v 0.567724 1.238307 -0.179366
v 0.532398 1.273620 -0.179366
v 0.487884 1.296293 -0.179366
v 0.435850 1.304531 -0.179366
v -0.598646 1.072971 -0.179366
v -0.598646 -1.041625 -0.179366
v 0.598646 -1.041625 -0.179366
v 0.598646 1.072971 -0.179366
v 0.302154 1.294589 -0.179366
v 0.302154 1.295738 -0.000091
v 0.302154 1.304531 -0.179366
v 0.302154 1.304531 -0.000091
v 0.227593 1.304531 -0.179366
v 0.227672 1.294589 -0.179366
v 0.227663 1.295738 -0.000091
v 0.227593 1.304531 -0.000091
v -0.589849 0.794480 -0.000091
v -0.598646 0.794480 -0.000091
v -0.598646 0.794480 -0.179366
v -0.626703 0.956121 -0.060112
v -0.626703 0.868369 -0.060112
v -0.588701 0.794480 -0.179366
v -0.632148 0.956121 -0.060112
v -0.632148 0.978929 -0.082067
v -0.632148 0.967525 -0.063053
v -0.632148 0.975873 -0.071089
v -0.632148 0.978929 -0.097933
v -0.632148 0.956121 -0.119888
v -0.632148 0.975873 -0.108911
v -0.632148 0.967525 -0.116947
v -0.632148 0.845561 -0.097933
v -0.632148 0.868369 -0.119888
v -0.632148 0.848617 -0.108911
v -0.632148 0.856965 -0.116947
v -0.632148 0.845561 -0.082067
v -0.632148 0.868369 -0.060112
v -0.632148 0.848617 -0.071089
v -0.632148 0.856965 -0.063053
v -0.626703 0.978929 -0.082067
v -0.626703 0.978929 -0.097933
v -0.626703 0.975873 -0.108911
v -0.626703 0.967525 -0.116947
v -0.626703 0.956121 -0.119888
v -0.626703 0.868369 -0.119888
v -0.626703 0.856965 -0.116947
v -0.626703 0.848617 -0.108911
v -0.626703 0.845561 -0.097933
v -0.626703 0.845561 -0.082067
v -0.626703 0.848617 -0.071089
v -0.626703 0.856965 -0.063053
v -0.632148 0.972947 -0.113410
v -0.626647 0.972947 -0.113410
v -0.632148 0.972947 -0.066590
v -0.626647 0.972947 -0.066590
v -0.632148 0.851543 -0.113410
v -0.626647 0.851543 -0.113410
v -0.632148 0.851543 -0.066590
v -0.626647 0.851543 -0.066590
v -0.589849 0.868369 -0.000091
v -0.589849 0.956121 -0.000091
v -0.598646 0.956121 -0.000091
v -0.598646 0.868369 -0.000091
v -0.598646 0.868369 -0.179366
v -0.598646 0.956121 -0.179366
v -0.588701 0.956121 -0.179366
v -0.588701 0.868369 -0.179366
v -0.630871 -1.116440 -0.032848
v -0.632148 -1.116511 -0.035962
v -0.438068 -1.310591 -0.035962
v -0.437984 -1.309323 -0.032846
v -0.622649 -1.176485 -0.035962
v -0.621419 -1.176110 -0.032847
v -0.595082 -1.230588 -0.035962
v -0.594038 -1.229846 -0.032847
v -0.552145 -1.273525 -0.035962
v -0.551392 -1.272492 -0.032846
v -0.498042 -1.301092 -0.035962
v -0.497654 -1.299872 -0.032846
v 0.437984 -1.309323 -0.032846
v 0.438068 -1.310591 -0.035962
v 0.632148 -1.116511 -0.035962
v 0.630870 -1.116439 -0.032847
v 0.498042 -1.301092 -0.035962
v 0.497654 -1.299872 -0.032846
v 0.552145 -1.273525 -0.035962
v 0.551392 -1.272492 -0.032846
v 0.595082 -1.230588 -0.035962
v 0.594038 -1.229846 -0.032846
v 0.622649 -1.176485 -0.035962
v 0.621419 -1.176110 -0.032847
v -0.437984 1.336483 -0.032846
v -0.438068 1.337751 -0.035962
v -0.632148 1.143672 -0.035962
v -0.630871 1.143600 -0.032848
v -0.498042 1.328252 -0.035962
v -0.497654 1.327033 -0.032846
v -0.552145 1.300685 -0.035962
v -0.551392 1.299653 -0.032846
v -0.595082 1.257749 -0.035962
v -0.594038 1.257007 -0.032847
v -0.622649 1.203646 -0.035962
v -0.621419 1.203271 -0.032847
v 0.630870 1.143600 -0.032847
v 0.632148 1.143672 -0.035962
v 0.438068 1.337751 -0.035962
v 0.437984 1.336483 -0.032846
v 0.622649 1.203646 -0.035962
v 0.621419 1.203270 -0.032847
v 0.595082 1.257749 -0.035962
v 0.594038 1.257007 -0.032846
v 0.552145 1.300685 -0.035962
v 0.551392 1.299652 -0.032846
v 0.498042 1.328252 -0.035962
v 0.497654 1.327032 -0.032846
v -0.437983 -1.309312 -0.147144
v -0.438068 -1.310591 -0.144038
v -0.632148 -1.116511 -0.144038
v -0.630860 -1.116439 -0.147142
v -0.497651 -1.299862 -0.147144
v -0.498042 -1.301092 -0.144038
v -0.551386 -1.272483 -0.147144
v -0.552145 -1.273525 -0.144038
v -0.594030 -1.229840 -0.147143
v -0.595082 -1.230588 -0.144038
v -0.621409 -1.176107 -0.147143
v -0.622649 -1.176485 -0.144038
v 0.630860 -1.116439 -0.147143
v 0.632148 -1.116511 -0.144038
v 0.438068 -1.310591 -0.144038
v 0.437983 -1.309312 -0.147144
v 0.621409 -1.176107 -0.147143
v 0.622649 -1.176485 -0.144038
v 0.594029 -1.229840 -0.147144
v 0.595082 -1.230588 -0.144038
v 0.551385 -1.272483 -0.147144
v 0.552145 -1.273525 -0.144038
v 0.497651 -1.299862 -0.147144
v 0.498042 -1.301092 -0.144038
v -0.630860 1.143600 -0.147142
v -0.632148 1.143672 -0.144038
v -0.438068 1.337751 -0.144038
v -0.437983 1.336473 -0.147144
v -0.621409 1.203267 -0.147143
v -0.622649 1.203646 -0.144038
v -0.594030 1.257001 -0.147143
v -0.595082 1.257749 -0.144038
v -0.551386 1.299644 -0.147144
v -0.552145 1.300685 -0.144038
v -0.497651 1.327023 -0.147144
v -0.498042 1.328252 -0.144038
v 0.437983 1.336473 -0.147144
v 0.438068 1.337751 -0.144038
v 0.632148 1.143672 -0.144038
v 0.630860 1.143600 -0.147143
v 0.497651 1.327022 -0.147144
v 0.498042 1.328252 -0.144038
v 0.551385 1.299644 -0.147144
v 0.552145 1.300685 -0.144038
v 0.594029 1.257001 -0.147144
v 0.595082 1.257749 -0.144038
v 0.621409 1.203267 -0.147143
v 0.622649 1.203646 -0.144038
v -0.632148 -1.040869 -0.035962
v -0.630871 -1.040897 -0.032848
v -0.632148 -1.040869 -0.144038
v -0.630861 -1.040898 -0.147141
v 0.630870 -1.040897 -0.032847
v 0.632148 -1.040869 -0.035962
v 0.632148 1.072211 -0.035962
v 0.630870 1.072240 -0.032847
v 0.630860 1.072240 -0.147142
v 0.632148 1.072211 -0.144038
v 0.632148 -1.040869 -0.144038
v 0.630860 -1.040898 -0.147142
v 0.301841 1.336473 -0.147144
v 0.301829 1.337751 -0.144038
v 0.301829 1.337751 -0.035962
v 0.301841 1.336483 -0.032846
v 0.227096 1.336483 -0.032846
v 0.227077 1.337751 -0.035962
v 0.227096 1.336473 -0.147144
v 0.227077 1.337751 -0.144038
v -0.632148 0.794478 -0.144038
v -0.630861 0.794478 -0.147141
v -0.630861 1.072240 -0.147141
v -0.632148 1.072211 -0.144038
v -0.632148 1.072211 -0.035962
v -0.630871 1.072240 -0.032848
v -0.630872 0.794478 -0.032849
v -0.632148 0.794478 -0.035962
v -0.632148 0.956121 -0.144038
v -0.630861 0.956121 -0.147141
v -0.630861 0.868369 -0.147141
v -0.632148 0.868369 -0.144038
v -0.632148 0.868369 -0.035962
v -0.630872 0.868369 -0.032849
v -0.630872 0.956121 -0.032849
v -0.632148 0.956121 -0.035962
v 0.155068 -1.310591 -0.035921
v -0.067635 -1.309323 -0.032846
v 0.247424 -1.310591 -0.144038
v -0.334053 -1.310591 -0.144038
v -0.156713 -1.310591 -0.144038
v -0.213143 -1.310591 -0.144038
v -0.386959 -1.277371 -0.000091
v 0.064733 -1.310591 -0.035801
v 0.064733 -1.310591 -0.144199
v -0.067656 -1.310591 -0.144038
v 0.093413 -1.310591 -0.089691
v -0.085523 -1.310591 -0.062870
v -0.085523 -1.310591 -0.116511
v -0.064416 -1.310591 -0.126625
v -0.096337 -1.310591 -0.089691
v -0.064416 -1.310591 -0.052757
v 0.061493 -1.310591 -0.052757
v 0.061493 -1.310591 -0.126625
v -0.194736 -1.269952 -0.086090
v -0.200853 -1.269952 -0.084451
v -0.205331 -1.269952 -0.079974
v -0.206969 -1.269952 -0.073857
v -0.205331 -1.269952 -0.067740
v -0.200853 -1.269952 -0.063263
v -0.194736 -1.269952 -0.061624
v -0.188620 -1.269952 -0.063263
v -0.184142 -1.269952 -0.067740
v -0.182503 -1.269952 -0.073857
v -0.184142 -1.269952 -0.079974
v -0.188620 -1.269952 -0.084451
v -0.230008 -1.269952 -0.086090
v -0.236124 -1.269952 -0.084451
v -0.240602 -1.269952 -0.079974
v -0.242241 -1.269952 -0.073857
v -0.240602 -1.269952 -0.067740
v -0.236124 -1.269952 -0.063263
v -0.230008 -1.269952 -0.061624
v -0.223891 -1.269952 -0.063263
v -0.219414 -1.269952 -0.067740
v -0.217775 -1.269952 -0.073857
v -0.219414 -1.269952 -0.079974
v -0.223891 -1.269952 -0.084451
v -0.265478 -1.269952 -0.121361
v -0.259362 -1.269952 -0.119723
v -0.254884 -1.269952 -0.115245
v -0.253245 -1.269952 -0.109128
v -0.254884 -1.269952 -0.103012
v -0.259362 -1.269952 -0.098534
v -0.265478 -1.269952 -0.096895
v -0.271595 -1.269952 -0.098534
v -0.276072 -1.269952 -0.103012
v -0.277711 -1.269952 -0.109128
v -0.276072 -1.269952 -0.115245
v -0.271595 -1.269952 -0.119723
v -0.194736 -1.269952 -0.121361
v -0.200853 -1.269952 -0.119723
v -0.205331 -1.269952 -0.115245
v -0.206969 -1.269952 -0.109128
v -0.205331 -1.269952 -0.103012
v -0.200853 -1.269952 -0.098534
v -0.194736 -1.269952 -0.096895
v -0.188620 -1.269952 -0.098534
v -0.184142 -1.269952 -0.103012
v -0.182503 -1.269952 -0.109128
v -0.184142 -1.269952 -0.115245
v -0.188620 -1.269952 -0.119723
v -0.230008 -1.269952 -0.121361
v -0.236124 -1.269952 -0.119723
v -0.240602 -1.269952 -0.115245
v -0.242241 -1.269952 -0.109128
v -0.240602 -1.269952 -0.103012
v -0.236124 -1.269952 -0.098534
v -0.230008 -1.269952 -0.096895
v -0.223891 -1.269952 -0.098534
v -0.219414 -1.269952 -0.103012
v -0.217775 -1.269952 -0.109128
v -0.219414 -1.269952 -0.115245
v -0.223891 -1.269952 -0.119723
v -0.406563 -1.269952 -0.086090
v -0.400447 -1.269952 -0.084451
v -0.395969 -1.269952 -0.079974
v -0.394330 -1.269952 -0.073857
v -0.395969 -1.269952 -0.067740
v -0.400447 -1.269952 -0.063263
v -0.406563 -1.269952 -0.061624
v -0.412680 -1.269952 -0.063263
v -0.417158 -1.269952 -0.067740
v -0.418797 -1.269952 -0.073857
v -0.417158 -1.269952 -0.079974
v -0.412680 -1.269952 -0.084451
v -0.371292 -1.269952 -0.086090
v -0.365176 -1.269952 -0.084451
v -0.360698 -1.269952 -0.079974
v -0.359059 -1.269952 -0.073857
v -0.360698 -1.269952 -0.067740
v -0.365176 -1.269952 -0.063263
v -0.371292 -1.269952 -0.061624
v -0.377409 -1.269952 -0.063263
v -0.381886 -1.269952 -0.067740
v -0.383525 -1.269952 -0.073857
v -0.381886 -1.269952 -0.079974
v -0.377409 -1.269952 -0.084451
v -0.336021 -1.269952 -0.086090
v -0.329904 -1.269952 -0.084451
v -0.325427 -1.269952 -0.079974
v -0.323788 -1.269952 -0.073857
v -0.325427 -1.269952 -0.067740
v -0.329904 -1.269952 -0.063263
v -0.336021 -1.269952 -0.061624
v -0.342137 -1.269952 -0.063263
v -0.346615 -1.269952 -0.067740
v -0.348254 -1.269952 -0.073857
v -0.346615 -1.269952 -0.079974
v -0.342137 -1.269952 -0.084451
v -0.300749 -1.269952 -0.086090
v -0.294633 -1.269952 -0.084451
v -0.290155 -1.269952 -0.079974
v -0.288516 -1.269952 -0.073857
v -0.290155 -1.269952 -0.067740
v -0.294633 -1.269952 -0.063263
v -0.300749 -1.269952 -0.061624
v -0.306866 -1.269952 -0.063263
v -0.311344 -1.269952 -0.067740
v -0.312982 -1.269952 -0.073857
v -0.311344 -1.269952 -0.079974
v -0.306866 -1.269952 -0.084451
v -0.265478 -1.269952 -0.086090
v -0.259362 -1.269952 -0.084451
v -0.254884 -1.269952 -0.079974
v -0.253245 -1.269952 -0.073857
v -0.254884 -1.269952 -0.067740
v -0.259362 -1.269952 -0.063263
v -0.265478 -1.269952 -0.061624
v -0.271595 -1.269952 -0.063263
v -0.276072 -1.269952 -0.067740
v -0.277711 -1.269952 -0.073857
v -0.276072 -1.269952 -0.079974
v -0.271595 -1.269952 -0.084451
v -0.388622 -1.310591 -0.144038
v -0.271595 -1.310591 -0.119723
v -0.276072 -1.310591 -0.115245
v -0.277711 -1.310591 -0.109128
v -0.276072 -1.310591 -0.103012
v -0.271595 -1.310591 -0.098534
v -0.265478 -1.310591 -0.096895
v -0.259362 -1.310591 -0.098534
v -0.254884 -1.310591 -0.103012
v -0.253245 -1.310591 -0.109128
v -0.254884 -1.310591 -0.115245
v -0.259362 -1.310591 -0.119723
v -0.265478 -1.310591 -0.121361
v -0.306866 -1.310591 -0.119723
v -0.311344 -1.310591 -0.115245
v -0.312982 -1.310591 -0.109128
v -0.311344 -1.310591 -0.103012
v -0.306866 -1.310591 -0.098534
v -0.300749 -1.310591 -0.096895
v -0.294633 -1.310591 -0.098534
v -0.290155 -1.310591 -0.103012
v -0.288516 -1.310591 -0.109128
v -0.290155 -1.310591 -0.115245
v -0.294633 -1.310591 -0.119723
v -0.300749 -1.310591 -0.121361
v -0.342137 -1.310591 -0.119723
v -0.346615 -1.310591 -0.115245
v -0.348254 -1.310591 -0.109128
v -0.346615 -1.310591 -0.103012
v -0.342137 -1.310591 -0.098534
v -0.336021 -1.310591 -0.096895
v -0.329904 -1.310591 -0.098534
v -0.325427 -1.310591 -0.103012
v -0.323788 -1.310591 -0.109128
v -0.325427 -1.310591 -0.115245
v -0.329904 -1.310591 -0.119723
v -0.336021 -1.310591 -0.121361
v -0.377409 -1.310591 -0.119723
v -0.381886 -1.310591 -0.115245
v -0.383525 -1.310591 -0.109128
v -0.381886 -1.310591 -0.103012
v -0.377409 -1.310591 -0.098534
v -0.371292 -1.310591 -0.096895
v -0.365176 -1.310591 -0.098534
v -0.360698 -1.310591 -0.103012
v -0.359059 -1.310591 -0.109128
v -0.360698 -1.310591 -0.115245
v -0.365176 -1.310591 -0.119723
v -0.371292 -1.310591 -0.121361
v -0.412680 -1.310591 -0.119723
v -0.417158 -1.310591 -0.115245
v -0.418797 -1.310591 -0.109128
v -0.417158 -1.310591 -0.103012
v -0.412680 -1.310591 -0.098534
v -0.406563 -1.310591 -0.096895
v -0.400447 -1.310591 -0.098534
v -0.395969 -1.310591 -0.103012
v -0.394330 -1.310591 -0.109128
v -0.395969 -1.310591 -0.115245
v -0.400447 -1.310591 -0.119723
v -0.406563 -1.310591 -0.121361
v -0.271595 -1.310591 -0.084451
v -0.276072 -1.310591 -0.079974
v -0.277711 -1.310591 -0.073857
v -0.276072 -1.310591 -0.067740
v -0.271595 -1.310591 -0.063263
v -0.265478 -1.310591 -0.061624
v -0.259362 -1.310591 -0.063263
v -0.254884 -1.310591 -0.067740
v -0.253245 -1.310591 -0.073857
v -0.254884 -1.310591 -0.079974
v -0.259362 -1.310591 -0.084451
v -0.265478 -1.310591 -0.086090
v -0.306866 -1.310591 -0.084451
v -0.311344 -1.310591 -0.079974
v -0.312982 -1.310591 -0.073857
v -0.311344 -1.310591 -0.067740
v -0.306866 -1.310591 -0.063263
v -0.300749 -1.310591 -0.061624
v -0.294633 -1.310591 -0.063263
v -0.290155 -1.310591 -0.067740
v -0.288516 -1.310591 -0.073857
v -0.290155 -1.310591 -0.079974
v -0.294633 -1.310591 -0.084451
v -0.300749 -1.310591 -0.086090
v -0.342137 -1.310591 -0.084451
v -0.346615 -1.310591 -0.079974
v -0.348254 -1.310591 -0.073857
v -0.346615 -1.310591 -0.067740
v -0.342137 -1.310591 -0.063263
v -0.336021 -1.310591 -0.061624
v -0.329904 -1.310591 -0.063263
v -0.325427 -1.310591 -0.067740
v -0.323788 -1.310591 -0.073857
v -0.325427 -1.310591 -0.079974
v -0.329904 -1.310591 -0.084451
v -0.336021 -1.310591 -0.086090
v -0.377409 -1.310591 -0.084451
v -0.381886 -1.310591 -0.079974
v -0.383525 -1.310591 -0.073857
v -0.381886 -1.310591 -0.067740
v -0.377409 -1.310591 -0.063263
v -0.371292 -1.310591 -0.061624
v -0.365176 -1.310591 -0.063263
v -0.360698 -1.310591 -0.067740
v -0.359059 -1.310591 -0.073857
v -0.360698 -1.310591 -0.079974
v -0.365176 -1.310591 -0.084451
v -0.371292 -1.310591 -0.086090
v -0.412680 -1.310591 -0.084451
v -0.417158 -1.310591 -0.079974
v -0.418797 -1.310591 -0.073857
v -0.417158 -1.310591 -0.067740
v -0.412680 -1.310591 -0.063263
v -0.406563 -1.310591 -0.061624
v -0.400447 -1.310591 -0.063263
v -0.395969 -1.310591 -0.067740
v -0.394330 -1.310591 -0.073857
v -0.395969 -1.310591 -0.079974
v -0.400447 -1.310591 -0.084451
v -0.406563 -1.310591 -0.086090
v -0.406563 -1.269952 -0.121361
v -0.400447 -1.269952 -0.119723
v -0.395969 -1.269952 -0.115245
v -0.394330 -1.269952 -0.109128
v -0.395969 -1.269952 -0.103012
v -0.400447 -1.269952 -0.098534
v -0.406563 -1.269952 -0.096895
v -0.412680 -1.269952 -0.098534
v -0.417158 -1.269952 -0.103012
v -0.418797 -1.269952 -0.109128
v -0.417158 -1.269952 -0.115245
v -0.412680 -1.269952 -0.119723
v -0.371292 -1.269952 -0.121361
v -0.365176 -1.269952 -0.119723
v -0.360698 -1.269952 -0.115245
v -0.359059 -1.269952 -0.109128
v -0.360698 -1.269952 -0.103012
v -0.365176 -1.269952 -0.098534
v -0.371292 -1.269952 -0.096895
v -0.377409 -1.269952 -0.098534
v -0.381886 -1.269952 -0.103012
v -0.383525 -1.269952 -0.109128
v -0.381886 -1.269952 -0.115245
v -0.377409 -1.269952 -0.119723
v -0.336021 -1.269952 -0.121361
v -0.329904 -1.269952 -0.119723
v -0.325427 -1.269952 -0.115245
v -0.323788 -1.269952 -0.109128
v -0.325427 -1.269952 -0.103012
v -0.329904 -1.269952 -0.098534
v -0.336021 -1.269952 -0.096895
v -0.342137 -1.269952 -0.098534
v -0.346615 -1.269952 -0.103012
v -0.348254 -1.269952 -0.109128
v -0.346615 -1.269952 -0.115245
v -0.342137 -1.269952 -0.119723
v -0.300749 -1.269952 -0.121361
v -0.294633 -1.269952 -0.119723
v -0.290155 -1.269952 -0.115245
v -0.288516 -1.269952 -0.109128
v -0.290155 -1.269952 -0.103012
v -0.294633 -1.269952 -0.098534
v -0.300749 -1.269952 -0.096895
v -0.306866 -1.269952 -0.098534
v -0.311344 -1.269952 -0.103012
v -0.312982 -1.269952 -0.109128
v -0.311344 -1.269952 -0.115245
v -0.306866 -1.269952 -0.119723
v -0.223891 -1.310591 -0.119723
v -0.219414 -1.310591 -0.115245
v -0.217775 -1.310591 -0.109128
v -0.219414 -1.310591 -0.103012
v -0.223891 -1.310591 -0.098534
v -0.230008 -1.310591 -0.096895
v -0.236124 -1.310591 -0.098534
v -0.240602 -1.310591 -0.103012
v -0.242241 -1.310591 -0.109128
v -0.240602 -1.310591 -0.115245
v -0.236124 -1.310591 -0.119723
v -0.230008 -1.310591 -0.121361
v -0.188620 -1.310591 -0.119723
v -0.184142 -1.310591 -0.115245
v -0.182503 -1.310591 -0.109128
v -0.184142 -1.310591 -0.103012
v -0.188620 -1.310591 -0.098534
v -0.194736 -1.310591 -0.096895
v -0.200853 -1.310591 -0.098534
v -0.205331 -1.310591 -0.103012
v -0.206969 -1.310591 -0.109128
v -0.205331 -1.310591 -0.115245
v -0.200853 -1.310591 -0.119723
v -0.194736 -1.310591 -0.121361
v -0.223891 -1.310591 -0.084451
v -0.219414 -1.310591 -0.079974
v -0.217775 -1.310591 -0.073857
v -0.219414 -1.310591 -0.067740
v -0.223891 -1.310591 -0.063263
v -0.230008 -1.310591 -0.061624
v -0.236124 -1.310591 -0.063263
v -0.240602 -1.310591 -0.067740
v -0.242241 -1.310591 -0.073857
v -0.240602 -1.310591 -0.079974
v -0.236124 -1.310591 -0.084451
v -0.230008 -1.310591 -0.086090
v -0.188620 -1.310591 -0.084451
v -0.184142 -1.310591 -0.079974
v -0.182503 -1.310591 -0.073857
v -0.184142 -1.310591 -0.067740
v -0.188620 -1.310591 -0.063263
v -0.194736 -1.310591 -0.061624
v -0.200853 -1.310591 -0.063263
v -0.205331 -1.310591 -0.067740
v -0.206969 -1.310591 -0.073857
v -0.205331 -1.310591 -0.079974
v -0.200853 -1.310591 -0.084451
v -0.194736 -1.310591 -0.086090
v -0.282335 -1.310591 -0.144038
v 0.357839 -1.310591 -0.144038
v 0.357839 -1.310591 -0.089691
v 0.328123 -1.310591 -0.119634
v 0.323683 -1.310591 -0.115194
v 0.322058 -1.310591 -0.109128
v 0.323683 -1.310591 -0.103063
v 0.328123 -1.310591 -0.098623
v 0.334189 -1.310591 -0.096998
v 0.340254 -1.310591 -0.098623
v 0.344694 -1.310591 -0.103063
v 0.346319 -1.310591 -0.109128
v 0.344694 -1.310591 -0.115194
v 0.340254 -1.310591 -0.119634
v 0.334189 -1.310591 -0.121259
v 0.292852 -1.310591 -0.119634
v 0.288412 -1.310591 -0.115194
v 0.286787 -1.310591 -0.109128
v 0.288412 -1.310591 -0.103063
v 0.292852 -1.310591 -0.098623
v 0.298917 -1.310591 -0.096998
v 0.304983 -1.310591 -0.098623
v 0.309423 -1.310591 -0.103063
v 0.311048 -1.310591 -0.109128
v 0.309423 -1.310591 -0.115194
v 0.304983 -1.310591 -0.119634
v 0.298917 -1.310591 -0.121259
v 0.257581 -1.310591 -0.119634
v 0.253141 -1.310591 -0.115194
v 0.251515 -1.310591 -0.109128
v 0.253141 -1.310591 -0.103063
v 0.257581 -1.310591 -0.098623
v 0.263646 -1.310591 -0.096998
v 0.269711 -1.310591 -0.098623
v 0.274151 -1.310591 -0.103063
v 0.275777 -1.310591 -0.109128
v 0.274151 -1.310591 -0.115194
v 0.269711 -1.310591 -0.119634
v 0.263646 -1.310591 -0.121259
v 0.222309 -1.310591 -0.119634
v 0.217869 -1.310591 -0.115194
v 0.216244 -1.310591 -0.109128
v 0.217869 -1.310591 -0.103063
v 0.222309 -1.310591 -0.098623
v 0.228375 -1.310591 -0.096998
v 0.234440 -1.310591 -0.098623
v 0.238880 -1.310591 -0.103063
v 0.240505 -1.310591 -0.109128
v 0.238880 -1.310591 -0.115194
v 0.234440 -1.310591 -0.119634
v 0.228375 -1.310591 -0.121259
v 0.187038 -1.310591 -0.119634
v 0.182598 -1.310591 -0.115194
v 0.180973 -1.310591 -0.109128
v 0.182598 -1.310591 -0.103063
v 0.187038 -1.310591 -0.098623
v 0.193103 -1.310591 -0.096998
v 0.199169 -1.310591 -0.098623
v 0.203609 -1.310591 -0.103063
v 0.205234 -1.310591 -0.109128
v 0.203609 -1.310591 -0.115194
v 0.199169 -1.310591 -0.119634
v 0.193103 -1.310591 -0.121259
v 0.328123 -1.310591 -0.084362
v 0.323683 -1.310591 -0.079922
v 0.322058 -1.310591 -0.073857
v 0.323683 -1.310591 -0.067792
v 0.328123 -1.310591 -0.063352
v 0.334189 -1.310591 -0.061726
v 0.340254 -1.310591 -0.063352
v 0.344694 -1.310591 -0.067792
v 0.346319 -1.310591 -0.073857
v 0.344694 -1.310591 -0.079922
v 0.340254 -1.310591 -0.084362
v 0.334189 -1.310591 -0.085988
v 0.292852 -1.310591 -0.084362
v 0.288412 -1.310591 -0.079922
v 0.286787 -1.310591 -0.073857
v 0.288412 -1.310591 -0.067792
v 0.292852 -1.310591 -0.063352
v 0.298917 -1.310591 -0.061726
v 0.304983 -1.310591 -0.063352
v 0.309423 -1.310591 -0.067792
v 0.311048 -1.310591 -0.073857
v 0.309423 -1.310591 -0.079922
v 0.304983 -1.310591 -0.084362
v 0.298917 -1.310591 -0.085988
v 0.257581 -1.310591 -0.084362
v 0.253141 -1.310591 -0.079922
v 0.251515 -1.310591 -0.073857
v 0.253141 -1.310591 -0.067792
v 0.257581 -1.310591 -0.063352
v 0.263646 -1.310591 -0.061726
v 0.269711 -1.310591 -0.063352
v 0.274151 -1.310591 -0.067792
v 0.275777 -1.310591 -0.073857
v 0.274151 -1.310591 -0.079922
v 0.269711 -1.310591 -0.084362
v 0.263646 -1.310591 -0.085988
v 0.222309 -1.310591 -0.084362
v 0.217869 -1.310591 -0.079922
v 0.216244 -1.310591 -0.073857
v 0.217869 -1.310591 -0.067792
v 0.222309 -1.310591 -0.063352
v 0.228375 -1.310591 -0.061726
v 0.234440 -1.310591 -0.063352
v 0.238880 -1.310591 -0.067792
v 0.240505 -1.310591 -0.073857
v 0.238880 -1.310591 -0.079922
v 0.234440 -1.310591 -0.084362
v 0.228375 -1.310591 -0.085988
v 0.187038 -1.310591 -0.084362
v 0.182598 -1.310591 -0.079922
v 0.180973 -1.310591 -0.073857
v 0.182598 -1.310591 -0.067792
v 0.187038 -1.310591 -0.063352
v 0.193103 -1.310591 -0.061726
v 0.199169 -1.310591 -0.063352
v 0.203609 -1.310591 -0.067792
v 0.205234 -1.310591 -0.073857
v 0.203609 -1.310591 -0.079922
v 0.199169 -1.310591 -0.084362
v 0.193103 -1.310591 -0.085988
v 0.463968 -1.307300 -0.089691
v 0.457295 -1.308357 -0.064786
v 0.457295 -1.308357 -0.114595
v 0.364350 -1.310591 -0.089691
v 0.439064 -1.310591 -0.132827
v 0.371023 -1.310591 -0.114595
v 0.414159 -1.310591 -0.139500
v 0.389254 -1.310591 -0.132827
v 0.371023 -1.310591 -0.064786
v 0.414159 -1.310591 -0.039881
v 0.389254 -1.310591 -0.046554
v 0.439064 -1.310591 -0.046554
v 0.414159 -1.310591 -0.144038
v 0.082600 -1.310591 -0.062870
v 0.082600 -1.310591 -0.116511
v -0.438068 -1.310591 -0.090000
v 0.498042 -1.301092 -0.090000
v 0.328123 -1.270582 -0.119634
v 0.323683 -1.270582 -0.115194
v 0.322058 -1.270582 -0.109128
v 0.323683 -1.270582 -0.103063
v 0.328123 -1.270582 -0.098623
v 0.334189 -1.270582 -0.096998
v 0.340254 -1.270582 -0.098623
v 0.344694 -1.270582 -0.103063
v 0.346319 -1.270582 -0.109128
v 0.344694 -1.270582 -0.115194
v 0.340254 -1.270582 -0.119634
v 0.334189 -1.270582 -0.121259
v 0.292852 -1.270582 -0.119634
v 0.288412 -1.270582 -0.115194
v 0.286787 -1.270582 -0.109128
v 0.288412 -1.270582 -0.103063
v 0.292852 -1.270582 -0.098623
v 0.298917 -1.270582 -0.096998
v 0.304983 -1.270582 -0.098623
v 0.309423 -1.270582 -0.103063
v 0.311048 -1.270582 -0.109128
v 0.309423 -1.270582 -0.115194
v 0.304983 -1.270582 -0.119634
v 0.298917 -1.270582 -0.121259
v 0.257581 -1.270582 -0.119634
v 0.253141 -1.270582 -0.115194
v 0.251515 -1.270582 -0.109128
v 0.253141 -1.270582 -0.103063
v 0.257581 -1.270582 -0.098623
v 0.263646 -1.270582 -0.096998
v 0.269711 -1.270582 -0.098623
v 0.274151 -1.270582 -0.103063
v 0.275777 -1.270582 -0.109128
v 0.274151 -1.270582 -0.115194
v 0.269711 -1.270582 -0.119634
v 0.263646 -1.270582 -0.121259
v 0.222309 -1.270582 -0.119634
v 0.217869 -1.270582 -0.115194
v 0.216244 -1.270582 -0.109128
v 0.217869 -1.270582 -0.103063
v 0.222309 -1.270582 -0.098623
v 0.228375 -1.270582 -0.096998
v 0.234440 -1.270582 -0.098623
v 0.238880 -1.270582 -0.103063
v 0.240505 -1.270582 -0.109128
v 0.238880 -1.270582 -0.115194
v 0.234440 -1.270582 -0.119634
v 0.228375 -1.270582 -0.121259
v 0.187038 -1.270582 -0.119634
v 0.182598 -1.270582 -0.115194
v 0.180973 -1.270582 -0.109128
v 0.182598 -1.270582 -0.103063
v 0.187038 -1.270582 -0.098623
v 0.193103 -1.270582 -0.096998
v 0.199169 -1.270582 -0.098623
v 0.203609 -1.270582 -0.103063
v 0.205234 -1.270582 -0.109128
v 0.203609 -1.270582 -0.115194
v 0.199169 -1.270582 -0.119634
v 0.193103 -1.270582 -0.121259
v 0.328123 -1.270582 -0.084362
v 0.323683 -1.270582 -0.079922
v 0.322058 -1.270582 -0.073857
v 0.323683 -1.270582 -0.067792
v 0.328123 -1.270582 -0.063352
v 0.334189 -1.270582 -0.061726
v 0.340254 -1.270582 -0.063352
v 0.344694 -1.270582 -0.067792
v 0.346319 -1.270582 -0.073857
v 0.344694 -1.270582 -0.079922
v 0.340254 -1.270582 -0.084362
v 0.334189 -1.270582 -0.085988
v 0.292852 -1.270582 -0.084362
v 0.288412 -1.270582 -0.079922
v 0.286787 -1.270582 -0.073857
v 0.288412 -1.270582 -0.067792
v 0.292852 -1.270582 -0.063352
v 0.298917 -1.270582 -0.061726
v 0.304983 -1.270582 -0.063352
v 0.309423 -1.270582 -0.067792
v 0.311048 -1.270582 -0.073857
v 0.309423 -1.270582 -0.079922
v 0.304983 -1.270582 -0.084362
v 0.298917 -1.270582 -0.085988
v 0.257581 -1.270582 -0.084362
v 0.253141 -1.270582 -0.079922
v 0.251515 -1.270582 -0.073857
v 0.253141 -1.270582 -0.067792
v 0.257581 -1.270582 -0.063352
v 0.263646 -1.270582 -0.061726
v 0.269711 -1.270582 -0.063352
v 0.274151 -1.270582 -0.067792
v 0.275777 -1.270582 -0.073857
v 0.274151 -1.270582 -0.079922
v 0.269711 -1.270582 -0.084362
v 0.263646 -1.270582 -0.085988
v 0.222309 -1.270582 -0.084362
v 0.217869 -1.270582 -0.079922
v 0.216244 -1.270582 -0.073857
v 0.217869 -1.270582 -0.067792
v 0.222309 -1.270582 -0.063352
v 0.228375 -1.270582 -0.061726
v 0.234440 -1.270582 -0.063352
v 0.238880 -1.270582 -0.067792
v 0.240505 -1.270582 -0.073857
v 0.238880 -1.270582 -0.079922
v 0.234440 -1.270582 -0.084362
v 0.228375 -1.270582 -0.085988
v 0.187038 -1.270582 -0.084362
v 0.182598 -1.270582 -0.079922
v 0.180973 -1.270582 -0.073857
v 0.182598 -1.270582 -0.067792
v 0.187038 -1.270582 -0.063352
v 0.193103 -1.270582 -0.061726
v 0.199169 -1.270582 -0.063352
v 0.203609 -1.270582 -0.067792
v 0.205234 -1.270582 -0.073857
v 0.203609 -1.270582 -0.079922
v 0.199169 -1.270582 -0.084362
v 0.193103 -1.270582 -0.085988
v 0.064733 -1.277371 -0.000091
v 0.064733 -1.277371 -0.179366
v 0.064733 -1.268577 -0.000091
v 0.064733 -1.267429 -0.179366
v -0.155604 -1.277371 -0.000091
v 0.064733 -1.309323 -0.032846
v -0.155258 -1.268577 -0.000091
v 0.064733 -1.309312 -0.147144
v -0.156671 -1.309323 -0.032846
v -0.155604 -1.277371 -0.179366
v -0.155213 -1.267429 -0.179366
v -0.156713 -1.310591 -0.035881
v -0.156671 -1.309312 -0.147144
v -0.067102 -1.277371 -0.179366
v -0.066906 -1.267429 -0.179366
v -0.066929 -1.268577 -0.000091
v -0.067656 -1.310591 -0.035841
v -0.067635 -1.309312 -0.147144
v -0.067102 -1.277371 -0.000091
v -0.386440 -1.268577 -0.000091
v -0.388559 -1.309323 -0.032846
v -0.386959 -1.277371 -0.179366
v -0.386372 -1.267429 -0.179366
v -0.388622 -1.310591 -0.035921
v -0.388558 -1.309312 -0.147144
v -0.211324 -1.268577 -0.000091
v -0.211757 -1.277371 -0.179366
v -0.211267 -1.267429 -0.179366
v -0.213143 -1.310591 -0.035901
v -0.213089 -1.309312 -0.147144
v -0.213090 -1.309323 -0.032846
v -0.211757 -1.277371 -0.000091
v -0.280334 -1.268577 -0.000091
v -0.282276 -1.309323 -0.032846
v -0.280810 -1.277371 -0.000091
v -0.280810 -1.277371 -0.179366
v -0.280272 -1.267429 -0.179366
v -0.282335 -1.310591 -0.035911
v -0.282276 -1.309312 -0.147144
v -0.331961 -1.268577 -0.000091
v -0.333992 -1.309323 -0.032846
v -0.332459 -1.277371 -0.000091
v -0.332459 -1.277371 -0.179366
v -0.331896 -1.267429 -0.179366
v -0.334053 -1.310591 -0.035916
v -0.333991 -1.309312 -0.147144
v 0.154202 -1.277371 -0.179366
v 0.153811 -1.267429 -0.179366
v 0.155268 -1.309312 -0.147144
v 0.155311 -1.310591 -0.144119
v 0.412496 -1.277371 -0.179366
v 0.411909 -1.267429 -0.179366
v 0.414095 -1.309312 -0.147144
v 0.356453 -1.277371 -0.179366
v 0.355964 -1.267429 -0.179366
v 0.357786 -1.309312 -0.147144
v 0.246177 -1.277371 -0.179366
v 0.245736 -1.267429 -0.179366
v 0.247376 -1.309312 -0.147144
v 0.312165 -1.277371 -0.179366
v 0.311700 -1.267429 -0.179366
v 0.313431 -1.309312 -0.147144
v 0.313482 -1.310591 -0.144104
v 0.153959 -1.277371 -0.000091
v 0.153613 -1.268577 -0.000091
v 0.155025 -1.309323 -0.032846
v 0.414159 -1.310591 -0.035921
v 0.412496 -1.277371 -0.000091
v 0.411976 -1.268577 -0.000091
v 0.414096 -1.309323 -0.032846
v 0.356453 -1.277371 -0.000091
v 0.356021 -1.268577 -0.000091
v 0.357787 -1.309323 -0.032846
v 0.357839 -1.310591 -0.035901
v 0.312234 -1.277371 -0.000091
v 0.311845 -1.268577 -0.000091
v 0.313434 -1.309323 -0.032846
v 0.313482 -1.310591 -0.035891
v 0.246246 -1.277371 -0.000091
v 0.245878 -1.268577 -0.000091
v 0.247379 -1.309323 -0.032846
v 0.247424 -1.310591 -0.035886
v 0.064733 -1.267727 -0.132804
v 0.064733 -1.268279 -0.046654
v 0.107809 -1.268003 -0.089729
v -0.066923 -1.268279 -0.046654
v -0.066912 -1.267727 -0.132804
v -0.109993 -1.268003 -0.089729
v 0.484844 -1.259780 -0.143493
v 0.485060 -1.260443 -0.035964
v 0.435140 -1.268347 -0.035964
v 0.435086 -1.267658 -0.143493
v 0.411922 -1.267658 -0.143493
v 0.411963 -1.268347 -0.035964
v 0.356009 -1.268347 -0.035964
v 0.355975 -1.267658 -0.143493
v -0.581308 -1.163053 -0.000606
v -0.589215 -1.113132 -0.000606
v -0.559915 -1.205038 -0.000606
v -0.526595 -1.238358 -0.000606
v -0.484609 -1.259751 -0.000606
v -0.434690 -1.267658 -0.000606
v 0.484609 -1.259751 -0.000606
v 0.434690 -1.267658 -0.000606
v 0.526595 -1.238358 -0.000606
v 0.559915 -1.205038 -0.000606
v 0.581308 -1.163053 -0.000606
v 0.589215 -1.113132 -0.000606
v -0.484609 1.286912 -0.000606
v -0.434690 1.294818 -0.000606
v -0.526595 1.265519 -0.000606
v -0.559915 1.232199 -0.000606
v -0.581308 1.190213 -0.000606
v -0.589215 1.140293 -0.000606
v 0.581308 1.190213 -0.000606
v 0.589215 1.140293 -0.000606
v 0.559915 1.232199 -0.000606
v 0.526595 1.265519 -0.000606
v 0.484609 1.286912 -0.000606
v 0.434690 1.294818 -0.000606
v -0.589215 -1.040869 -0.000606
v -0.589215 1.072211 -0.000606
v 0.589215 1.072211 -0.000606
v 0.589215 -1.040869 -0.000606
v 0.000000 -1.267658 -0.000606
v 0.000000 1.294818 -0.000606
v -0.589215 0.958224 -0.000606
v 0.589215 0.958224 -0.000606
v -0.013773 1.196844 -0.013611
v -0.025725 1.196844 -0.000606
v -0.000000 1.171119 -0.000606
v 0.025725 1.196844 -0.000606
v 0.000000 1.222569 -0.000606
v -0.018190 1.178654 -0.000606
v 0.018190 1.178654 -0.000606
v 0.018190 1.215034 -0.000606
v -0.018190 1.215035 -0.000606
v -0.000000 1.183071 -0.013611
v 0.013773 1.196844 -0.013611
v 0.000000 1.210618 -0.013611
v -0.009739 1.187105 -0.013611
v -0.008611 1.196844 -0.011648
v 0.009739 1.187105 -0.013611
v 0.009739 1.206584 -0.013611
v -0.009739 1.206584 -0.013611
v 0.083465 0.956264 -0.000606
v -0.124899 0.956268 -0.000606
v -0.183735 1.098585 -0.008198
v -0.186768 1.098585 -0.000606
v -0.166333 1.078150 -0.000606
v -0.145898 1.098585 -0.000606
v -0.166333 1.119020 -0.000606
v -0.180783 1.084135 -0.000606
v -0.151883 1.084135 -0.000606
v -0.151883 1.113034 -0.000606
v -0.180783 1.113034 -0.000606
v -0.166333 1.081182 -0.008198
v -0.148931 1.098585 -0.008198
v -0.166333 1.115987 -0.008198
v -0.178638 1.086279 -0.008198
v -0.166333 1.098585 -0.006059
v -0.154028 1.086279 -0.008198
v -0.154028 1.110890 -0.008198
v -0.178638 1.110890 -0.008198
v -0.177333 1.109585 -0.008198
v -0.177333 1.087585 -0.008198
v -0.181889 1.098585 -0.008198
v -0.166333 1.083029 -0.008198
v -0.155333 1.087585 -0.008198
v -0.150777 1.098585 -0.008198
v -0.155333 1.109585 -0.008198
v -0.166333 1.114141 -0.008198
v -0.175753 1.108004 -0.002413
v -0.175753 1.089165 -0.002413
v -0.179654 1.098585 -0.002413
v -0.166333 1.085263 -0.002413
v -0.156913 1.089165 -0.002413
v -0.153012 1.098585 -0.002413
v -0.156913 1.108004 -0.002413
v -0.166333 1.111906 -0.002413
v -0.172105 1.104356 -0.002413
v -0.172105 1.092813 -0.002413
v -0.174495 1.098585 -0.002413
v -0.166333 1.090422 -0.002413
v -0.160561 1.092813 -0.002413
v -0.158170 1.098585 -0.002413
v -0.160561 1.104356 -0.002413
v -0.166333 1.106747 -0.002413
v -0.170245 1.102497 -0.006059
v -0.170245 1.094672 -0.006059
v -0.171866 1.098585 -0.006059
v -0.166333 1.093052 -0.006059
v -0.162421 1.094672 -0.006059
v -0.160800 1.098585 -0.006059
v -0.162421 1.102497 -0.006059
v -0.166333 1.104118 -0.006059
v 0.083556 1.118213 -0.000606
v 0.083556 1.080564 -0.000606
v -0.083030 1.080564 -0.000606
v -0.083030 1.118213 -0.000606
v 0.083138 1.092051 0.005076
v -0.082598 1.107725 0.005076
v 0.083138 1.107725 0.005076
v -0.083030 1.092051 0.005076
v 0.094242 1.082695 -0.000606
v 0.100071 1.085960 -0.000606
v -0.093439 1.082583 -0.000606
v -0.099144 1.085790 -0.000606
v -0.093470 1.116012 -0.000606
v -0.099145 1.112708 -0.000606
v 0.104291 1.106372 -0.000606
v 0.104282 1.092419 -0.000606
v 0.105302 1.099395 -0.000606
v -0.103245 1.092157 -0.000606
v -0.103275 1.106110 -0.000606
v -0.104250 1.099131 -0.000606
v 0.094235 1.116123 -0.000606
v 0.100066 1.112878 -0.000606
v 0.093412 1.096955 0.005076
v 0.093415 1.102848 0.005076
v 0.093882 1.099900 0.005076
v 0.089538 1.106277 0.005076
v 0.091796 1.105128 0.005076
v 0.089516 1.093525 0.005076
v 0.091801 1.094696 0.005076
v -0.092590 1.102645 0.005076
v -0.092583 1.096752 0.005076
v -0.093043 1.099676 0.005076
v -0.088848 1.093454 0.005076
v -0.091061 1.094591 0.005076
v -0.088740 1.106207 0.005076
v -0.090961 1.105024 0.005076
v 0.083556 1.118213 0.005076
v 0.083556 1.080564 0.005076
v -0.083030 1.118213 0.005076
v -0.083030 1.080564 0.005076
v 0.104282 1.092419 0.005076
v 0.105302 1.099395 0.005076
v 0.104291 1.106372 0.005076
v -0.103275 1.106110 0.005076
v -0.099144 1.112708 0.005076
v -0.104250 1.099131 0.005076
v -0.103245 1.092157 0.005076
v 0.100066 1.112878 0.005076
v -0.093470 1.116012 0.005076
v -0.093439 1.082583 0.005076
v -0.099144 1.085790 0.005076
v 0.094235 1.116123 0.005076
v 0.100071 1.085960 0.005076
v 0.094242 1.082695 0.005076
v 0.083138 1.107725 -0.004941
v 0.083138 1.092051 -0.004941
v -0.082598 1.107725 -0.004941
v -0.083030 1.092051 -0.004941
v 0.093412 1.096955 -0.004941
v 0.093882 1.099900 -0.004941
v 0.093415 1.102848 -0.004941
v -0.092590 1.102645 -0.004941
v -0.090961 1.105024 -0.004941
v -0.093043 1.099676 -0.004941
v -0.092583 1.096752 -0.004941
v 0.091796 1.105128 -0.004941
v -0.088740 1.106207 -0.004941
v -0.088848 1.093454 -0.004941
v -0.091061 1.094591 -0.004941
v 0.089538 1.106277 -0.004941
v 0.091801 1.094696 -0.004941
v 0.089516 1.093525 -0.004941
v 0.589215 -0.923428 -0.000606
v -0.589215 -0.923428 -0.000606
v 0.000000 -0.920736 -0.000606
v -0.123926 1.294818 -0.000606
v 0.136658 1.294818 -0.000606
v 0.083465 0.956264 -0.009336
v -0.124899 0.956268 -0.009336
v 0.000000 -0.920736 -0.009336
v -0.526094 0.950614 -0.000606
v -0.520486 0.956268 -0.000606
v -0.524451 0.954593 -0.000606
v 0.520486 0.956264 -0.000606
v 0.526094 0.950614 -0.000606
v 0.524451 0.954592 -0.000606
v 0.526094 -0.915093 -0.000606
v 0.520486 -0.920736 -0.000606
v 0.524451 -0.919068 -0.000606
v -0.520486 -0.920736 -0.000606
v -0.526094 -0.915092 -0.000606
v -0.524451 -0.919068 -0.000606
v -0.520486 0.956268 -0.009336
v -0.526094 0.950614 -0.009336
v -0.524451 0.954593 -0.009336
v 0.526094 0.950614 -0.009336
v 0.520486 0.956264 -0.009336
v 0.524451 0.954592 -0.009336
v 0.520486 -0.920736 -0.009336
v 0.526094 -0.915093 -0.009336
v 0.524451 -0.919068 -0.009336
v -0.526094 -0.915092 -0.009336
v -0.520486 -0.920736 -0.009336
v -0.524451 -0.919068 -0.009336
v -0.530039 -0.923502 -0.009336
v 0.530039 -0.923502 -0.009336
v -0.530039 0.958298 -0.009336
v 0.530039 0.958298 -0.009336
v -0.182365 1.105225 -0.008198
v -0.185159 1.106382 -0.000606
v -0.180664 1.104521 -0.008198
v -0.178605 1.103668 -0.002413
v -0.173853 1.101699 -0.002413
v -0.171430 1.100696 -0.006059
v -0.174131 1.117410 -0.000606
v -0.172974 1.114617 -0.008198
v -0.172269 1.112916 -0.008198
v -0.171416 1.110857 -0.002413
v -0.169448 1.106104 -0.002413
v -0.168444 1.103682 -0.006059
v -0.158535 1.117410 -0.000606
v -0.159692 1.114617 -0.008198
v -0.160397 1.112916 -0.008198
v -0.161250 1.110857 -0.002413
v -0.163218 1.106104 -0.002413
v -0.164222 1.103682 -0.006059
v -0.147507 1.106382 -0.000606
v -0.150301 1.105225 -0.008198
v -0.152002 1.104521 -0.008198
v -0.154061 1.103668 -0.002413
v -0.158813 1.101699 -0.002413
v -0.161236 1.100696 -0.006059
v -0.147507 1.090787 -0.000606
v -0.150301 1.091944 -0.008198
v -0.152002 1.092649 -0.008198
v -0.154061 1.093501 -0.002413
v -0.158813 1.095470 -0.002413
v -0.161236 1.096473 -0.006059
v -0.158535 1.079759 -0.000606
v -0.159692 1.082553 -0.008198
v -0.160397 1.084254 -0.008198
v -0.161250 1.086313 -0.002413
v -0.163218 1.091065 -0.002413
v -0.164222 1.093488 -0.006059
v -0.174131 1.079759 -0.000606
v -0.172974 1.082553 -0.008198
v -0.172269 1.084254 -0.008198
v -0.171416 1.086313 -0.002413
v -0.169448 1.091065 -0.002413
v -0.168444 1.093488 -0.006059
v -0.182365 1.091944 -0.008198
v -0.185159 1.090787 -0.000606
v -0.180664 1.092649 -0.008198
v -0.178605 1.093501 -0.002413
v -0.173853 1.095470 -0.002413
v -0.171430 1.096473 -0.006059
v -0.012573 1.202052 -0.013611
v -0.023483 1.206571 -0.000606
v -0.009727 1.220327 -0.000606
v -0.005208 1.209417 -0.013611
v 0.009727 1.220327 -0.000606
v 0.005208 1.209417 -0.013611
v 0.023483 1.206571 -0.000606
v 0.012573 1.202052 -0.013611
v 0.023483 1.187117 -0.000606
v 0.012573 1.191636 -0.013611
v 0.009727 1.173361 -0.000606
v 0.005208 1.184271 -0.013611
v -0.009727 1.173362 -0.000606
v -0.005208 1.184271 -0.013611
v -0.012573 1.191636 -0.013611
v -0.023483 1.187118 -0.000606
v -0.000000 1.188233 -0.011648
v 0.008611 1.196844 -0.011648
v 0.000000 1.205456 -0.011648
v -0.006089 1.190755 -0.011648
v 0.006089 1.190755 -0.011648
v 0.006089 1.202933 -0.011648
v -0.006089 1.202933 -0.011648
v -0.007860 1.200100 -0.011648
v -0.003256 1.204705 -0.011648
v 0.003256 1.204705 -0.011648
v 0.007861 1.200100 -0.011648
v 0.007860 1.193588 -0.011648
v 0.003256 1.188984 -0.011648
v -0.003256 1.188984 -0.011648
v -0.007861 1.193588 -0.011648
v -0.000000 1.196844 -0.010190
vn -0.4189 -0.5768 0.7013
vn -0.5758 -0.4192 0.7019
vn -0.5940 -0.4310 0.6793
vn -0.4315 -0.5944 0.6786
vn 0.5758 -0.4192 0.7019
vn 0.4189 -0.5768 0.7013
vn 0.4318 -0.5942 0.6786
vn 0.5930 -0.4324 0.6793
vn -0.9998 -0.0000 0.0187
vn -0.9973 0.0721 0.0113
vn -0.9973 0.0721 -0.0114
vn -0.9998 -0.0000 -0.0189
vn -0.2191 -0.6780 0.7016
vn -0.2275 -0.6977 0.6793
vn 0.2191 -0.6780 0.7016
vn 0.0793 -0.7110 0.6987
vn 0.0812 -0.7306 0.6779
vn 0.2275 -0.6978 0.6792
vn 0.7107 -0.0489 0.7018
vn 0.6761 -0.2191 0.7035
vn 0.6970 -0.2242 0.6811
vn 0.7303 -0.0493 0.6814
vn 0.9999 -0.0000 0.0115
vn 0.9975 -0.0699 0.0113
vn 0.9975 -0.0699 -0.0114
vn 0.9999 -0.0000 -0.0117
vn -0.0000 0.7336 0.6796
vn -0.0090 0.7343 0.6787
vn -0.0089 0.7155 0.6985
vn -0.0000 0.7158 0.6983
vn -0.7129 -0.0000 0.7013
vn -0.7106 0.0505 0.7018
vn -0.7302 0.0509 0.6814
vn -0.7308 -0.0000 0.6826
vn 0.5758 0.4192 0.7019
vn 0.6761 0.2192 0.7035
vn 0.6970 0.2242 0.6811
vn 0.5930 0.4324 0.6793
vn -0.6761 0.2191 0.7035
vn -0.5758 0.4192 0.7019
vn -0.5940 0.4310 0.6793
vn -0.6970 0.2242 0.6811
vn 0.7306 -0.0000 0.6828
vn 0.7302 0.0509 0.6814
vn 0.7106 0.0505 0.7018
vn 0.7129 -0.0000 0.7013
vn 0.9973 0.0721 0.0113
vn 0.9973 0.0721 -0.0114
vn -0.4189 0.5768 0.7013
vn -0.4318 0.5942 0.6786
vn -0.0000 0.9999 0.0114
vn 0.0484 0.9988 0.0112
vn 0.0483 0.9988 -0.0113
vn -0.0000 0.9999 -0.0115
vn 0.2192 0.6780 0.7016
vn 0.4189 0.5768 0.7013
vn 0.4318 0.5942 0.6786
vn 0.2275 0.6978 0.6792
vn -0.0000 -0.7102 -0.7040
vn 0.0788 -0.7054 -0.7044
vn 0.0806 -0.7256 -0.6834
vn -0.0000 -0.7288 -0.6847
vn -0.0000 0.7102 -0.7040
vn -0.0088 0.7099 -0.7043
vn -0.0089 0.7292 -0.6843
vn 0.0019 0.7284 -0.6852
vn -0.9975 -0.0699 0.0113
vn -0.9975 -0.0699 -0.0114
vn -0.9511 -0.3087 -0.0112
vn -0.9510 -0.3090 0.0111
vn -0.4155 -0.5722 -0.7070
vn -0.2174 -0.6726 -0.7073
vn -0.2237 -0.6936 -0.6847
vn -0.4285 -0.5902 -0.6841
vn -0.8091 -0.5876 -0.0112
vn -0.8090 -0.5877 0.0111
vn 0.7050 -0.0485 -0.7075
vn 0.7072 -0.0000 -0.7070
vn 0.7254 -0.0000 -0.6884
vn 0.7251 -0.0489 -0.6869
vn -0.5878 -0.8089 -0.0111
vn -0.5878 -0.8090 0.0110
vn -0.6707 -0.2173 -0.7092
vn -0.5713 -0.4158 -0.7076
vn -0.5898 -0.4280 -0.6848
vn -0.6921 -0.2227 -0.6866
vn -0.3725 -0.9279 -0.0158
vn -0.3725 -0.9279 0.0157
vn -0.1164 -0.9916 -0.0561
vn -0.1361 -0.9907 -0.0000
vn -0.7072 -0.0000 -0.7070
vn -0.7050 -0.0485 -0.7075
vn -0.7251 -0.0489 -0.6869
vn -0.7254 -0.0000 -0.6884
vn 0.5713 -0.4158 -0.7076
vn 0.6707 -0.2174 -0.7092
vn 0.6921 -0.2227 -0.6866
vn 0.5888 -0.4294 -0.6847
vn 0.3487 -0.9372 -0.0000
vn 0.3278 -0.9435 -0.0485
vn 0.6411 -0.7673 -0.0158
vn -0.6707 0.2174 -0.7092
vn -0.7049 0.0501 -0.7075
vn -0.7250 0.0505 -0.6869
vn -0.6921 0.2227 -0.6866
vn 0.6410 -0.7673 0.0157
vn 0.8091 -0.5876 -0.0111
vn 0.8090 -0.5877 0.0111
vn 0.2174 -0.6726 -0.7073
vn 0.4155 -0.5722 -0.7070
vn 0.4288 -0.5900 -0.6841
vn 0.2260 -0.6929 -0.6847
vn 0.9511 -0.3087 -0.0112
vn 0.9510 -0.3090 0.0111
vn -0.0131 0.9999 0.0112
vn -0.0131 0.9999 -0.0113
vn -0.5713 0.4158 -0.7076
vn -0.5888 0.4294 -0.6848
vn -0.3089 0.9510 0.0110
vn -0.3090 0.9510 -0.0111
vn -0.5878 0.8089 -0.0111
vn -0.5878 0.8090 0.0110
vn 0.0331 0.7087 -0.7047
vn -0.0000 0.7286 -0.6849
vn 0.0337 0.7284 -0.6843
vn -0.8091 0.5876 -0.0112
vn -0.8090 0.5877 0.0111
vn -0.2174 0.6726 -0.7073
vn -0.4155 0.5722 -0.7070
vn -0.4288 0.5901 -0.6841
vn -0.2260 0.6929 -0.6847
vn -0.9511 0.3087 -0.0112
vn -0.9510 0.3090 0.0111
vn -0.7256 -0.0000 -0.6881
vn 0.9511 0.3087 -0.0112
vn 0.9510 0.3090 0.0111
vn 0.4155 0.5722 -0.7070
vn 0.2174 0.6726 -0.7073
vn 0.2237 0.6937 -0.6847
vn 0.4285 0.5902 -0.6841
vn 0.8091 0.5876 -0.0111
vn 0.8090 0.5877 0.0111
vn -0.9999 -0.0000 0.0118
vn -0.9999 -0.0000 -0.0119
vn -0.9999 -0.0000 -0.0116
vn -0.9999 -0.0000 0.0115
vn 0.5878 0.8089 -0.0111
vn 0.5878 0.8090 0.0111
vn 0.6707 0.2173 -0.7092
vn 0.5713 0.4158 -0.7076
vn 0.5899 0.4280 -0.6848
vn 0.6921 0.2227 -0.6866
vn 0.3089 0.9510 -0.0111
vn 0.3090 0.9510 0.0111
vn 0.7049 0.0501 -0.7075
vn 0.7250 0.0506 -0.6869
vn -0.0000 -0.0000 1.0000
vn -0.6761 -0.2191 0.7035
vn -0.6970 -0.2242 0.6811
vn -0.2191 0.6780 0.7016
vn -0.2275 0.6977 0.6793
vn -0.0603 -0.7126 0.6990
vn -0.0616 -0.7320 0.6786
vn -0.7107 -0.0489 0.7018
vn -0.7303 -0.0493 0.6814
vn -0.0598 -0.7069 -0.7047
vn -0.0611 -0.7269 -0.6840
vn -0.0000 -0.7336 0.6795
vn -0.0000 -0.7158 0.6983
vn 0.0339 0.7336 0.6788
vn 0.0012 0.7338 0.6793
vn 0.0333 0.7143 0.6990
vn 1.0000 -0.0000 0.0064
vn -0.7306 -0.0000 0.6828
vn -0.0000 -0.0000 -1.0000
vn -1.0000 -0.0000 -0.0000
vn -0.9982 -0.0000 0.0600
vn -0.9979 -0.0000 0.0649
vn -1.0000 -0.0000 0.0064
vn -0.9979 0.0645 0.0064
vn -0.9527 0.3037 0.0065
vn -0.8089 0.5879 0.0065
vn -0.6285 0.7778 0.0064
vn -0.6284 0.7779 0.0065
vn -0.2534 0.9673 0.0065
vn -0.1074 0.9942 0.0064
vn -0.4111 0.9116 0.0064
vn -0.4108 0.9117 0.0064
vn -0.2537 0.9673 0.0064
vn -0.0000 1.0000 0.0064
vn 0.0798 0.9968 0.0064
vn 0.3035 0.9528 0.0065
vn 0.5876 0.8091 0.0065
vn 0.8089 0.5879 0.0065
vn 0.9527 0.3037 0.0065
vn 0.9979 0.0645 0.0064
vn -0.9979 -0.0000 -0.0654
vn -0.9982 -0.0000 -0.0605
vn 0.9977 -0.0668 0.0064
vn 0.9527 -0.3038 0.0065
vn 0.9527 -0.3037 0.0065
vn 0.8089 -0.5879 0.0065
vn 0.5876 -0.8091 0.0065
vn 0.3035 -0.9528 0.0065
vn 0.0111 -0.9999 0.0064
vn -0.0000 -1.0000 0.0064
vn -0.0431 -0.9990 0.0064
vn -0.3035 -0.9528 0.0065
vn -0.5876 -0.8091 0.0065
vn -0.8089 -0.5879 0.0065
vn -0.9527 -0.3038 0.0065
vn -0.9527 -0.3037 0.0065
vn -0.9977 -0.0668 0.0064
vn -0.0000 -0.9936 -0.1131
vn -0.0000 -0.9936 0.1131
vn -1.0000 0.0002 -0.0002
vn -0.0000 0.9936 0.1131
vn -0.0000 0.9936 -0.1131
vn -0.0000 -0.9326 0.3608
vn -0.0000 -0.9325 0.3612
vn -0.0000 0.9326 -0.3608
vn -0.0000 0.9325 -0.3612
vn -0.0000 -0.6935 0.7204
vn -0.0000 -0.3597 0.9331
vn 0.0004 -0.3600 0.9329
vn -0.0002 -0.6934 0.7205
vn -0.0000 0.6935 -0.7204
vn -0.0000 0.3597 -0.9331
vn 0.0004 0.3600 -0.9329
vn -0.0002 0.6934 -0.7205
vn -0.0000 -0.0297 0.9996
vn -0.0000 0.0297 -0.9996
vn -0.0000 -0.0297 -0.9996
vn -0.0000 -0.3597 -0.9331
vn -0.0000 -0.3600 -0.9329
vn -0.0000 0.0297 0.9996
vn -0.0000 0.3597 0.9331
vn -0.0000 0.3600 0.9329
vn -0.0000 -0.6935 -0.7204
vn -0.0000 -0.9326 -0.3608
vn 0.0006 -0.9325 -0.3612
vn -0.0000 -0.6934 -0.7205
vn -0.0000 0.6935 0.7204
vn -0.0000 0.9326 0.3608
vn 0.0006 0.9325 0.3612
vn -0.0000 0.6934 0.7205
vn -1.0000 -0.0006 0.0006
vn -1.0000 -0.0002 0.0002
vn -1.0000 0.0002 0.0002
vn -0.9989 0.0320 0.0333
vn -1.0000 0.0006 0.0006
vn -1.0000 0.0006 -0.0006
vn -0.9989 0.0320 -0.0332
vn -0.9989 -0.0320 0.0332
vn -1.0000 -0.0002 -0.0002
vn -0.9989 -0.0320 -0.0333
vn -1.0000 -0.0006 -0.0006
vn -0.1141 -0.9920 0.0546
vn 0.1247 -0.9876 0.0951
vn 0.3283 -0.9434 0.0482
vn 0.1238 -0.9879 -0.0930
vn 0.0001 -0.9915 0.1303
vn -0.0000 -0.9948 -0.1019
vn -0.0000 -0.7286 -0.6850
vn 0.1685 -0.9856 0.0107
vn 0.1416 -0.9896 0.0242
vn -0.5000 -0.0000 0.8660
vn -0.8660 -0.0000 0.5000
vn 0.8660 -0.0000 -0.5000
vn 1.0000 -0.0000 -0.0000
vn -0.5000 -0.0000 -0.8660
vn 0.8660 -0.0000 0.5000
vn 0.1684 -0.9857 -0.0105
vn 0.1766 -0.9843 -0.0000
vn -0.8660 -0.0000 -0.5000
vn -0.0000 -1.0000 -0.0000
vn -0.0000 -0.9977 0.0675
vn -0.0000 -0.9977 0.0674
vn -0.0000 -0.9978 -0.0661
vn -0.0000 -0.9978 -0.0663
vn 0.5000 -0.0000 -0.8660
vn 0.5000 -0.0000 0.8660
vn -0.0000 -0.9960 0.0899
vn -0.0000 -0.9991 -0.0418
vn -0.0000 -0.9992 0.0408
vn -0.0000 -0.9943 -0.1063
vn -0.0000 -0.9956 0.0938
vn -0.0000 -0.9969 0.0792
vn -0.0000 -0.9957 0.0927
vn -0.0000 -0.9945 -0.1052
vn -0.0000 -0.9960 -0.0893
vn -0.0000 -0.9922 -0.1248
vn 0.1408 -0.9898 -0.0235
vn -0.0000 -0.9943 0.1066
vn -0.0000 -0.9988 -0.0488
vn -0.0000 -0.9989 0.0470
vn -0.0000 -0.9929 -0.1192
vn 0.0001 -1.0000 -0.0000
vn -0.0000 -0.9945 0.1051
vn -0.0000 -0.9949 0.1013
vn -0.0000 -0.9935 -0.1139
vn 0.0001 -0.9938 -0.1112
vn -0.0000 -0.7276 -0.6860
vn -0.0000 -0.7278 -0.6858
vn -0.0000 -0.7326 0.6807
vn -0.0000 -0.7335 0.6797
vn 0.0019 -0.7281 -0.6855
vn -0.0000 -0.7287 -0.6849
vn -0.0000 -0.7285 -0.6851
vn -0.0000 -0.7331 0.6801
vn -0.0000 -0.7330 0.6802
vn -0.0000 -0.7333 0.6799
vn -0.0000 -0.7282 -0.6853
vn -0.0000 -0.7283 -0.6852
vn -0.0000 -0.7283 -0.6853
vn -0.0000 -0.7330 0.6803
vn -0.0000 -0.7332 0.6801
vn -0.1075 0.9942 0.0064
vn 0.0032 1.0000 -0.0001
vn -0.0000 1.0000 -0.0000
vn 0.0032 1.0000 -0.0000
vn -0.0032 1.0000 -0.0000
vn -0.0038 -1.0000 -0.0000
vn 0.3554 -0.0000 0.9347
vn 0.3318 0.1375 0.9333
vn 0.2666 0.1104 0.9575
vn 0.2854 -0.0000 0.9584
vn -0.2833 0.6840 0.6722
vn -0.5207 0.5207 0.6766
vn -0.6840 0.2833 0.6722
vn -0.7363 -0.0000 0.6766
vn 0.6840 -0.2833 0.6722
vn 0.7363 -0.0000 0.6766
vn 0.2833 -0.6840 0.6722
vn 0.5207 -0.5207 0.6766
vn 0.1375 0.3318 0.9333
vn -0.0000 0.3554 0.9347
vn -0.0000 0.2854 0.9584
vn 0.1104 0.2666 0.9575
vn -0.0000 -0.3554 0.9347
vn 0.1375 -0.3318 0.9333
vn 0.1104 -0.2666 0.9575
vn -0.0000 -0.2854 0.9584
vn 0.2513 0.2513 0.9347
vn 0.2018 0.2018 0.9584
vn 0.6840 0.2833 0.6722
vn 0.5207 0.5207 0.6766
vn -0.2833 -0.6840 0.6722
vn -0.0000 -0.7363 0.6766
vn -0.6840 -0.2833 0.6722
vn -0.5207 -0.5207 0.6766
vn 0.2833 0.6840 0.6722
vn -0.0000 0.7363 0.6766
vn 0.3075 0.9516 -0.0000
vn 0.0118 0.9999 -0.0000
vn 0.0118 0.9999 -0.0001
vn -0.0124 0.9999 -0.0000
vn -0.3233 0.9463 -0.0000
vn 0.0042 -1.0000 -0.0000
vn 0.0042 -1.0000 0.0001
vn 0.3555 0.8583 0.3700
vn -0.0000 0.9287 0.3709
vn -0.8583 -0.3555 0.3700
vn -0.6567 -0.6567 0.3709
vn -0.3555 -0.8583 0.3700
vn -0.0000 -0.9287 0.3709
vn 0.8583 0.3555 0.3700
vn 0.6567 0.6567 0.3709
vn 0.3555 -0.8583 0.3700
vn 0.6567 -0.6567 0.3709
vn 0.8583 -0.3555 0.3700
vn 0.9287 -0.0000 0.3709
vn -0.8583 0.3555 0.3700
vn -0.9287 -0.0000 0.3709
vn -0.3555 0.8583 0.3700
vn -0.6567 0.6567 0.3709
vn 0.8621 -0.3571 0.3595
vn 0.9328 -0.0000 0.3604
vn -0.3571 0.8621 0.3595
vn -0.6596 0.6596 0.3604
vn -0.8621 -0.3571 0.3595
vn -0.6596 -0.6596 0.3604
vn -0.3571 -0.8621 0.3595
vn -0.0000 -0.9328 0.3604
vn 0.3571 -0.8621 0.3595
vn 0.6596 -0.6596 0.3604
vn -0.8621 0.3571 0.3595
vn -0.9328 -0.0000 0.3604
vn 0.3571 0.8621 0.3595
vn -0.0000 0.9328 0.3604
vn 0.8621 0.3571 0.3595
vn 0.6596 0.6596 0.3604
vn -0.3107 -0.7500 0.5839
vn -0.0000 -0.8111 0.5850
vn 0.7500 -0.3107 0.5839
vn 0.8111 -0.0000 0.5850
vn -0.3107 0.7501 0.5839
vn -0.5735 0.5735 0.5850
vn -0.7500 0.3107 0.5839
vn -0.8111 -0.0000 0.5850
vn -0.7500 -0.3107 0.5839
vn -0.5735 -0.5735 0.5850
vn 0.3107 0.7501 0.5839
vn -0.0000 0.8111 0.5850
vn 0.7500 0.3107 0.5839
vn 0.5735 0.5735 0.5850
vn 0.3107 -0.7500 0.5839
vn 0.5735 -0.5735 0.5850
vn -0.3085 -0.9512 -0.0000
vn -0.0114 -0.9999 -0.0000
vn -0.0085 1.0000 -0.0000
vn 0.0082 1.0000 -0.0000
vn 0.0120 -0.9999 -0.0000
vn 0.3106 -0.9505 -0.0000
vn -0.9360 0.3520 -0.0000
vn -0.7106 0.7036 -0.0000
vn -1.0000 -0.0021 -0.0000
vn -0.9339 -0.3575 -0.0000
vn -0.6986 -0.7155 -0.0000
vn 0.9319 -0.3628 -0.0000
vn 1.0000 -0.0006 -0.0000
vn 0.9322 0.3620 -0.0000
vn 0.9322 0.3619 -0.0000
vn 0.6962 0.7179 -0.0000
vn 0.6957 -0.7183 -0.0000
vn -0.0084 -1.0000 -0.0000
vn 0.0088 -1.0000 -0.0000
vn 0.9317 0.3633 -0.0000
vn 0.6619 0.7496 -0.0000
vn 0.3073 -0.9516 -0.0000
vn 0.6791 -0.7340 -0.0000
vn -0.6608 0.7506 -0.0000
vn -0.9285 0.3714 -0.0000
vn 0.3016 0.9534 -0.0000
vn -1.0000 0.0007 -0.0000
vn -0.2872 -0.9579 -0.0000
vn -0.6625 -0.7490 -0.0000
vn -0.9288 -0.3706 -0.0000
vn -0.2920 0.9564 -0.0000
vn 0.9318 -0.3629 -0.0000
vn 1.0000 0.0013 -0.0000
vn -1.0000 0.0009 -0.0000
vn -1.0000 -0.0009 -0.0000
vn -1.0000 -0.0009 -0.0001
vn 1.0000 -0.0009 -0.0000
vn 1.0000 0.0009 -0.0000
vn 0.7100 -0.7042 -0.0000
vn 0.7093 0.7049 -0.0000
vn -0.7097 -0.7045 -0.0000
vn -0.7093 0.7049 -0.0000
vn -0.1375 0.3318 0.9333
vn -0.2513 0.2513 0.9347
vn -0.2018 0.2018 0.9584
vn -0.1104 0.2666 0.9575
vn -0.1375 -0.3318 0.9333
vn -0.1104 -0.2666 0.9575
vn -0.2513 -0.2513 0.9347
vn -0.2018 -0.2018 0.9584
vn 0.2513 -0.2513 0.9347
vn 0.2018 -0.2018 0.9584
vn 0.3318 -0.1375 0.9333
vn 0.2666 -0.1104 0.9575
vn -0.3554 -0.0000 0.9347
vn -0.3318 -0.1375 0.9333
vn -0.2666 -0.1104 0.9575
vn -0.2854 -0.0000 0.9584
vn -0.3318 0.1375 0.9333
vn -0.2666 0.1104 0.9575
vt 0.837905 0.063211
vt 0.837030 0.045630
vt 0.852314 0.044446
vt 0.852800 0.063013
vt 0.835496 0.472293
vt 0.836412 0.454189
vt 0.851642 0.454410
vt 0.851284 0.473386
vt 0.482236 0.773134
vt 0.482236 0.798297
vt 0.444180 0.798298
vt 0.444180 0.773134
vt 0.837456 0.080685
vt 0.852698 0.081481
vt 0.836074 0.436352
vt 0.834657 0.417482
vt 0.850465 0.416361
vt 0.851536 0.435738
vt 0.828546 0.510873
vt 0.833376 0.490936
vt 0.850032 0.493480
vt 0.846754 0.516020
vt 0.566351 0.771662
vt 0.566351 0.798298
vt 0.528294 0.798298
vt 0.528294 0.771662
vt 0.754813 0.174795
vt 0.754516 0.411358
vt 0.738124 0.412543
vt 0.738228 0.174336
vt 0.499601 0.773402
vt 0.499601 0.797636
vt 0.483421 0.798272
vt 0.483421 0.773145
vt 0.743118 0.045901
vt 0.740984 0.027802
vt 0.757105 0.025108
vt 0.758575 0.044745
vt 0.736258 0.489318
vt 0.738521 0.469698
vt 0.755120 0.470887
vt 0.753790 0.492009
vt 0.567536 0.027586
vt 0.567536 0.002458
vt 0.583716 0.003094
vt 0.583716 0.027329
vt 0.566351 0.002433
vt 0.566351 0.027596
vt 0.528294 0.027596
vt 0.528294 0.002433
vt 0.739555 0.450663
vt 0.755543 0.450983
vt 0.756506 0.148156
vt 0.758833 0.101556
vt 0.793899 0.101669
vt 0.795633 0.148453
vt 0.743531 0.081348
vt 0.743975 0.063681
vt 0.759023 0.063483
vt 0.758927 0.082081
vt 0.905320 0.409501
vt 0.904243 0.417919
vt 0.888506 0.416576
vt 0.889120 0.408427
vt 0.813409 0.174932
vt 0.809920 0.413059
vt 0.793643 0.411639
vt 0.796934 0.175150
vt 0.848407 0.003530
vt 0.890577 0.002433
vt 0.887533 0.024707
vt 0.851931 0.024892
vt 0.902149 0.063266
vt 0.902651 0.080781
vt 0.887534 0.081589
vt 0.887309 0.063160
vt 0.886481 0.044482
vt 0.853389 0.044394
vt 0.511067 0.797636
vt 0.511067 0.771928
vt 0.527111 0.771672
vt 0.527111 0.798272
vt 0.886265 0.063151
vt 0.853845 0.062997
vt 0.904914 0.027210
vt 0.902927 0.045503
vt 0.887564 0.044524
vt 0.888700 0.024809
vt 0.886481 0.081628
vt 0.853757 0.081514
vt 0.887726 0.100718
vt 0.870110 0.101156
vt 0.426952 0.028802
vt 0.426952 0.003094
vt 0.442996 0.002458
vt 0.442997 0.029058
vt 0.902698 0.472533
vt 0.904807 0.490774
vt 0.888690 0.493446
vt 0.887242 0.473636
vt 0.869337 0.435681
vt 0.886098 0.435963
vt 0.885803 0.454720
vt 0.811402 0.489066
vt 0.816543 0.509333
vt 0.798269 0.514693
vt 0.794459 0.491933
vt 0.852705 0.454427
vt 0.886147 0.473683
vt 0.852389 0.473435
vt 0.902507 0.436826
vt 0.901924 0.454619
vt 0.886865 0.454709
vt 0.887170 0.436007
vt 0.887532 0.493573
vt 0.851224 0.493590
vt 0.891034 0.515371
vt 0.848032 0.516283
vt 0.755679 0.411322
vt 0.756018 0.174805
vt 0.795730 0.175142
vt 0.792478 0.411597
vt 0.809094 0.469895
vt 0.792875 0.471145
vt 0.756637 0.431397
vt 0.791342 0.431808
vt 0.791273 0.451383
vt 0.756657 0.451002
vt 0.810640 0.100280
vt 0.813120 0.147920
vt 0.796816 0.148414
vt 0.795015 0.101606
vt 0.791729 0.471198
vt 0.756280 0.470938
vt 0.808484 0.432480
vt 0.808122 0.451095
vt 0.792382 0.451366
vt 0.792459 0.431844
vt 0.793242 0.492070
vt 0.755044 0.492125
vt 0.796983 0.514991
vt 0.751686 0.516013
vt 0.426952 0.797636
vt 0.426952 0.773402
vt 0.442997 0.773145
vt 0.442996 0.798272
vt 0.754773 0.003362
vt 0.797441 0.002433
vt 0.794256 0.024948
vt 0.758255 0.024980
vt 0.808812 0.064011
vt 0.809183 0.081704
vt 0.793906 0.082385
vt 0.793821 0.063797
vt 0.793094 0.044933
vt 0.759661 0.044695
vt 0.482236 0.675338
vt 0.444180 0.675338
vt 0.444180 0.029069
vt 0.482236 0.029069
vt 0.792766 0.063782
vt 0.760078 0.063469
vt 0.811823 0.027568
vt 0.809713 0.046058
vt 0.794188 0.044980
vt 0.795437 0.025057
vt 0.792844 0.082411
vt 0.759997 0.082116
vt 0.511067 0.027329
vt 0.511067 0.003094
vt 0.527111 0.002458
vt 0.527111 0.027586
vt 0.502699 0.003338
vt 0.502699 0.028802
vt 0.499601 0.028802
vt 0.499601 0.003094
vt 0.834866 0.027742
vt 0.850794 0.025022
vt 0.567536 0.798272
vt 0.567536 0.771672
vt 0.583716 0.771928
vt 0.583716 0.797636
vt 0.739321 0.431966
vt 0.755522 0.431422
vt 0.835781 0.099175
vt 0.851392 0.100583
vt 0.909631 0.510051
vt 0.892258 0.515091
vt 0.482236 0.002433
vt 0.444180 0.002433
vt 0.831617 0.028353
vt 0.826910 0.009936
vt 0.830049 0.008865
vt 0.833813 0.045896
vt 0.834716 0.063238
vt 0.834300 0.080487
vt 0.832620 0.098860
vt 0.832855 0.436517
vt 0.831441 0.417771
vt 0.833141 0.454145
vt 0.832163 0.472023
vt 0.829968 0.490326
vt 0.825227 0.509782
vt 0.735968 0.432094
vt 0.734893 0.412653
vt 0.736119 0.450597
vt 0.735014 0.469403
vt 0.732670 0.488672
vt 0.727668 0.509159
vt 0.731162 0.510310
vt 0.737696 0.028409
vt 0.733002 0.009762
vt 0.736181 0.008690
vt 0.739864 0.046163
vt 0.740750 0.063707
vt 0.740345 0.081159
vt 0.738779 0.099711
vt 0.741926 0.099959
vt 0.847206 0.003809
vt 0.904302 0.099268
vt 0.888827 0.100634
vt 0.586814 0.003338
vt 0.586814 0.027329
vt 0.735755 0.147257
vt 0.738914 0.147396
vt 0.830719 0.116594
vt 0.833934 0.116652
vt 0.850016 0.408264
vt 0.833714 0.409103
vt 0.750341 0.515737
vt 0.816629 0.007777
vt 0.798707 0.002695
vt 0.586813 0.771928
vt 0.586813 0.797393
vt 0.753557 0.003640
vt 0.909568 0.007622
vt 0.891829 0.002686
vt 0.757712 0.101493
vt 0.755325 0.148099
vt 0.502699 0.675339
vt 0.499601 0.675339
vt 0.591679 0.124487
vt 0.591679 0.098469
vt 0.654808 0.098469
vt 0.654808 0.124487
vt 0.442997 0.675338
vt 0.426952 0.675339
vt 0.483421 0.675338
vt 0.483421 0.029058
vt 0.502699 0.773402
vt 0.502699 0.797392
vt 0.913263 0.008820
vt 0.908706 0.027871
vt 0.906635 0.045781
vt 0.905790 0.063283
vt 0.906232 0.080553
vt 0.907883 0.098918
vt 0.907900 0.418305
vt 0.906154 0.437073
vt 0.905609 0.454615
vt 0.906415 0.472249
vt 0.908563 0.490086
vt 0.913263 0.508830
vt 0.813576 0.413236
vt 0.812277 0.432663
vt 0.811985 0.451046
vt 0.812999 0.469570
vt 0.815352 0.488326
vt 0.820361 0.508036
vt 0.820361 0.009007
vt 0.815656 0.028257
vt 0.813461 0.046361
vt 0.812492 0.064056
vt 0.812796 0.081512
vt 0.814209 0.100031
vt 0.817003 0.174906
vt 0.423450 0.675339
vt 0.423450 0.028802
vt 0.507565 0.771928
vt 0.507565 0.027328
vt 0.423450 0.003370
vt 0.507565 0.797361
vt 0.507565 0.003370
vt 0.423450 0.797361
vt 0.423450 0.773402
vt 0.909008 0.409644
vt 0.735055 0.174266
vt 0.816706 0.147809
vt 0.473732 0.701357
vt 0.482236 0.701357
vt 0.482236 0.732256
vt 0.473732 0.732256
vt 0.659674 0.027897
vt 0.659674 0.002465
vt 0.722802 0.002433
vt 0.722802 0.027897
vt 0.918129 0.961399
vt 0.918291 0.943685
vt 0.981417 0.944197
vt 0.981254 0.962007
vt 0.918407 0.927208
vt 0.981535 0.927592
vt 0.918491 0.910729
vt 0.981619 0.910985
vt 0.918541 0.894248
vt 0.918559 0.876528
vt 0.931191 0.876534
vt 0.931173 0.894273
vt 0.969037 0.894350
vt 0.981669 0.894375
vt 0.918559 0.587279
vt 0.918559 0.570132
vt 0.981687 0.570100
vt 0.981687 0.587255
vt 0.918541 0.552412
vt 0.981669 0.552284
vt 0.918491 0.535931
vt 0.981619 0.535675
vt 0.918407 0.519452
vt 0.981535 0.519068
vt 0.918291 0.502974
vt 0.981417 0.502462
vt 0.918129 0.485261
vt 0.981254 0.484653
vt 0.591679 0.796456
vt 0.591679 0.771023
vt 0.654808 0.771023
vt 0.654808 0.796488
vt 0.452683 0.732256
vt 0.444180 0.732256
vt 0.444180 0.701357
vt 0.452683 0.701357
vt 0.591679 0.026424
vt 0.591679 0.002465
vt 0.654808 0.002433
vt 0.654808 0.026424
vt 0.981687 0.003041
vt 0.981526 0.020754
vt 0.918399 0.020242
vt 0.918562 0.002433
vt 0.981409 0.037232
vt 0.918282 0.036848
vt 0.981325 0.053711
vt 0.918197 0.053455
vt 0.981275 0.070192
vt 0.918147 0.070064
vt 0.981257 0.087912
vt 0.918129 0.087880
vt 0.981257 0.321279
vt 0.918129 0.321276
vt 0.981257 0.347506
vt 0.918129 0.347506
vt 0.981257 0.394308
vt 0.918129 0.394340
vt 0.981275 0.412028
vt 0.918147 0.412156
vt 0.981325 0.428509
vt 0.918197 0.428765
vt 0.981409 0.444988
vt 0.918282 0.445372
vt 0.981526 0.461466
vt 0.918399 0.461978
vt 0.981687 0.479179
vt 0.918562 0.479787
vt 0.659674 0.796456
vt 0.659674 0.772497
vt 0.722802 0.772497
vt 0.722802 0.796488
vt 0.423450 0.732256
vt 0.426952 0.732256
vt 0.499601 0.701357
vt 0.483421 0.701357
vt 0.591679 0.067569
vt 0.654808 0.067569
vt 0.771400 0.654462
vt 0.771400 0.660049
vt 0.769483 0.660049
vt 0.769483 0.654462
vt 0.744584 0.645864
vt 0.743548 0.641848
vt 0.751279 0.649879
vt 0.771399 0.715606
vt 0.771399 0.721193
vt 0.769482 0.721193
vt 0.769482 0.715606
vt 0.771400 0.664061
vt 0.769483 0.664061
vt 0.771399 0.725206
vt 0.769482 0.725206
vt 0.771400 0.665951
vt 0.771400 0.668231
vt 0.769483 0.668231
vt 0.769463 0.665951
vt 0.771400 0.604807
vt 0.771400 0.607087
vt 0.769482 0.607087
vt 0.769463 0.604807
vt 0.771400 0.672378
vt 0.769483 0.672378
vt 0.442997 0.732256
vt 0.771400 0.611234
vt 0.769482 0.611234
vt 0.771400 0.642133
vt 0.769482 0.642133
vt 0.771400 0.646280
vt 0.769482 0.646280
vt 0.771400 0.703277
vt 0.771400 0.707424
vt 0.769482 0.707424
vt 0.769482 0.703277
vt 0.771400 0.648560
vt 0.771400 0.650450
vt 0.769483 0.650450
vt 0.769463 0.648560
vt 0.771400 0.709704
vt 0.771399 0.711594
vt 0.769482 0.711594
vt 0.769463 0.709704
vt 0.771399 0.602917
vt 0.769482 0.602917
vt 0.756866 0.602917
vt 0.760731 0.603993
vt 0.763561 0.606933
vt 0.764597 0.641848
vt 0.756866 0.649879
vt 0.763561 0.645864
vt 0.762316 0.647773
vt 0.760731 0.648803
vt 0.747413 0.648803
vt 0.745829 0.647773
vt 0.762316 0.605023
vt 0.764597 0.610949
vt 0.743548 0.610949
vt 0.744584 0.606933
vt 0.751279 0.602917
vt 0.745829 0.605023
vt 0.747413 0.603993
vt 0.502699 0.701357
vt 0.423450 0.701357
vt 0.426952 0.701357
vt 0.499601 0.732256
vt 0.502699 0.732256
vt 0.466001 0.740287
vt 0.460414 0.740287
vt 0.483421 0.732256
vt 0.442997 0.701357
vt 0.852496 0.100667
vt 0.851575 0.416292
vt 0.852608 0.435704
vt 0.887391 0.416489
vt 0.483421 0.002458
vt 0.851170 0.408236
vt 0.888730 0.117324
vt 0.889894 0.117293
vt 0.460414 0.693326
vt 0.466001 0.693326
vt 0.471451 0.695432
vt 0.469867 0.694402
vt 0.454964 0.695432
vt 0.454964 0.738181
vt 0.456549 0.739211
vt 0.471451 0.738181
vt 0.453719 0.736272
vt 0.472696 0.736272
vt 0.469867 0.739211
vt 0.453719 0.697341
vt 0.456549 0.694402
vt 0.472696 0.697341
vt 0.861266 0.422455
vt 0.855057 0.416494
vt 0.788638 0.754599
vt 0.788638 0.752369
vt 0.802948 0.752369
vt 0.802948 0.754599
vt 0.774170 0.574800
vt 0.774170 0.572570
vt 0.788480 0.572570
vt 0.788480 0.574800
vt 0.793346 0.568111
vt 0.793346 0.565881
vt 0.807656 0.565881
vt 0.807656 0.568111
vt 0.788638 0.736761
vt 0.788638 0.734531
vt 0.802948 0.734531
vt 0.802948 0.736761
vt 0.877398 0.422611
vt 0.869323 0.424709
vt 0.776266 0.686231
vt 0.776266 0.684001
vt 0.790575 0.684001
vt 0.790575 0.686231
vt 0.769463 0.738991
vt 0.769463 0.736761
vt 0.783772 0.736761
vt 0.783772 0.738991
vt 0.774170 0.559191
vt 0.774170 0.556962
vt 0.788480 0.556962
vt 0.788480 0.559191
vt 0.776266 0.652378
vt 0.776266 0.650149
vt 0.790576 0.650149
vt 0.790576 0.652378
vt 0.856242 0.280731
vt 0.850036 0.281909
vt 0.850118 0.233466
vt 0.856306 0.234661
vt 0.889708 0.233519
vt 0.889701 0.281965
vt 0.883271 0.280769
vt 0.883334 0.234698
vt 0.866121 0.325012
vt 0.863906 0.324416
vt 0.869739 0.292427
vt 0.776266 0.704475
vt 0.776266 0.702246
vt 0.790575 0.702246
vt 0.790575 0.704475
vt 0.793346 0.559191
vt 0.793346 0.556962
vt 0.807656 0.556962
vt 0.807656 0.559191
vt 0.793346 0.570340
vt 0.807656 0.570340
vt 0.774170 0.579259
vt 0.774170 0.577030
vt 0.788480 0.577030
vt 0.788480 0.579259
vt 0.807656 0.534258
vt 0.807656 0.536487
vt 0.793346 0.536487
vt 0.793346 0.534258
vt 0.793346 0.574800
vt 0.793346 0.572570
vt 0.807656 0.572570
vt 0.807656 0.574800
vt 0.788638 0.732301
vt 0.788638 0.730072
vt 0.802948 0.730072
vt 0.802948 0.732301
vt 0.774170 0.563651
vt 0.774170 0.561421
vt 0.788480 0.561421
vt 0.788480 0.563651
vt 0.774170 0.536487
vt 0.774170 0.534258
vt 0.788480 0.534258
vt 0.788480 0.536487
vt 0.769463 0.754599
vt 0.769463 0.752369
vt 0.783772 0.752369
vt 0.783772 0.754599
vt 0.776266 0.722314
vt 0.776266 0.720084
vt 0.790575 0.720084
vt 0.790575 0.722314
vt 0.764597 0.786222
vt 0.764597 0.788452
vt 0.750287 0.788452
vt 0.750287 0.786222
vt 0.774170 0.568111
vt 0.774170 0.565881
vt 0.788480 0.565881
vt 0.788480 0.568111
vt 0.750287 0.732301
vt 0.750287 0.730072
vt 0.764597 0.730072
vt 0.764597 0.732301
vt 0.750287 0.743450
vt 0.750287 0.741220
vt 0.764597 0.741220
vt 0.764597 0.743450
vt 0.783772 0.777303
vt 0.783772 0.779533
vt 0.769463 0.779533
vt 0.769463 0.777303
vt 0.776266 0.661297
vt 0.776266 0.659068
vt 0.790576 0.659068
vt 0.790576 0.661297
vt 0.769463 0.750139
vt 0.769463 0.747910
vt 0.783772 0.747910
vt 0.783772 0.750139
vt 0.776266 0.675082
vt 0.776266 0.672853
vt 0.790575 0.672853
vt 0.790575 0.675082
vt 0.807656 0.527568
vt 0.807656 0.529798
vt 0.793346 0.529798
vt 0.793346 0.527568
vt 0.774170 0.540947
vt 0.774170 0.538717
vt 0.788480 0.538717
vt 0.788480 0.540947
vt 0.764597 0.763924
vt 0.764597 0.766154
vt 0.750287 0.766154
vt 0.750287 0.763924
vt 0.802948 0.781762
vt 0.802948 0.783992
vt 0.788638 0.783992
vt 0.788638 0.781762
vt 0.807656 0.540947
vt 0.807656 0.543177
vt 0.793346 0.543177
vt 0.793346 0.540947
vt 0.769463 0.734531
vt 0.783772 0.734531
vt 0.774170 0.545406
vt 0.774170 0.543177
vt 0.788480 0.543177
vt 0.788480 0.545406
vt 0.793346 0.554732
vt 0.793346 0.552502
vt 0.807656 0.552502
vt 0.807656 0.554732
vt 0.790576 0.602917
vt 0.790576 0.605147
vt 0.776266 0.605147
vt 0.776266 0.602917
vt 0.802948 0.768384
vt 0.802948 0.770614
vt 0.788638 0.770614
vt 0.788638 0.768384
vt 0.776266 0.647919
vt 0.790576 0.647919
vt 0.776266 0.636770
vt 0.776266 0.634540
vt 0.790575 0.634540
vt 0.790575 0.636770
vt 0.776266 0.724543
vt 0.790575 0.724543
vt 0.769463 0.741220
vt 0.783772 0.741220
vt 0.750287 0.738991
vt 0.750287 0.736761
vt 0.764597 0.736761
vt 0.764597 0.738991
vt 0.776266 0.717854
vt 0.790575 0.717854
vt 0.776266 0.688461
vt 0.790575 0.688461
vt 0.764597 0.768384
vt 0.764597 0.770614
vt 0.750287 0.770614
vt 0.750287 0.768384
vt 0.776266 0.679542
vt 0.776266 0.677312
vt 0.790575 0.677312
vt 0.790575 0.679542
vt 0.783772 0.763924
vt 0.783772 0.766154
vt 0.769463 0.766154
vt 0.769463 0.763924
vt 0.776266 0.692920
vt 0.776266 0.690691
vt 0.790575 0.690691
vt 0.790575 0.692920
vt 0.774170 0.523109
vt 0.774170 0.520879
vt 0.788480 0.520879
vt 0.788480 0.523109
vt 0.807656 0.532028
vt 0.793346 0.532028
vt 0.774170 0.532028
vt 0.788480 0.532028
vt 0.790576 0.607377
vt 0.790576 0.609607
vt 0.776266 0.609607
vt 0.776266 0.607377
vt 0.776266 0.713395
vt 0.776266 0.711165
vt 0.790575 0.711165
vt 0.790575 0.713395
vt 0.764597 0.783992
vt 0.750287 0.783992
vt 0.769463 0.745680
vt 0.783772 0.745680
vt 0.790576 0.620755
vt 0.790576 0.622985
vt 0.776266 0.622985
vt 0.776266 0.620755
vt 0.776266 0.708935
vt 0.776266 0.706705
vt 0.790575 0.706705
vt 0.790575 0.708935
vt 0.750287 0.752369
vt 0.750287 0.750139
vt 0.764597 0.750139
vt 0.764597 0.752369
vt 0.783772 0.781762
vt 0.769463 0.781762
vt 0.776266 0.668393
vt 0.776266 0.666163
vt 0.790575 0.666163
vt 0.790575 0.668393
vt 0.769463 0.743450
vt 0.783772 0.743450
vt 0.790576 0.611836
vt 0.776266 0.611836
vt 0.750287 0.734531
vt 0.764597 0.734531
vt 0.790576 0.625215
vt 0.790576 0.627445
vt 0.776266 0.627445
vt 0.776266 0.625215
vt 0.802948 0.775073
vt 0.802948 0.777303
vt 0.788638 0.777303
vt 0.788638 0.775073
vt 0.783772 0.768384
vt 0.783772 0.770614
vt 0.769463 0.770614
vt 0.769463 0.768384
vt 0.776266 0.681772
vt 0.790575 0.681772
vt 0.776266 0.715624
vt 0.790575 0.715624
vt 0.788638 0.745680
vt 0.788638 0.743450
vt 0.802948 0.743450
vt 0.802948 0.745680
vt 0.793346 0.579259
vt 0.793346 0.577030
vt 0.807656 0.577030
vt 0.807656 0.579259
vt 0.764597 0.772843
vt 0.750287 0.772843
vt 0.807656 0.545407
vt 0.807656 0.547636
vt 0.793346 0.547636
vt 0.793346 0.545407
vt 0.774170 0.529798
vt 0.774170 0.527568
vt 0.788480 0.527568
vt 0.788480 0.529798
vt 0.776266 0.656838
vt 0.790576 0.656838
vt 0.764597 0.775073
vt 0.750287 0.775073
vt 0.776266 0.645689
vt 0.776266 0.643459
vt 0.790576 0.643459
vt 0.790576 0.645689
vt 0.783772 0.772843
vt 0.783772 0.775073
vt 0.769463 0.775073
vt 0.769463 0.772843
vt 0.774170 0.525339
vt 0.788480 0.525339
vt 0.802948 0.779533
vt 0.788638 0.779533
vt 0.788638 0.756829
vt 0.802948 0.756829
vt 0.776266 0.670623
vt 0.790575 0.670623
vt 0.783772 0.761695
vt 0.769463 0.761695
vt 0.802948 0.761695
vt 0.802948 0.763924
vt 0.788638 0.763924
vt 0.788638 0.761695
vt 0.802948 0.786222
vt 0.802948 0.788452
vt 0.788638 0.788452
vt 0.788638 0.786222
vt 0.750287 0.754599
vt 0.764597 0.754599
vt 0.750287 0.745680
vt 0.764597 0.745680
vt 0.776266 0.654608
vt 0.790576 0.654608
vt 0.764597 0.777303
vt 0.750287 0.777303
vt 0.764597 0.781762
vt 0.750287 0.781762
vt 0.788638 0.741220
vt 0.788638 0.738991
vt 0.802948 0.738991
vt 0.802948 0.741220
vt 0.764597 0.779533
vt 0.750287 0.779533
vt 0.783772 0.783992
vt 0.783772 0.786222
vt 0.769463 0.786222
vt 0.769463 0.783992
vt 0.788638 0.750139
vt 0.802948 0.750139
vt 0.769463 0.756829
vt 0.783772 0.756829
vt 0.790576 0.629674
vt 0.776266 0.629674
vt 0.776266 0.641230
vt 0.790576 0.641230
vt 0.774170 0.547636
vt 0.788480 0.547636
vt 0.776266 0.700016
vt 0.776266 0.697786
vt 0.790575 0.697786
vt 0.790575 0.700016
vt 0.802948 0.766154
vt 0.788638 0.766154
vt 0.774170 0.554732
vt 0.774170 0.552502
vt 0.788480 0.552502
vt 0.788480 0.554732
vt 0.793346 0.563651
vt 0.793346 0.561421
vt 0.807656 0.561421
vt 0.807656 0.563651
vt 0.878536 0.107908
vt 0.876486 0.107421
vt 0.874458 0.107994
vt 0.866744 0.107996
vt 0.864717 0.107422
vt 0.862668 0.107907
vt 0.872963 0.109500
vt 0.868237 0.109502
vt 0.872423 0.111563
vt 0.868778 0.111559
vt 0.872990 0.113627
vt 0.868213 0.113623
vt 0.874527 0.115141
vt 0.866679 0.115138
vt 0.866629 0.119976
vt 0.874576 0.119964
vt 0.873039 0.121521
vt 0.868166 0.121525
vt 0.872479 0.123646
vt 0.868724 0.123647
vt 0.873059 0.125776
vt 0.868145 0.125775
vt 0.874633 0.127338
vt 0.866570 0.127338
vt 0.876622 0.115675
vt 0.876675 0.119376
vt 0.878697 0.115089
vt 0.878794 0.119917
vt 0.880190 0.113522
vt 0.880370 0.121442
vt 0.880696 0.111419
vt 0.880077 0.109362
vt 0.880982 0.123561
vt 0.864526 0.119384
vt 0.864583 0.115674
vt 0.862404 0.119917
vt 0.862506 0.115090
vt 0.860828 0.121433
vt 0.861014 0.113523
vt 0.861127 0.109360
vt 0.860508 0.111419
vt 0.851432 0.117285
vt 0.860215 0.123544
vt 0.880458 0.125710
vt 0.860739 0.125687
vt 0.790576 0.616296
vt 0.790576 0.618526
vt 0.776266 0.618526
vt 0.776266 0.616296
vt 0.783772 0.788452
vt 0.769463 0.788452
vt 0.764597 0.761695
vt 0.750287 0.761695
vt 0.788638 0.747910
vt 0.802948 0.747910
vt 0.790576 0.614066
vt 0.776266 0.614066
vt 0.802948 0.772843
vt 0.788638 0.772843
vt 0.750287 0.747910
vt 0.764597 0.747910
vt 0.776266 0.639000
vt 0.790576 0.639000
vt 0.807656 0.520879
vt 0.807656 0.523109
vt 0.793346 0.523109
vt 0.793346 0.520879
vt 0.769463 0.732301
vt 0.783772 0.732301
vt 0.807656 0.538717
vt 0.793346 0.538717
vt 0.807656 0.525339
vt 0.793346 0.525339
vt 0.774170 0.570340
vt 0.788480 0.570340
vt 0.750287 0.756829
vt 0.764597 0.756829
vt 0.769463 0.730072
vt 0.783772 0.730072
vt 0.889726 0.200948
vt 0.876972 0.191537
vt 0.879205 0.190938
vt 0.861866 0.190916
vt 0.864097 0.191520
vt 0.850200 0.200895
vt 0.873106 0.189301
vt 0.874739 0.190937
vt 0.866331 0.190926
vt 0.867968 0.189295
vt 0.868570 0.187064
vt 0.872510 0.187069
vt 0.867976 0.184833
vt 0.873110 0.184840
vt 0.874743 0.183209
vt 0.866346 0.183199
vt 0.866358 0.178070
vt 0.867991 0.176443
vt 0.873115 0.176448
vt 0.874744 0.178079
vt 0.868591 0.174218
vt 0.872520 0.174223
vt 0.867999 0.171993
vt 0.873117 0.172000
vt 0.874744 0.170375
vt 0.866376 0.170364
vt 0.876972 0.182611
vt 0.876971 0.178676
vt 0.879201 0.183208
vt 0.879198 0.178078
vt 0.880835 0.184839
vt 0.880827 0.176446
vt 0.889700 0.180345
vt 0.881434 0.187070
vt 0.880838 0.189303
vt 0.881420 0.174218
vt 0.864130 0.178661
vt 0.864119 0.182596
vt 0.861905 0.178057
vt 0.861889 0.183187
vt 0.860251 0.184814
vt 0.860281 0.176422
vt 0.860237 0.189277
vt 0.859646 0.187043
vt 0.850289 0.180293
vt 0.859693 0.174193
vt 0.880818 0.171993
vt 0.860299 0.171970
vt 0.860600 0.133801
vt 0.850797 0.136515
vt 0.862284 0.127280
vt 0.862207 0.132240
vt 0.860457 0.146392
vt 0.850487 0.155146
vt 0.889569 0.155196
vt 0.880710 0.146412
vt 0.889310 0.136566
vt 0.880588 0.133822
vt 0.878982 0.132256
vt 0.878913 0.127299
vt 0.876814 0.131695
vt 0.876779 0.127896
vt 0.874659 0.132287
vt 0.866529 0.132287
vt 0.864375 0.131687
vt 0.864420 0.127884
vt 0.866392 0.165185
vt 0.868017 0.163566
vt 0.873118 0.163570
vt 0.874739 0.165192
vt 0.868615 0.161352
vt 0.872525 0.161356
vt 0.868026 0.159138
vt 0.873118 0.159142
vt 0.874734 0.157523
vt 0.866413 0.157517
vt 0.876964 0.169776
vt 0.876957 0.165783
vt 0.879187 0.170368
vt 0.879174 0.165185
vt 0.880793 0.163559
vt 0.881377 0.161342
vt 0.864173 0.165771
vt 0.864158 0.169762
vt 0.861959 0.165166
vt 0.861934 0.170350
vt 0.860344 0.163535
vt 0.859764 0.161317
vt 0.880775 0.159131
vt 0.860370 0.159108
vt 0.866432 0.152436
vt 0.868048 0.150829
vt 0.873114 0.150835
vt 0.874728 0.152447
vt 0.868642 0.148633
vt 0.872523 0.148636
vt 0.868059 0.146438
vt 0.873109 0.146438
vt 0.874710 0.144830
vt 0.866458 0.144831
vt 0.876941 0.156929
vt 0.876932 0.153033
vt 0.879152 0.157517
vt 0.879134 0.152436
vt 0.880741 0.150818
vt 0.881317 0.148610
vt 0.864224 0.153018
vt 0.864207 0.156916
vt 0.862023 0.152418
vt 0.861995 0.157497
vt 0.860419 0.150797
vt 0.859847 0.148588
vt 0.866485 0.139799
vt 0.868088 0.138209
vt 0.873096 0.138209
vt 0.874695 0.139799
vt 0.868678 0.136038
vt 0.872508 0.136039
vt 0.868105 0.133870
vt 0.873083 0.133871
vt 0.876897 0.144236
vt 0.876878 0.140375
vt 0.879093 0.144814
vt 0.879056 0.139779
vt 0.880640 0.138172
vt 0.881199 0.135987
vt 0.864300 0.140373
vt 0.864272 0.144231
vt 0.862126 0.139766
vt 0.862077 0.144800
vt 0.860546 0.138152
vt 0.859989 0.135965
vt 0.886381 0.408295
vt 0.887952 0.408380
vt 0.883655 0.416663
vt 0.850470 0.388524
vt 0.869551 0.388363
vt 0.869546 0.390666
vt 0.860812 0.393073
vt 0.889607 0.315099
vt 0.879004 0.325037
vt 0.876790 0.324437
vt 0.874573 0.325026
vt 0.850048 0.314950
vt 0.859933 0.288458
vt 0.861690 0.325008
vt 0.872948 0.326645
vt 0.867740 0.326636
vt 0.872350 0.328858
vt 0.868331 0.328851
vt 0.872938 0.331074
vt 0.867734 0.331064
vt 0.874555 0.332697
vt 0.866112 0.332681
vt 0.866107 0.337881
vt 0.874541 0.337898
vt 0.872919 0.339512
vt 0.867723 0.339502
vt 0.872322 0.341721
vt 0.868312 0.341713
vt 0.872909 0.343930
vt 0.867717 0.343921
vt 0.874520 0.345550
vt 0.866099 0.345535
vt 0.876766 0.333296
vt 0.876754 0.337311
vt 0.878981 0.332709
vt 0.878963 0.337911
vt 0.880607 0.331094
vt 0.880576 0.339535
vt 0.881208 0.328881
vt 0.880621 0.326664
vt 0.889437 0.348731
vt 0.881160 0.341749
vt 0.863897 0.337288
vt 0.863899 0.333273
vt 0.861687 0.337879
vt 0.861687 0.332679
vt 0.860069 0.339497
vt 0.860067 0.331059
vt 0.860068 0.326629
vt 0.859474 0.328844
vt 0.850066 0.348655
vt 0.859477 0.341707
vt 0.880558 0.343957
vt 0.860069 0.343916
vt 0.860072 0.352332
vt 0.861685 0.345531
vt 0.861686 0.350718
vt 0.860100 0.365120
vt 0.850210 0.372622
vt 0.889218 0.372725
vt 0.880438 0.365170
vt 0.880520 0.352375
vt 0.878913 0.350754
vt 0.878935 0.345566
vt 0.876710 0.350154
vt 0.876726 0.346149
vt 0.874503 0.350735
vt 0.866094 0.350718
vt 0.863890 0.350128
vt 0.863892 0.346124
vt 0.866088 0.383725
vt 0.867666 0.382140
vt 0.872757 0.382159
vt 0.874333 0.383751
vt 0.868250 0.379975
vt 0.872188 0.379987
vt 0.867673 0.377806
vt 0.872780 0.377819
vt 0.874380 0.376237
vt 0.866084 0.376213
vt 0.876485 0.384352
vt 0.888849 0.388627
vt 0.878651 0.383800
vt 0.880256 0.382232
vt 0.880870 0.380065
vt 0.863935 0.384309
vt 0.861773 0.383744
vt 0.860178 0.382170
vt 0.859577 0.379998
vt 0.880313 0.377882
vt 0.860145 0.377818
vt 0.866082 0.371092
vt 0.867683 0.369494
vt 0.872822 0.369505
vt 0.874415 0.371110
vt 0.868272 0.367306
vt 0.872245 0.367316
vt 0.867689 0.365113
vt 0.872841 0.365129
vt 0.874453 0.363530
vt 0.866087 0.363505
vt 0.876562 0.375671
vt 0.876594 0.371712
vt 0.878734 0.376274
vt 0.878783 0.371144
vt 0.880398 0.369557
vt 0.881005 0.367370
vt 0.863901 0.371679
vt 0.863908 0.375634
vt 0.861717 0.371096
vt 0.861733 0.376222
vt 0.860113 0.369500
vt 0.859520 0.367314
vt 0.866088 0.358344
vt 0.867700 0.356737
vt 0.872872 0.356750
vt 0.874477 0.358365
vt 0.868293 0.354538
vt 0.872289 0.354546
vt 0.867706 0.352334
vt 0.872886 0.352345
vt 0.876651 0.362953
vt 0.876672 0.358965
vt 0.878842 0.363553
vt 0.878875 0.358387
vt 0.880496 0.356783
vt 0.881100 0.354583
vt 0.863890 0.358933
vt 0.863893 0.362919
vt 0.861691 0.358345
vt 0.861701 0.363510
vt 0.860078 0.356738
vt 0.859484 0.354536
vt 0.884435 0.399581
vt 0.852533 0.408186
vt 0.854583 0.399540
vt 0.878254 0.393101
vt 0.879558 0.288486
vt 0.869835 0.223003
vt 0.860019 0.226945
vt 0.879641 0.226971
vt 0.795441 0.661073
vt 0.795441 0.658862
vt 0.809529 0.658862
vt 0.809529 0.661073
vt 0.795441 0.650018
vt 0.795441 0.647807
vt 0.809529 0.647807
vt 0.809529 0.650018
vt 0.807814 0.732283
vt 0.807814 0.730072
vt 0.821902 0.730072
vt 0.821902 0.732283
vt 0.769463 0.802162
vt 0.769463 0.799951
vt 0.783550 0.799951
vt 0.783550 0.802162
vt 0.802726 0.808795
vt 0.802726 0.811006
vt 0.788638 0.811006
vt 0.788638 0.808795
vt 0.750287 0.811006
vt 0.750287 0.808795
vt 0.764375 0.808795
vt 0.764375 0.811006
vt 0.821902 0.768328
vt 0.821902 0.770539
vt 0.807814 0.770539
vt 0.807814 0.768328
vt 0.750287 0.819851
vt 0.750287 0.817639
vt 0.764375 0.817639
vt 0.764375 0.819851
vt 0.750287 0.799951
vt 0.750287 0.797740
vt 0.764375 0.797740
vt 0.764375 0.799951
vt 0.807592 0.795529
vt 0.807592 0.793318
vt 0.821680 0.793318
vt 0.821680 0.795529
vt 0.769463 0.811006
vt 0.769463 0.808795
vt 0.783550 0.808795
vt 0.783550 0.811006
vt 0.795442 0.690485
vt 0.795442 0.688274
vt 0.809529 0.688274
vt 0.809529 0.690485
vt 0.795441 0.704419
vt 0.795441 0.702208
vt 0.809529 0.702208
vt 0.809529 0.704419
vt 0.769463 0.817639
vt 0.769463 0.815428
vt 0.783550 0.815428
vt 0.783550 0.817639
vt 0.807814 0.738916
vt 0.807814 0.736705
vt 0.821902 0.736705
vt 0.821902 0.738916
vt 0.802726 0.817639
vt 0.802726 0.819851
vt 0.788638 0.819851
vt 0.788638 0.817639
vt 0.795442 0.613973
vt 0.795442 0.611762
vt 0.809529 0.611762
vt 0.809529 0.613973
vt 0.795442 0.620606
vt 0.795442 0.618395
vt 0.809529 0.618395
vt 0.809529 0.620606
vt 0.807592 0.813217
vt 0.807592 0.811006
vt 0.821680 0.811006
vt 0.821680 0.813217
vt 0.795442 0.616184
vt 0.809529 0.616184
vt 0.795441 0.722108
vt 0.795441 0.719897
vt 0.809529 0.719897
vt 0.809529 0.722108
vt 0.795442 0.681641
vt 0.795442 0.679430
vt 0.809529 0.679430
vt 0.809529 0.681641
vt 0.821902 0.761695
vt 0.821902 0.763906
vt 0.807814 0.763906
vt 0.807814 0.761695
vt 0.795441 0.656651
vt 0.809529 0.656651
vt 0.807592 0.802162
vt 0.807592 0.799951
vt 0.821680 0.799951
vt 0.821680 0.802162
vt 0.821902 0.766117
vt 0.807814 0.766117
vt 0.769463 0.797740
vt 0.783550 0.797740
vt 0.795441 0.638962
vt 0.795441 0.636751
vt 0.809529 0.636751
vt 0.809529 0.638962
vt 0.750287 0.806584
vt 0.764375 0.806584
vt 0.795441 0.634540
vt 0.809529 0.634540
vt 0.795441 0.711053
vt 0.795441 0.708842
vt 0.809529 0.708842
vt 0.809529 0.711053
vt 0.750287 0.804373
vt 0.750287 0.802162
vt 0.764375 0.802162
vt 0.764375 0.804373
vt 0.769463 0.806584
vt 0.769463 0.804373
vt 0.783550 0.804373
vt 0.783550 0.806584
vt 0.769463 0.813217
vt 0.783550 0.813217
vt 0.807814 0.756604
vt 0.807814 0.754393
vt 0.821902 0.754393
vt 0.821902 0.756604
vt 0.802726 0.802162
vt 0.802726 0.804373
vt 0.788638 0.804373
vt 0.788638 0.802162
vt 0.807814 0.734494
vt 0.821902 0.734494
vt 0.802726 0.806584
vt 0.788638 0.806584
vt 0.807814 0.747760
vt 0.807814 0.745549
vt 0.821902 0.745549
vt 0.821902 0.747760
vt 0.795441 0.629450
vt 0.795442 0.627239
vt 0.809529 0.627239
vt 0.809529 0.629450
vt 0.750287 0.815428
vt 0.764375 0.815428
vt 0.807814 0.743338
vt 0.821902 0.743338
vt 0.802726 0.793318
vt 0.802726 0.795529
vt 0.788638 0.795529
vt 0.788638 0.793318
vt 0.750287 0.813217
vt 0.764375 0.813217
vt 0.821902 0.779383
vt 0.821902 0.781594
vt 0.807814 0.781594
vt 0.807814 0.779383
vt 0.807592 0.797740
vt 0.821680 0.797740
vt 0.807814 0.741127
vt 0.821902 0.741127
vt 0.795442 0.609551
vt 0.809529 0.609551
vt 0.795442 0.625028
vt 0.795442 0.622817
vt 0.809529 0.622817
vt 0.809529 0.625028
vt 0.807592 0.808795
vt 0.821680 0.808795
vt 0.795441 0.706631
vt 0.809529 0.706631
vt 0.821902 0.783805
vt 0.821902 0.786016
vt 0.807814 0.786016
vt 0.807814 0.783805
vt 0.807592 0.806584
vt 0.821680 0.806584
vt 0.795442 0.670585
vt 0.795442 0.668374
vt 0.809529 0.668374
vt 0.809529 0.670585
vt 0.807592 0.804373
vt 0.821680 0.804373
vt 0.795442 0.677219
vt 0.809529 0.677219
vt 0.795441 0.645596
vt 0.795441 0.643385
vt 0.809529 0.643385
vt 0.809529 0.645596
vt 0.795442 0.666163
vt 0.809529 0.666163
vt 0.802726 0.813217
vt 0.788638 0.813217
vt 0.795441 0.717686
vt 0.795441 0.715475
vt 0.809529 0.715475
vt 0.809529 0.717686
vt 0.795441 0.641174
vt 0.809529 0.641174
vt 0.821902 0.772750
vt 0.807814 0.772750
vt 0.795441 0.654440
vt 0.809529 0.654440
vt 0.795441 0.713264
vt 0.809529 0.713264
vt 0.821902 0.774961
vt 0.807814 0.774961
vt 0.807592 0.819851
vt 0.807592 0.817639
vt 0.821680 0.817639
vt 0.821680 0.819850
vt 0.769463 0.795529
vt 0.769463 0.793318
vt 0.783550 0.793318
vt 0.783550 0.795529
vt 0.802726 0.797740
vt 0.802726 0.799951
vt 0.788638 0.799951
vt 0.788638 0.797740
vt 0.821902 0.788227
vt 0.807814 0.788227
vt 0.807814 0.752182
vt 0.821902 0.752182
vt 0.750287 0.795529
vt 0.764375 0.795529
vt 0.769463 0.819851
vt 0.783550 0.819851
vt 0.795442 0.607339
vt 0.795442 0.605128
vt 0.809529 0.605128
vt 0.809529 0.607339
vt 0.750287 0.793318
vt 0.764375 0.793318
vt 0.795441 0.699997
vt 0.795441 0.697786
vt 0.809529 0.697786
vt 0.809529 0.699997
vt 0.802726 0.815428
vt 0.788638 0.815428
vt 0.821902 0.777172
vt 0.807814 0.777172
vt 0.807592 0.815428
vt 0.821680 0.815428
vt 0.795442 0.675008
vt 0.795442 0.672796
vt 0.809529 0.672796
vt 0.809529 0.675008
vt 0.795441 0.652229
vt 0.809529 0.652229
vt 0.795442 0.686063
vt 0.795442 0.683852
vt 0.809529 0.683852
vt 0.809529 0.686063
vt 0.795441 0.724319
vt 0.809529 0.724319
vt 0.807814 0.749971
vt 0.821902 0.749971
vt 0.795442 0.602917
vt 0.809529 0.602917
vt 0.795441 0.692696
vt 0.809529 0.692696
vt 0.890876 0.281967
vt 0.890808 0.315088
vt 0.848859 0.281908
vt 0.848928 0.233471
vt 0.850280 0.117252
vt 0.911183 0.233810
vt 0.911123 0.282001
vt 0.907483 0.281995
vt 0.907544 0.233735
vt 0.832112 0.281892
vt 0.832179 0.233635
vt 0.828875 0.314423
vt 0.828893 0.281889
vt 0.832094 0.314548
vt 0.890936 0.233528
vt 0.907514 0.180783
vt 0.907554 0.201338
vt 0.890953 0.200963
vt 0.890924 0.180360
vt 0.849083 0.180305
vt 0.848998 0.200907
vt 0.832255 0.201237
vt 0.832350 0.180682
vt 0.911155 0.180946
vt 0.911195 0.201478
vt 0.909744 0.116691
vt 0.906105 0.116747
vt 0.828959 0.233692
vt 0.829035 0.201353
vt 0.890508 0.136562
vt 0.918559 0.606461
vt 0.981687 0.606438
vt 0.829776 0.136582
vt 0.833004 0.136511
vt 0.829129 0.180818
vt 0.918559 0.668676
vt 0.918559 0.648938
vt 0.981687 0.648918
vt 0.981687 0.668660
vt 0.849286 0.155152
vt 0.910988 0.155662
vt 0.907342 0.155512
vt 0.832589 0.155411
vt 0.890785 0.155205
vt 0.906980 0.136612
vt 0.849612 0.136508
vt 0.910631 0.136703
vt 0.829364 0.155534
vt 0.918559 0.624639
vt 0.981687 0.624618
vt 0.890661 0.348723
vt 0.911055 0.314615
vt 0.907415 0.314747
vt 0.910236 0.388864
vt 0.906556 0.388887
vt 0.890042 0.388647
vt 0.907002 0.372612
vt 0.890409 0.372725
vt 0.910662 0.372510
vt 0.910917 0.348284
vt 0.907270 0.348418
vt 0.828928 0.348189
vt 0.832147 0.348308
vt 0.848832 0.314935
vt 0.830478 0.409184
vt 0.849296 0.388534
vt 0.832695 0.388626
vt 0.849020 0.372617
vt 0.832339 0.372446
vt 0.829462 0.388581
vt 0.848867 0.348643
vt 0.829115 0.372351
vt 0.981687 0.699763
vt 0.965291 0.699765
vt 0.950123 0.684599
vt 0.981687 0.746124
vt 0.965291 0.746124
vt 0.981687 0.777421
vt 0.981687 0.809909
vt 0.918559 0.809859
vt 0.918559 0.777490
vt 0.981687 0.833138
vt 0.918559 0.833087
vt 0.981687 0.848693
vt 0.981687 0.868397
vt 0.969055 0.868392
vt 0.969055 0.848689
vt 0.931191 0.848677
vt 0.931191 0.868377
vt 0.918559 0.868373
vt 0.918559 0.848673
vt 0.934955 0.699769
vt 0.918559 0.699771
vt 0.934955 0.746124
vt 0.918559 0.746124
vt 0.950123 0.761292
vt 0.981687 0.876559
vt 0.969055 0.876553
vt 0.002487 0.825428
vt 0.056874 0.905236
vt 0.039306 0.902455
vt 0.024529 0.894927
vt 0.012802 0.883202
vt 0.005273 0.868427
vt 0.002489 0.850859
vt 0.012742 0.024800
vt 0.024474 0.013043
vt 0.039265 0.005487
vt 0.056857 0.002681
vt 0.735608 0.888945
vt 0.735608 0.705669
vt 0.738682 0.705669
vt 0.738682 0.888945
vt 0.209854 0.783134
vt 0.209851 0.905225
vt 0.417199 0.825434
vt 0.362816 0.905236
vt 0.002539 0.121727
vt 0.024793 0.124403
vt 0.024701 0.781159
vt 0.002485 0.784093
vt 0.002485 0.081497
vt 0.002433 0.057379
vt 0.005196 0.039689
vt 0.219378 0.037119
vt 0.218629 0.033660
vt 0.216732 0.030687
vt 0.254217 0.002523
vt 0.393025 0.783151
vt 0.394421 0.782565
vt 0.180754 0.064731
vt 0.201204 0.037084
vt 0.418326 0.082188
vt 0.408799 0.026746
vt 0.416039 0.041347
vt 0.418584 0.058642
vt 0.364603 0.003934
vt 0.382299 0.006969
vt 0.397115 0.014759
vt 0.417197 0.850863
vt 0.414413 0.868430
vt 0.406884 0.883204
vt 0.395158 0.894928
vt 0.380383 0.902455
vt 0.735608 0.522394
vt 0.738682 0.522394
vt 0.727668 0.888946
vt 0.727668 0.735061
vt 0.730742 0.735061
vt 0.730742 0.888946
vt 0.777910 0.584125
vt 0.779839 0.584125
vt 0.779514 0.586038
vt 0.778345 0.586031
vt 0.206809 0.045394
vt 0.203841 0.043498
vt 0.207617 0.039720
vt 0.208862 0.040470
vt 0.201953 0.040531
vt 0.206507 0.037083
vt 0.206842 0.038495
vt 0.214061 0.037107
vt 0.213727 0.035692
vt 0.213749 0.028772
vt 0.212951 0.034465
vt 0.211703 0.033712
vt 0.268859 0.079126
vt 0.253772 0.121793
vt 0.263772 0.076977
vt 0.266079 0.078607
vt 0.783023 0.586127
vt 0.783859 0.587865
vt 0.781954 0.588300
vt 0.781441 0.587249
vt 0.774170 0.590074
vt 0.774170 0.588145
vt 0.776083 0.588471
vt 0.776076 0.589640
vt 0.781659 0.584763
vt 0.780619 0.586418
vt 0.218611 0.040568
vt 0.216705 0.043535
vt 0.212949 0.039749
vt 0.213716 0.038509
vt 0.206841 0.028758
vt 0.210296 0.027997
vt 0.210287 0.033350
vt 0.208864 0.033698
vt 0.201951 0.033638
vt 0.203850 0.030668
vt 0.207615 0.034438
vt 0.206850 0.035681
vt 0.213722 0.045416
vt 0.210263 0.046160
vt 0.210278 0.040833
vt 0.211701 0.040487
vt 0.748548 0.719029
vt 0.746303 0.720566
vt 0.744058 0.719037
vt 0.243041 0.077312
vt 0.245044 0.076198
vt 0.267091 0.076201
vt 0.265555 0.075212
vt 0.265924 0.074848
vt 0.267275 0.075765
vt 0.744835 0.593221
vt 0.743548 0.589188
vt 0.745634 0.588794
vt 0.746609 0.592320
vt 0.245097 0.066862
vt 0.243112 0.065685
vt 0.239453 0.064886
vt 0.743558 0.529496
vt 0.744878 0.525230
vt 0.746893 0.526396
vt 0.745680 0.529898
vt 0.727668 0.661691
vt 0.727668 0.522395
vt 0.730742 0.522395
vt 0.730742 0.661691
vt 0.271617 0.078619
vt 0.268871 0.076611
vt 0.270653 0.076226
vt 0.262206 0.069091
vt 0.263834 0.066766
vt 0.265599 0.068557
vt 0.264609 0.070097
vt 0.266172 0.065161
vt 0.268965 0.064676
vt 0.268942 0.067201
vt 0.267153 0.067587
vt 0.275597 0.074751
vt 0.273955 0.077067
vt 0.272203 0.075265
vt 0.273198 0.073732
vt 0.274066 0.066837
vt 0.271729 0.065215
vt 0.264586 0.073661
vt 0.264200 0.071877
vt 0.264718 0.071880
vt 0.265025 0.073483
vt 0.273234 0.070163
vt 0.273615 0.071952
vt 0.273096 0.071947
vt 0.272794 0.070340
vt 0.270725 0.067614
vt 0.272266 0.068606
vt 0.271896 0.068971
vt 0.270540 0.068051
vt 0.275662 0.069187
vt 0.276128 0.071981
vt 0.262173 0.074635
vt 0.261688 0.071861
vt 0.266169 0.071890
vt 0.266409 0.072921
vt 0.270859 0.069992
vt 0.269958 0.069431
vt 0.272763 0.073546
vt 0.271841 0.074895
vt 0.270825 0.073858
vt 0.271387 0.072961
vt 0.270476 0.075788
vt 0.268874 0.076093
vt 0.268885 0.074642
vt 0.269917 0.074403
vt 0.268938 0.067720
vt 0.267331 0.068027
vt 0.265964 0.068927
vt 0.265046 0.070281
vt 0.270079 0.073096
vt 0.270448 0.072561
vt 0.268893 0.073575
vt 0.269534 0.073454
vt 0.266424 0.070863
vt 0.266984 0.069963
vt 0.267733 0.070724
vt 0.267365 0.071261
vt 0.267893 0.069416
vt 0.268927 0.069175
vt 0.268919 0.070245
vt 0.268277 0.070366
vt 0.266956 0.073828
vt 0.267856 0.074387
vt 0.271645 0.071933
vt 0.271406 0.070901
vt 0.268913 0.071041
vt 0.268580 0.071117
vt 0.270459 0.071285
vt 0.270579 0.071924
vt 0.269786 0.071917
vt 0.269716 0.071588
vt 0.268254 0.073445
vt 0.267715 0.073079
vt 0.268279 0.072521
vt 0.268565 0.072701
vt 0.267355 0.072536
vt 0.267234 0.071898
vt 0.268028 0.071904
vt 0.268097 0.072233
vt 0.270099 0.070741
vt 0.269560 0.070374
vt 0.791027 0.589998
vt 0.791724 0.590299
vt 0.792261 0.590835
vt 0.790633 0.591906
vt 0.792541 0.592300
vt 0.792241 0.592997
vt 0.791704 0.593534
vt 0.790239 0.593814
vt 0.789542 0.593514
vt 0.789005 0.592977
vt 0.788725 0.591512
vt 0.789026 0.590815
vt 0.789562 0.590278
vt 0.268290 0.071293
vt 0.268100 0.071575
vt 0.268899 0.072779
vt 0.269232 0.072703
vt 0.269522 0.072526
vt 0.269714 0.072246
vt 0.269534 0.071299
vt 0.269247 0.071120
vt 0.759609 0.525624
vt 0.760911 0.529537
vt 0.758829 0.529947
vt 0.757837 0.526543
vt 0.180807 0.121703
vt 0.180765 0.077998
vt 0.239393 0.078010
vt 0.769304 0.584347
vt 0.765777 0.584347
vt 0.765777 0.525836
vt 0.769304 0.525836
vt 0.760911 0.589280
vt 0.759603 0.593652
vt 0.757569 0.592499
vt 0.758783 0.588889
vt 0.176990 0.065473
vt 0.174936 0.066620
vt 0.173450 0.068915
vt 0.173097 0.071374
vt 0.026772 0.122412
vt 0.173461 0.073831
vt 0.174950 0.076102
vt 0.246842 0.071578
vt 0.246517 0.069153
vt 0.749588 0.521449
vt 0.750251 0.523406
vt 0.748141 0.524670
vt 0.746755 0.523003
vt 0.752585 0.520879
vt 0.752503 0.523184
vt 0.755607 0.521603
vt 0.754712 0.523575
vt 0.756670 0.524837
vt 0.758164 0.523448
vt 0.754234 0.595536
vt 0.754898 0.597489
vt 0.751905 0.598051
vt 0.751991 0.595752
vt 0.748892 0.597319
vt 0.749790 0.595354
vt 0.746297 0.595433
vt 0.747794 0.594048
vt 0.756314 0.594282
vt 0.757709 0.595944
vt 0.754687 0.588493
vt 0.754852 0.530155
vt 0.753933 0.718291
vt 0.753933 0.659932
vt 0.757460 0.659932
vt 0.757460 0.718291
vt 0.210333 0.002433
vt 0.751893 0.592123
vt 0.752878 0.591980
vt 0.750910 0.591957
vt 0.751255 0.526887
vt 0.750437 0.527422
vt 0.752258 0.526747
vt 0.753228 0.526907
vt 0.750150 0.591413
vt 0.750009 0.528168
vt 0.754332 0.528168
vt 0.753950 0.527420
vt 0.749764 0.590649
vt 0.753665 0.591450
vt 0.754094 0.590681
vt 0.749405 0.530273
vt 0.749240 0.588481
vt 0.748573 0.656222
vt 0.749067 0.658271
vt 0.744082 0.656260
vt 0.769304 0.521922
vt 0.769304 0.522852
vt 0.765777 0.522852
vt 0.765777 0.521922
vt 0.753933 0.657704
vt 0.753933 0.656818
vt 0.757460 0.656818
vt 0.757460 0.657704
vt 0.743548 0.716783
vt 0.743548 0.658423
vt 0.749067 0.716783
vt 0.769304 0.587556
vt 0.769304 0.588533
vt 0.765777 0.588533
vt 0.765777 0.587556
vt 0.769304 0.523728
vt 0.765777 0.523728
vt 0.769304 0.589584
vt 0.765777 0.589584
vt 0.753933 0.720602
vt 0.757460 0.720602
vt 0.753933 0.721494
vt 0.757460 0.721494
vt 0.753933 0.723530
vt 0.753933 0.722479
vt 0.757460 0.722479
vt 0.757460 0.723530
vt 0.769304 0.586652
vt 0.765777 0.586652
vt 0.753933 0.655803
vt 0.757460 0.655803
vt 0.753933 0.654745
vt 0.757460 0.654745
vt 0.246478 0.074000
vt 0.769304 0.520879
vt 0.765777 0.520879
vt 0.994493 0.660908
vt 0.994493 0.003948
vt 0.997567 0.003948
vt 0.997567 0.660908
vt 0.394018 0.122459
vt 0.161906 0.002570
vt 0.744499 0.655478
vt 0.745337 0.654905
vt 0.746382 0.654745
vt 0.747412 0.654907
vt 0.748172 0.655443
vt 0.744462 0.719831
vt 0.745265 0.720402
vt 0.748136 0.719833
vt 0.747340 0.720400
vt 0.986553 0.660908
vt 0.986553 0.003948
vt 0.989627 0.003948
vt 0.989627 0.660908
vt 0.177002 0.077251
vt 0.026675 0.783145
vt 0.025372 0.123001
vt 0.395403 0.123056
vt 0.418118 0.121914
vt 0.395971 0.124460
vt 0.040588 0.160575
vt 0.376262 0.160575
vt 0.376261 0.756446
vt 0.040588 0.756446
vt 0.025280 0.782559
vt 0.395000 0.781166
vt 0.417211 0.784113
vt 0.727668 0.520879
vt 0.730742 0.520879
vt 0.989627 0.662423
vt 0.986553 0.662423
vt 0.738682 0.890460
vt 0.735608 0.890460
vt 0.986553 0.002433
vt 0.989627 0.002433
vt 0.994493 0.002433
vt 0.997567 0.002433
vt 0.730742 0.890461
vt 0.727668 0.890461
vt 0.997567 0.662423
vt 0.994493 0.662423
vt 0.735608 0.520879
vt 0.738682 0.520879
vt 0.790268 0.589998
vt 0.790998 0.593814
vt 0.788725 0.592271
vt 0.792541 0.591541
vt 0.783859 0.589794
vt 0.783221 0.591614
vt 0.781567 0.590574
vt 0.781947 0.589468
vt 0.775006 0.591812
vt 0.776589 0.590690
vt 0.776370 0.593176
vt 0.777411 0.591522
vt 0.774808 0.586325
vt 0.776463 0.587365
vt 0.776172 0.584961
vt 0.777294 0.586544
vt 0.780119 0.593814
vt 0.778191 0.593814
vt 0.778516 0.591902
vt 0.779685 0.591909
vt 0.781858 0.592978
vt 0.780735 0.591396
vt 0.779015 0.588970
s 1
usemtl M_IPSE_01
f 1242/1619/760 1241/1620/761 1370/1621/762 1372/1622/763
f 1248/1623/764 1247/1624/765 1382/1625/766 1384/1626/767
f 1483/1627/768 1389/1628/769 1436/1629/770 1482/1630/771
f 1243/1631/772 1242/1619/760 1372/1622/763 1374/1632/773
f 1245/1633/774 1246/1634/775 1375/1635/776 1380/1636/777
f 1250/1637/778 1249/1638/779 1386/1639/780 1378/1640/781
f 1464/1641/782 1377/1642/783 1424/1643/784 1469/1644/785
f 1249/1638/779 1248/1623/764 1384/1626/767 1386/1639/780
f 1475/1645/786 1387/1646/787 1252/1647/788 1312/1648/789
f 1263/1649/790 1256/1650/791 1390/1651/792 1484/1652/793
f 1247/1624/765 1245/1633/774 1380/1636/777 1382/1625/766
f 1259/1653/794 1257/1654/795 1404/1655/796 1406/1656/797
f 1255/1657/798 1254/1658/799 1396/1659/800 1398/1660/801
f 1466/1661/802 1399/1662/803 1258/1663/804 1272/1664/805
f 1400/1665/806 1465/1666/782 1468/1667/785 1449/1668/807
f 1254/1658/799 1253/1669/808 1394/1670/809 1396/1659/800
f 1473/1671/810 1401/1672/811 1448/1673/812 1472/1674/813
f 1261/1675/814 1260/1676/815 1408/1677/816 1410/1678/817
f 2160/1679/818 1283/1680/819 1426/1681/820 2162/1682/821
f 1309/1683/822 1289/1684/823 1438/1685/824 1477/1686/825
f 1260/1676/815 1259/1653/794 1406/1656/797 1408/1677/816
f 1364/1687/826 1413/1688/827 1422/1689/828 1367/1690/829
f 1280/1691/830 1281/1692/831 1415/1693/832 1417/1694/833
f 1367/1690/829 1422/1689/828 1420/1695/834 1369/1696/835
f 1288/1697/836 1303/1698/837 1470/1699/838 1423/1700/839
f 1369/1696/835 1420/1695/834 1418/1701/840 1371/1702/841
f 1278/1703/842 1279/1704/843 1419/1705/844 1421/1706/845
f 1371/1702/841 1418/1701/840 1416/1707/846 1373/1708/847
f 1279/1704/843 1280/1691/830 1417/1694/833 1419/1705/844
f 1416/1707/846 1412/1709/848 1988/1710/849
f 1302/1711/850 1277/1712/851 1414/1713/852 1462/1714/853
f 1286/1715/854 1287/1716/855 1427/1717/856 1429/1718/857
f 1989/1719/858 1434/1720/859 1432/1721/860
f 1293/1722/861 1294/1723/862 1435/1724/863 1439/1725/864
f 1381/1726/865 1432/1721/860 1430/1727/866 1383/1728/867
f 1284/1729/868 1285/1730/869 1431/1731/870 1433/1732/871
f 1383/1728/867 1430/1727/866 1428/1733/872 1385/1734/873
f 1285/1730/869 1286/1715/854 1429/1718/857 1431/1731/870
f 1385/1734/873 1428/1733/872 1424/1735/784 1377/1736/783
f 1283/1680/819 1284/1729/868 1433/1732/871 1426/1681/820
f 1388/1737/874 1476/1738/810 1478/1739/813 1437/1740/875
f 1292/1741/876 1293/1722/861 1439/1725/864 1441/1742/877
f 1391/1743/878 1446/1744/879 1444/1745/880 1393/1746/881
f 1300/1747/882 1307/1748/822 1471/1749/883 1447/1750/884
f 1393/1746/881 1444/1745/880 1442/1751/885 1395/1752/886
f 1290/1753/887 1291/1754/888 1443/1755/889 1445/1756/890
f 1395/1752/886 1442/1751/885 1440/1757/891 1397/1758/892
f 1291/1754/888 1292/1741/876 1441/1742/877 1443/1755/889
f 1397/1758/892 1440/1757/891 1436/1759/770 1389/1760/769
f 1294/1761/862 1301/1762/850 1481/1763/893 1435/1764/863
f 1400/1765/806 1449/1766/807 1458/1767/894 1403/1768/895
f 1298/1769/896 1299/1770/897 1451/1771/898 1453/1772/899
f 1403/1768/895 1458/1767/894 1456/1773/900 1405/1774/901
f 1486/1775/902 1479/1776/903 1461/1777/904 1459/1778/905
f 1405/1774/901 1456/1773/900 1454/1779/906 1407/1780/907
f 1296/1781/908 1297/1782/909 1455/1783/910 1457/1784/911
f 1407/1780/907 1454/1779/906 1452/1785/912 1409/1786/913
f 1297/1782/909 1298/1769/896 1453/1772/899 1455/1783/910
f 1409/1786/913 1452/1785/912 1448/1673/812 1401/1672/811
f 1304/1787/837 1295/1788/914 1450/1789/915 1467/1790/838
f 1191/1791/916 1270/1792/916 1264/1793/916 1240/1794/916
f 1241/1620/761 1239/1795/917 1368/1796/918 1370/1621/762
f 1378/1797/781 1463/1798/802 1271/1799/805 1250/1800/778
f 1251/1801/919 1252/1647/788 1387/1646/787 1392/1802/920
f 1244/1803/921 1243/1631/772 1374/1632/773 1366/1804/922
f 1287/1716/855 1288/1805/836 1423/1806/839 1427/1717/856
f 1289/1684/823 1290/1753/887 1445/1756/890 1438/1685/824
f 1364/1807/826 1459/1778/905 1461/1777/904 1413/1808/827
f 1193/1809/916 1191/1810/916 1240/1811/916 1239/1795/916
f 1194/1812/916 1193/1809/916 1239/1795/916 1241/1620/916
f 1195/1813/916 1194/1812/916 1241/1620/916 1242/1619/916
f 1196/1814/916 1195/1813/916 1242/1619/916 1243/1631/916
f 1192/1815/916 1196/1814/916 1243/1631/916 1244/1803/916
f 1199/1816/916 1197/1817/916 1246/1634/916 1245/1633/916
f 1200/1818/916 1199/1816/916 1245/1633/916 1247/1624/916
f 1201/1819/916 1200/1818/916 1247/1624/916 1248/1623/916
f 1202/1820/916 1201/1819/916 1248/1623/916 1249/1638/916
f 1198/1821/916 1202/1820/916 1249/1638/916 1250/1637/916
f 1205/1822/916 1203/1823/916 1252/1647/916 1251/1801/916
f 1206/1824/916 1205/1822/916 1251/1801/916 1253/1669/916
f 1207/1825/916 1206/1824/916 1253/1669/916 1254/1658/916
f 1208/1826/916 1207/1825/916 1254/1658/916 1255/1657/916
f 1204/1827/916 1208/1826/916 1255/1657/916 1256/1828/916
f 1211/1829/916 1209/1830/916 1258/1831/916 1257/1654/916
f 1212/1832/916 1211/1829/916 1257/1654/916 1259/1653/916
f 1213/1833/916 1212/1832/916 1259/1653/916 1260/1676/916
f 1214/1834/916 1213/1833/916 1260/1676/916 1261/1675/916
f 1210/1835/916 1214/1834/916 1261/1675/916 1262/1836/916
f 1239/1795/917 1240/1811/923 1363/1837/924 1368/1796/918
f 1281/1692/831 1282/1838/925 1411/1839/926 1415/1693/832
f 1209/1840/916 1276/1841/916 1272/1664/916 1258/1663/916
f 1306/1842/916 1210/1835/916 1262/1836/916 1308/1843/916
f 2129/1844/916 1192/1815/916 1244/1803/916 1501/1845/916
f 2179/1846/927 1375/1635/776 1246/1634/775 2177/1847/928
f 1256/1828/791 1255/1657/798 1398/1660/801 1390/1848/792
f 1253/1669/808 1251/1801/919 1392/1802/920 1394/1670/809
f 1295/1849/914 1296/1781/908 1457/1784/911 1450/1850/915
f 1275/1851/916 1198/1852/916 1250/1800/916 1271/1799/916
f 1257/1654/795 1258/1831/804 1399/1853/803 1404/1655/796
f 1277/1854/851 1278/1703/842 1421/1706/845 1414/1855/852
f 1402/1856/929 1474/1857/930 1308/1843/789 1262/1836/931
f 1313/1858/916 1314/1859/916 1264/1793/916 1270/1792/916
f 1318/1860/932 1362/1861/932 1355/1862/932 1313/1863/932
f 1302/1711/850 1462/1714/853 1480/1864/893 1315/1865/850
f 1314/1859/790 1485/1866/793 1460/1867/933 1264/1793/790
f 1275/1851/916 1271/1799/916 1272/1664/916 1276/1841/916
f 1476/1738/810 1473/1671/810 1472/1674/813 1478/1739/813
f 1304/1787/837 1467/1790/838 1470/1699/838 1303/1698/837
f 1466/1661/802 1272/1664/805 1271/1799/805 1463/1798/802
f 1269/1868/916 1204/1869/916 1256/1650/916 1263/1649/916
f 1216/1870/934 1220/1871/934 1278/1703/934 1277/1854/934
f 1220/1871/934 1219/1872/934 1279/1704/934 1278/1703/934
f 1219/1872/934 1218/1873/934 1280/1691/934 1279/1704/934
f 1218/1873/934 1217/1874/934 1281/1692/934 1280/1691/934
f 1217/1874/934 1215/1875/934 1282/1838/934 1281/1692/934
f 1222/1876/934 1226/1877/934 1284/1729/934 1283/1680/934
f 1226/1877/934 1225/1878/934 1285/1730/934 1284/1729/934
f 1225/1878/934 1224/1879/934 1286/1715/934 1285/1730/934
f 1224/1879/934 1223/1880/934 1287/1716/934 1286/1715/934
f 1223/1880/934 1221/1881/934 1288/1805/934 1287/1716/934
f 1228/1882/934 1232/1883/934 1290/1753/934 1289/1684/934
f 1232/1883/934 1231/1884/934 1291/1754/934 1290/1753/934
f 1231/1884/934 1230/1885/934 1292/1741/934 1291/1754/934
f 1230/1885/934 1229/1886/934 1293/1722/934 1292/1741/934
f 1229/1886/934 1227/1887/934 1294/1723/934 1293/1722/934
f 1234/1888/934 1238/1889/934 1296/1781/934 1295/1849/934
f 1238/1889/934 1237/1890/934 1297/1782/934 1296/1781/934
f 1237/1890/934 1236/1891/934 1298/1769/934 1297/1782/934
f 1236/1891/934 1235/1892/934 1299/1770/934 1298/1769/934
f 1235/1892/934 1233/1893/934 1300/1747/934 1299/1770/934
f 1310/1894/934 1228/1882/934 1289/1684/934 1309/1683/934
f 1318/1895/934 1267/1896/934 1302/1711/934 1315/1865/934
f 1273/1897/934 1274/1898/934 1304/1787/934 1303/1698/934
f 1267/1896/934 1216/1899/934 1277/1712/934 1302/1711/934
f 1221/1900/934 1273/1897/934 1303/1698/934 1288/1697/934
f 1274/1898/934 1234/1901/934 1295/1788/934 1304/1787/934
f 1227/1902/934 1266/1903/934 1301/1762/934 1294/1761/934
f 2161/1904/934 1222/1876/934 1283/1680/934 2160/1679/934
f 1262/1836/931 1261/1675/814 1410/1678/817 1402/1856/929
f 1299/1770/897 1300/1747/882 1447/1750/884 1451/1771/898
f 1311/1905/916 1306/1842/916 1308/1843/916 1312/1648/916
f 1233/1893/934 1305/1906/934 1307/1748/934 1300/1747/934
f 1307/1748/822 1309/1683/822 1477/1686/825 1471/1749/883
f 1388/1737/874 1437/1740/875 1446/1744/879 1391/1743/878
f 1203/1823/916 1311/1905/916 1312/1648/916 1252/1647/916
f 1305/1906/934 1310/1894/934 1309/1683/934 1307/1748/934
f 1474/1857/930 1475/1645/786 1312/1648/789 1308/1843/789
f 1332/1907/935 1491/1908/936 1494/1909/937 1319/1910/935
f 1273/1911/938 1221/1912/939 1198/1913/939 1275/1914/938
f 1221/1915/939 1223/1916/940 1202/1917/940 1198/1918/939
f 1223/1916/940 1224/1919/941 1201/1920/941 1202/1917/940
f 1224/1919/941 1225/1921/942 1200/1922/943 1201/1920/941
f 1226/1923/944 1222/1924/945 2201/1925/945 2198/1926/946
f 1200/1922/943 2199/1927/947 1199/1928/948
f 2132/1929/949 1215/1930/950 1192/1931/950 2129/1932/949
f 1215/1930/950 1217/1933/951 1196/1934/951 1192/1931/950
f 1217/1933/951 1218/1935/952 1195/1936/952 1196/1934/951
f 1218/1935/952 1219/1937/953 1194/1938/953 1195/1936/952
f 1219/1937/953 1220/1939/954 1193/1940/954 1194/1938/953
f 1220/1939/954 1216/1941/955 1191/1942/955 1193/1940/954
f 1216/1943/955 1267/1944/932 1270/1945/932 1191/1946/955
f 1324/1947/935 1487/1948/956 1490/1949/957 1328/1950/935
f 1266/1951/932 1227/1952/958 1204/1953/958 1269/1954/932
f 1227/1955/958 1229/1956/959 1208/1957/960 1204/1958/958
f 1229/1956/959 1230/1959/961 1207/1960/961 1208/1957/960
f 1230/1959/961 1231/1961/962 1206/1962/962 1207/1960/961
f 1231/1961/962 1232/1963/963 1205/1964/963 1206/1962/962
f 1232/1963/963 1228/1965/964 1203/1966/964 1205/1964/963
f 1228/1965/964 1310/1967/965 1311/1968/965 1203/1966/964
f 1310/1967/965 1305/1969/965 1306/1970/965 1311/1968/965
f 1305/1969/965 1233/1971/966 1210/1972/966 1306/1970/965
f 1233/1971/966 1235/1973/967 1214/1974/967 1210/1972/966
f 1235/1973/967 1236/1975/968 1213/1976/968 1214/1974/967
f 1236/1975/968 1237/1977/969 1212/1978/969 1213/1976/968
f 1237/1977/969 1238/1979/970 1211/1980/971 1212/1978/969
f 1238/1979/970 1234/1981/972 1209/1982/972 1211/1980/971
f 1234/1983/972 1274/1984/938 1276/1985/938 1209/1986/972
f 1276/1985/938 1274/1984/938 1273/1911/938 1275/1914/938
f 1267/1944/932 1318/1860/932 1313/1863/932 1270/1945/932
f 1266/1903/934 1361/1987/934 1360/1988/934 1301/1762/934
f 1358/1989/790 1492/1990/793 1485/1866/793 1314/1859/790
f 1464/1641/782 1469/1644/785 1468/1667/785 1465/1666/782
f 1361/1991/932 1266/1951/932 1269/1954/932 1356/1992/932
f 1320/1993/973 1323/1994/974 1336/1995/974 1335/1996/973
f 1338/1997/975 1339/1998/935 1336/1999/935
f 1327/2000/976 1331/2001/977 1344/2002/977 1343/2003/976
f 1323/1994/974 1325/2004/978 1337/2005/979 1336/1995/974
f 1331/2001/977 1333/2006/980 1345/2007/981 1344/2002/977
f 1347/2008/982 1326/2009/983 1338/2010/984 1348/2011/985
f 1353/2012/986 1334/2013/987 1346/2014/988 1354/2015/989
f 1326/2009/983 1324/2016/990 1339/2017/990 1338/2010/984
f 1360/1988/850 1488/2018/893 1481/1763/893 1301/1762/850
f 1334/2013/987 1332/2019/991 1317/2020/991 1346/2014/988
f 1332/2019/991 1319/2021/992 1316/2022/992 1317/2020/991
f 1319/2021/992 1321/2023/993 1268/2024/994 1316/2022/992
f 1328/2025/995 1330/2026/996 1341/2027/997 1340/2028/995
f 1349/2029/998 1322/2030/999 1265/2031/1000 1350/2032/1001
f 1351/2033/1002 1329/2034/1003 1342/2035/1004 1352/2036/1005
f 1322/2030/999 1320/1993/973 1335/1996/973 1265/2031/1000
f 1329/2034/1003 1327/2000/976 1343/2003/976 1342/2035/1004
f 1325/2004/978 1347/2008/982 1348/2011/985 1337/2005/979
f 1321/2023/993 1349/2029/998 1350/2032/1001 1268/2024/994
f 1330/2026/996 1351/2033/1002 1352/2036/1005 1341/2027/997
f 1333/2037/980 1353/2012/986 1354/2015/989 1345/2038/981
f 1324/2016/990 1328/2025/995 1340/2028/995 1339/2017/990
f 1344/2039/935 1345/2040/1006 1346/2041/1007
f 1339/1998/935 1316/2042/935 1335/2043/935
f 1316/2042/935 1268/2044/1008 1335/2043/935
f 1268/2044/1008 1350/2045/1009 1265/2046/1010
f 1265/2046/1010 1335/2043/935 1268/2044/1008
f 1335/2043/935 1336/1999/935 1339/1998/935
f 1336/1999/935 1337/2047/1011 1338/1997/975
f 1337/2047/1011 1348/2048/1012 1338/1997/975
f 1354/2049/1013 1346/2041/1007 1345/2040/1006
f 1346/2041/1007 1317/2050/935 1344/2039/935
f 1317/2050/935 1340/2051/935 1344/2039/935
f 1340/2051/935 1341/2052/1014 1343/2053/935
f 1344/2039/935 1340/2051/935 1343/2053/935
f 1341/2052/1014 1352/2054/1015 1342/2055/1016
f 1342/2055/1016 1343/2053/935 1341/2052/1014
f 1355/2056/916 1358/1989/916 1314/1859/916 1313/1858/916
f 1362/2057/934 1318/1895/934 1315/1865/934 1359/2058/934
f 1269/1868/916 1263/1649/916 1357/2059/916 1356/2060/916
f 1320/2061/935 1483/1627/768 1482/1630/771 1323/2062/935
f 1317/2050/935 1316/2042/935 1339/1998/935 1340/2051/935
f 1358/1989/916 1355/2056/916 1356/2060/916 1357/2059/916
f 1362/2057/934 1359/2058/934 1360/1988/934 1361/1987/934
f 1361/1991/932 1356/1992/932 1355/1862/932 1362/1861/932
f 1492/1990/793 1358/1989/790 1357/2059/790 1493/2063/793
f 1263/1649/790 1484/1652/793 1493/2063/793 1357/2059/790
f 1488/2018/893 1360/1988/850 1359/2058/850 1489/2064/893
f 1315/1865/850 1480/1864/893 1489/2064/893 1359/2058/850
f 1364/1687/826 1367/1690/829 1368/1796/918 1363/1837/924
f 1422/1689/828 1413/1688/827 1414/1855/852 1421/1706/845
f 1367/1690/829 1369/1696/835 1370/1621/762 1368/1796/918
f 1420/1695/834 1422/1689/828 1421/1706/845 1419/1705/844
f 1369/1696/835 1371/1702/841 1372/1622/763 1370/1621/762
f 1418/1701/840 1420/1695/834 1419/1705/844 1417/1694/833
f 1371/1702/841 1373/1708/847 1374/1632/773 1372/1622/763
f 1416/1707/846 1418/1701/840 1417/1694/833 1415/1693/832
f 1373/1708/847 1365/2065/1017 1366/1804/922 1374/1632/773
f 1412/1709/848 1416/1707/846 1415/1693/832 1411/1839/926
f 1376/2066/1018 1379/2067/1019 1380/1636/777 1375/1635/776
f 1434/1720/859 1425/2068/1020 1426/1681/820 1433/1732/871
f 1379/2067/1019 1381/1726/865 1382/1625/766 1380/1636/777
f 1432/1721/860 1434/1720/859 1433/1732/871 1431/1731/870
f 1381/1726/865 1383/1728/867 1384/1626/767 1382/1625/766
f 1430/1727/866 1432/1721/860 1431/1731/870 1429/1718/857
f 1383/1728/867 1385/1734/873 1386/1639/780 1384/1626/767
f 1428/1733/872 1430/1727/866 1429/1718/857 1427/1717/856
f 1385/1734/873 1377/1736/783 1378/1640/781 1386/1639/780
f 1424/1735/784 1428/1733/872 1427/1717/856 1423/1806/839
f 1388/1737/874 1391/1743/878 1392/1802/920 1387/1646/787
f 1446/1744/879 1437/1740/875 1438/1685/824 1445/1756/890
f 1391/1743/878 1393/1746/881 1394/1670/809 1392/1802/920
f 1444/1745/880 1446/1744/879 1445/1756/890 1443/1755/889
f 1393/1746/881 1395/1752/886 1396/1659/800 1394/1670/809
f 1442/1751/885 1444/1745/880 1443/1755/889 1441/1742/877
f 1395/1752/886 1397/1758/892 1398/1660/801 1396/1659/800
f 1440/1757/891 1442/1751/885 1441/1742/877 1439/1725/864
f 1397/1758/892 1389/1760/769 1390/1848/792 1398/1660/801
f 1436/1759/770 1440/1757/891 1439/1725/864 1435/1724/863
f 1400/1765/806 1403/1768/895 1404/1655/796 1399/1853/803
f 1458/1767/894 1449/1766/807 1450/1850/915 1457/1784/911
f 1403/1768/895 1405/1774/901 1406/1656/797 1404/1655/796
f 1456/1773/900 1458/1767/894 1457/1784/911 1455/1783/910
f 1405/1774/901 1407/1780/907 1408/1677/816 1406/1656/797
f 1454/1779/906 1456/1773/900 1455/1783/910 1453/1772/899
f 1407/1780/907 1409/1786/913 1410/1678/817 1408/1677/816
f 1452/1785/912 1454/1779/906 1453/1772/899 1451/1771/898
f 1409/1786/913 1401/1672/811 1402/1856/929 1410/1678/817
f 1448/1673/812 1452/1785/912 1451/1771/898 1447/1750/884
f 1476/1738/810 1388/1737/874 1387/1646/787 1475/1645/786
f 1472/1674/813 1448/1673/812 1447/1750/884 1471/1749/883
f 1486/1775/902 1459/1778/905 1460/1867/933 1485/1866/793
f 1468/1667/785 1469/1644/785 1470/1699/838 1467/1790/838
f 1464/1641/782 1465/1666/782 1466/1661/802 1463/1798/802
f 1459/1778/905 1364/1807/826 1363/2069/924 1460/1867/933
f 1389/1628/769 1483/1627/768 1484/1652/793 1390/1651/792
f 1462/1714/853 1414/1713/852 1413/1808/827 1461/1777/904
f 1435/1764/863 1481/1763/893 1482/1630/771 1436/1629/770
f 1399/1662/803 1466/1661/802 1465/1666/782 1400/1665/806
f 1467/1790/838 1450/1789/915 1449/1668/807 1468/1667/785
f 1463/1798/802 1378/1797/781 1377/1642/783 1464/1641/782
f 1423/1700/839 1470/1699/838 1469/1644/785 1424/1643/784
f 1478/1739/813 1472/1674/813 1471/1749/883 1477/1686/825
f 1401/1672/811 1473/1671/810 1474/1857/930 1402/1856/929
f 1473/1671/810 1476/1738/810 1475/1645/786 1474/1857/930
f 1437/1740/875 1478/1739/813 1477/1686/825 1438/1685/824
f 2176/2070/1021 1376/2066/1018 1375/1635/776 2179/1846/927
f 1633/2071/1022 1412/1709/848 1411/1839/926 2134/2072/1023
f 1461/1777/904 1479/1776/903 1480/1864/893 1462/1714/853
f 1494/1909/937 1491/1908/936 1492/1990/793 1493/2063/793
f 1490/1949/957 1487/1948/956 1488/2018/893 1489/2064/893
f 1489/2064/893 1480/1864/893 1479/1776/903 1490/1949/957
f 1481/1763/893 1488/2018/893 1487/1948/956 1482/1630/771
f 1491/1908/936 1486/1775/902 1485/1866/793 1492/1990/793
f 1483/1627/768 1494/1909/937 1493/2063/793 1484/1652/793
f 1240/1794/923 1264/1793/790 1460/1867/933 1363/2069/924
f 1327/2073/935 1479/1776/903 1486/1775/902 1331/2074/935
f 1353/2075/935 1333/2076/935 1486/1775/902
f 1490/1949/957 1479/1776/903 1351/2077/935
f 1347/2078/935 1325/2079/935 1482/1630/771
f 1494/1909/937 1483/1627/768 1349/2080/935
f 1325/2079/935 1323/2062/935 1482/1630/771
f 1482/1630/771 1487/1948/956 1347/2078/935
f 1487/1948/956 1324/1947/935 1326/2081/935
f 1487/1948/956 1326/2081/935 1347/2078/935
f 1321/2082/935 1319/1910/935 1494/1909/937
f 1483/1627/768 1320/2061/935 1322/2083/935
f 1349/2080/935 1321/2082/935 1494/1909/937
f 1483/1627/768 1322/2083/935 1349/2080/935
f 1330/2084/935 1328/1950/935 1490/1949/957
f 1479/1776/903 1327/2073/935 1329/2085/935
f 1351/2077/935 1330/2084/935 1490/1949/957
f 1479/1776/903 1329/2085/935 1351/2077/935
f 1333/2076/935 1331/2074/935 1486/1775/902
f 1486/1775/902 1491/1908/936 1353/2075/935
f 1491/1908/936 1332/1907/935 1334/2086/935
f 1491/1908/936 1334/2086/935 1353/2075/935
f 1974/2087/1024 1379/2067/1019 1376/2066/1018 1984/2088/1025
f 1716/2089/1026 1715/2090/1027 1611/2091/1027 1610/2092/1026
f 1821/2093/1028 1822/2094/1029 1552/2095/1029 1553/2096/1028
f 1700/2097/1030 1699/2098/934 1627/2099/934 1626/2100/1030
f 1708/2101/1029 1707/2102/1031 1619/2103/1031 1618/2104/1029
f 1975/2105/1032 1434/1720/859 1989/1719/858 1973/2106/1033
f 1636/2107/1029 1635/2108/1031 1547/2109/1031 1546/2110/1029
f 1721/2111/1028 1720/2112/1029 1606/2113/1029 1605/2114/1028
f 1816/2115/935 1817/2116/1034 1557/2117/1034 1558/2118/935
f 1737/2119/1034 1736/2120/1030 1590/2121/1030 1589/2122/1034
f 1511/2123/1035 1502/2124/1036 2126/2125/1037 1510/2126/1035
f 1504/2127/1038 1503/2128/1039 1512/2129/1035 1508/2130/1035
f 1962/2131/1035 1963/2132/1035 1505/2133/1035
f 1666/2134/935 1665/2135/1034 1782/2136/1034 1781/2137/935
f 1696/2138/1029 1695/2139/1031 1631/2140/1031 1630/2141/1029
f 1701/2142/1034 1700/2097/1030 1626/2100/1030 1625/2143/1034
f 1819/2144/934 1820/2145/1040 1554/2146/1040 1555/2147/934
f 1693/2148/916 1692/2149/1026 1755/2150/1026 1754/2151/916
f 1703/2152/1027 1702/2153/935 1624/2154/935 1623/2155/1027
f 1706/2156/1041 1717/2157/916 1609/2158/916 1620/2159/1041
f 1814/2160/1026 1815/2161/1027 1559/2162/1027 1560/2163/1026
f 1646/2164/1041 1657/2165/916 1790/2166/916 1801/2167/1041
f 1728/2168/1026 1727/2169/1027 1599/2170/1027 1598/2171/1026
f 1662/2172/1040 1661/2173/1028 1786/2174/1028 1785/2175/1040
f 1742/2176/1041 1753/2177/916 1573/2178/916 1584/2179/1041
f 1824/2180/1041 1825/2181/916 1549/2182/916 1550/2183/1041
f 1836/2184/1041 1837/2185/916 1525/2186/916 1526/2187/1041
f 1831/2188/934 1832/2189/1040 1530/2190/1040 1531/2191/934
f 1680/2192/1026 1679/2193/1027 1768/2194/1027 1767/2195/1026
f 1741/2196/916 1740/2197/1026 1586/2198/1026 1585/2199/916
f 1726/2200/935 1725/2201/1034 1601/2202/1034 1600/2203/935
f 1643/2204/1027 1642/2205/935 1540/2206/935 1539/2207/1027
f 1684/2208/1029 1683/2209/1031 1764/2210/1031 1763/2211/1029
f 1648/2212/1029 1647/2213/1031 1800/2214/1031 1799/2215/1029
f 1752/2216/1026 1751/2217/1027 1575/2218/1027 1574/2219/1026
f 1804/2220/935 1805/2221/1034 1569/2222/1034 1570/2223/935
f 1690/2224/935 1689/2225/1034 1758/2226/1034 1757/2227/935
f 1720/2112/1029 1719/2228/1031 1607/2229/1031 1606/2113/1029
f 1650/2230/1040 1649/2231/1028 1798/2232/1028 1797/2233/1040
f 1647/2213/1031 1646/2164/1041 1801/2167/1041 1800/2214/1031
f 1694/2234/1041 1705/2235/916 1621/2236/916 1632/2237/1041
f 1849/2238/916 1838/2239/1026 1524/2240/1026 1513/2241/916
f 1810/2242/1029 1811/2243/1031 1563/2244/1031 1564/2245/1029
f 1736/2120/1030 1735/2246/934 1591/2247/934 1590/2121/1030
f 1730/2248/1041 1741/2249/916 1585/2250/916 1596/2251/1041
f 1663/2252/934 1662/2172/1040 1785/2175/1040 1784/2253/934
f 1722/2254/1040 1721/2111/1028 1605/2114/1028 1604/2255/1040
f 1833/2256/1028 1834/2257/1029 1528/2258/1029 1529/2259/1028
f 1661/2173/1028 1660/2260/1029 1787/2261/1029 1786/2174/1028
f 1637/2262/1028 1636/2107/1029 1546/2110/1029 1545/2263/1028
f 1750/2264/935 1749/2265/1034 1577/2266/1034 1576/2267/935
f 1645/2268/916 1644/2269/1026 1538/2270/1026 1537/2271/916
f 1674/2272/1040 1673/2273/1028 1774/2274/1028 1773/2275/1040
f 1639/2276/934 1638/2277/1040 1544/2278/1040 1543/2279/934
f 1652/2280/1030 1651/2281/934 1796/2282/934 1795/2283/1030
f 1832/2189/1040 1833/2256/1028 1529/2259/1028 1530/2190/1040
f 1683/2209/1031 1682/2284/1041 1765/2285/1041 1764/2210/1031
f 1657/2165/916 1656/2286/1026 1791/2287/1026 1790/2166/916
f 1839/2288/1027 1840/2289/935 1522/2290/935 1523/2291/1027
f 1658/2292/1041 1669/2293/916 1778/2294/916 1789/2295/1041
f 1743/2296/1031 1742/2176/1041 1584/2179/1041 1583/2297/1031
f 1725/2201/1034 1724/2298/1030 1602/2299/1030 1601/2202/1034
f 1845/2300/1028 1846/2301/1029 1516/2302/1029 1517/2303/1028
f 1668/2304/1026 1667/2305/1027 1780/2306/1027 1779/2307/1026
f 1827/2308/1027 1828/2309/935 1534/2310/935 1535/2311/1027
f 1679/2193/1027 1678/2312/935 1769/2313/935 1768/2194/1027
f 1820/2145/1040 1821/2093/1028 1553/2096/1028 1554/2146/1040
f 1640/2314/1030 1639/2315/934 1543/2316/934 1542/2317/1030
f 1707/2102/1031 1706/2156/1041 1620/2159/1041 1619/2103/1031
f 1723/2318/934 1722/2254/1040 1604/2255/1040 1603/2319/934
f 1840/2289/935 1841/2320/1034 1521/2321/1034 1522/2290/935
f 1638/2277/1040 1637/2262/1028 1545/2263/1028 1544/2278/1040
f 1835/2322/1031 1836/2184/1041 1526/2187/1041 1527/2323/1031
f 1847/2324/1031 1848/2325/1041 1514/2326/1041 1515/2327/1031
f 1813/2328/916 1802/2329/1026 1572/2330/1026 1561/2331/916
f 1672/2332/1029 1671/2333/1031 1776/2334/1031 1775/2335/1029
f 1635/2108/1031 1634/2336/1041 1548/2337/1041 1547/2109/1031
f 1660/2260/1029 1659/2338/1031 1788/2339/1031 1787/2261/1029
f 1712/2340/1030 1711/2341/934 1615/2342/934 1614/2343/1030
f 1705/2344/916 1704/2345/1026 1622/2346/1026 1621/2347/916
f 1749/2265/1034 1748/2348/1030 1578/2349/1030 1577/2266/1034
f 1846/2301/1029 1847/2324/1031 1515/2327/1031 1516/2302/1029
f 1702/2153/935 1701/2142/1034 1625/2143/1034 1624/2154/935
f 1667/2305/1027 1666/2134/935 1781/2137/935 1780/2306/1027
f 1688/2350/1030 1687/2351/934 1760/2352/934 1759/2353/1030
f 1655/2354/1027 1654/2355/935 1793/2356/935 1792/2357/1027
f 1740/2197/1026 1739/2358/1027 1587/2359/1027 1586/2198/1026
f 1748/2348/1030 1747/2360/934 1579/2361/934 1578/2349/1030
f 1734/2362/1040 1733/2363/1028 1593/2364/1028 1592/2365/1040
f 1673/2273/1028 1672/2332/1029 1775/2335/1029 1774/2274/1028
f 1751/2217/1027 1750/2264/935 1576/2267/935 1575/2218/1027
f 1670/2366/1041 1681/2367/916 1766/2368/916 1777/2369/1041
f 1653/2370/1034 1652/2280/1030 1795/2283/1030 1794/2371/1034
f 1802/2329/1026 1803/2372/1027 1571/2373/1027 1572/2330/1026
f 1825/2181/916 1814/2160/1026 1560/2163/1026 1549/2182/916
f 1717/2374/916 1716/2089/1026 1610/2092/1026 1609/2375/916
f 1642/2205/935 1641/2376/1034 1541/2377/1034 1540/2206/935
f 1675/2378/934 1674/2272/1040 1773/2275/1040 1772/2379/934
f 1807/2380/934 1808/2381/1040 1566/2382/1040 1567/2383/934
f 1806/2384/1030 1807/2385/934 1567/2386/934 1568/2387/1030
f 1826/2388/1026 1827/2308/1027 1535/2311/1027 1536/2389/1026
f 1830/2390/1030 1831/2188/934 1531/2191/934 1532/2391/1030
f 1738/2392/935 1737/2119/1034 1589/2122/1034 1588/2393/935
f 1747/2360/934 1746/2394/1040 1580/2395/1040 1579/2361/934
f 1704/2345/1026 1703/2152/1027 1623/2155/1027 1622/2346/1026
f 1744/2396/1029 1743/2296/1031 1583/2297/1031 1582/2397/1029
f 1710/2398/1040 1709/2399/1028 1617/2400/1028 1616/2401/1040
f 1634/2336/1041 1645/2268/916 1537/2271/916 1548/2337/1041
f 1745/2402/1028 1744/2396/1029 1582/2397/1029 1581/2403/1028
f 1677/2404/1034 1676/2405/1030 1771/2406/1030 1770/2407/1034
f 1715/2090/1027 1714/2408/935 1612/2409/935 1611/2091/1027
f 1729/2410/916 1728/2168/1026 1598/2171/1026 1597/2411/916
f 1848/2325/1041 1849/2412/916 1513/2413/916 1514/2326/1041
f 1733/2363/1028 1732/2414/1029 1594/2415/1029 1593/2364/1028
f 1735/2246/934 1734/2362/1040 1592/2365/1040 1591/2247/934
f 1727/2169/1027 1726/2200/935 1600/2203/935 1599/2170/1027
f 1651/2416/934 1650/2230/1040 1797/2233/1040 1796/2417/934
f 1724/2298/1030 1723/2318/934 1603/2319/934 1602/2299/1030
f 1664/2418/1030 1663/2419/934 1784/2420/934 1783/2421/1030
f 1809/2422/1028 1810/2242/1029 1564/2245/1029 1565/2423/1028
f 1669/2293/916 1668/2304/1026 1779/2307/1026 1778/2294/916
f 1838/2239/1026 1839/2288/1027 1523/2291/1027 1524/2240/1026
f 1818/2424/1030 1819/2425/934 1555/2426/934 1556/2427/1030
f 1698/2428/1040 1697/2429/1028 1629/2430/1028 1628/2431/1040
f 1412/1709/848 1683/2432/1035 1684/2433/1035
f 1685/2434/1035 1988/1710/849 1684/2433/1035
f 1988/1710/849 1743/2435/1035 1744/2436/1035
f 1745/2437/1035 1365/2065/1017 1744/2436/1035
f 1412/1709/848 1684/2433/1035 1988/1710/849
f 1988/1710/849 1744/2436/1035 1365/2065/1017
f 1686/2438/1035 1742/2439/1035 1743/2435/1035 1685/2434/1035
f 1988/1710/849 1685/2434/1035 1743/2435/1035
f 1742/2439/1035 1686/2438/1035 1687/2440/1035 1753/2441/1035
f 1753/2441/1035 1687/2440/1035 1688/2442/1035 1752/2443/1035
f 1689/2444/1035 1751/2445/1035 1752/2443/1035 1688/2442/1035
f 1731/2446/1035 1673/2447/1035 1674/2448/1035 1730/2449/1035
f 1730/2449/1035 1674/2448/1035 1675/2450/1035 1741/2451/1035
f 1741/2451/1035 1675/2450/1035 1676/2452/1035 1740/2453/1035
f 1677/2454/1035 1739/2455/1035 1740/2453/1035 1676/2452/1035
f 1689/2444/1035 1673/2447/1035 1731/2446/1035 1751/2445/1035
f 1690/2456/1035 1672/2457/1035 1673/2447/1035 1689/2444/1035
f 1691/2458/1035 1671/2459/1035 1672/2457/1035 1690/2456/1035
f 1692/2460/1035 1670/2461/1035 1671/2459/1035 1691/2458/1035
f 1633/2071/1022 1692/2460/1035 1693/2462/1035
f 1693/2462/1035 1682/2463/1035 1633/2071/1022
f 1682/2463/1035 1683/2432/1035 1412/1709/848
f 1412/1709/848 1633/2071/1022 1682/2463/1035
f 1633/2071/1022 1681/2464/1035 1670/2461/1035
f 1633/2071/1022 1670/2461/1035 1692/2460/1035
f 1732/2465/1035 1750/2466/1035 1751/2445/1035 1731/2446/1035
f 1733/2467/1035 1749/2468/1035 1750/2466/1035 1732/2465/1035
f 1749/2468/1035 1733/2467/1035 1734/2469/1035 1748/2470/1035
f 1745/2437/1035 1746/2471/1035 1365/2065/1017
f 1747/2472/1035 2133/2473/1042 1746/2471/1035
f 1365/2065/1017 1746/2471/1035 2133/2473/1042
f 1747/2472/1035 1748/2470/1035 2133/2473/1042
f 2133/2473/1042 1748/2470/1035 1734/2469/1035
f 1734/2469/1035 1735/2474/1035 2133/2473/1042
f 1680/2475/1035 1681/2464/1035 1633/2071/1022
f 1735/2474/1035 1736/2476/1035 2133/2473/1042
f 1834/2257/1029 1835/2322/1031 1527/2323/1031 1528/2258/1029
f 1843/2477/934 1844/2478/1040 1518/2479/1040 1519/2480/934
f 1676/2405/1030 1675/2481/934 1772/2482/934 1771/2406/1030
f 1711/2341/934 1710/2398/1040 1616/2401/1040 1615/2342/934
f 1753/2483/916 1752/2216/1026 1574/2219/1026 1573/2484/916
f 1713/2485/1034 1712/2340/1030 1614/2343/1030 1613/2486/1034
f 1649/2231/1028 1648/2212/1029 1799/2215/1029 1798/2232/1028
f 1803/2372/1027 1804/2220/935 1570/2223/935 1571/2373/1027
f 1841/2320/1034 1842/2487/1030 1520/2488/1030 1521/2321/1034
f 1697/2429/1028 1696/2138/1029 1630/2141/1029 1629/2430/1028
f 1805/2221/1034 1806/2384/1030 1568/2387/1030 1569/2222/1034
f 1844/2478/1040 1845/2300/1028 1517/2303/1028 1518/2479/1040
f 1659/2338/1031 1658/2292/1041 1789/2295/1041 1788/2339/1031
f 1817/2116/1034 1818/2424/1030 1556/2427/1030 1557/2117/1034
f 1811/2243/1031 1812/2489/1041 1562/2490/1041 1563/2244/1031
f 1654/2355/935 1653/2370/1034 1794/2371/1034 1793/2356/935
f 1829/2491/1034 1830/2390/1030 1532/2391/1030 1533/2492/1034
f 1714/2408/935 1713/2485/1034 1613/2486/1034 1612/2409/935
f 1682/2284/1041 1693/2148/916 1754/2151/916 1765/2285/1041
f 1731/2493/1031 1730/2248/1041 1596/2251/1041 1595/2494/1031
f 1687/2495/934 1686/2496/1040 1761/2497/1040 1760/2498/934
f 1812/2489/1041 1813/2328/916 1561/2331/916 1562/2490/1041
f 1719/2228/1031 1718/2499/1041 1608/2500/1041 1607/2229/1031
f 1699/2098/934 1698/2428/1040 1628/2431/1040 1627/2099/934
f 1692/2149/1026 1691/2501/1027 1756/2502/1027 1755/2150/1026
f 1685/2503/1028 1684/2208/1029 1763/2211/1029 1762/2504/1028
f 1695/2139/1031 1694/2234/1041 1632/2237/1041 1631/2140/1031
f 1671/2333/1031 1670/2366/1041 1777/2369/1041 1776/2334/1031
f 1746/2394/1040 1745/2402/1028 1581/2403/1028 1580/2395/1040
f 1842/2487/1030 1843/2477/934 1519/2480/934 1520/2488/1030
f 1644/2269/1026 1643/2204/1027 1539/2207/1027 1538/2270/1026
f 1686/2496/1040 1685/2503/1028 1762/2504/1028 1761/2497/1040
f 1823/2505/1031 1824/2180/1041 1550/2183/1041 1551/2506/1031
f 1828/2309/935 1829/2491/1034 1533/2492/1034 1534/2310/935
f 1678/2312/935 1677/2404/1034 1770/2407/1034 1769/2313/935
f 1691/2501/1027 1690/2224/935 1757/2227/935 1756/2502/1027
f 1808/2381/1040 1809/2422/1028 1565/2423/1028 1566/2382/1040
f 1709/2399/1028 1708/2101/1029 1618/2104/1029 1617/2400/1028
f 1641/2376/1034 1640/2314/1030 1542/2317/1030 1541/2377/1034
f 1656/2286/1026 1655/2354/1027 1792/2357/1027 1791/2287/1026
f 1739/2358/1027 1738/2392/935 1588/2393/935 1587/2359/1027
f 1837/2507/916 1826/2388/1026 1536/2389/1026 1525/2508/916
f 1681/2367/916 1680/2192/1026 1767/2195/1026 1766/2368/916
f 1822/2094/1029 1823/2505/1031 1551/2506/1031 1552/2095/1029
f 1665/2135/1034 1664/2418/1030 1783/2421/1030 1782/2136/1034
f 1732/2414/1029 1731/2493/1031 1595/2494/1031 1594/2415/1029
f 1718/2499/1041 1729/2509/916 1597/2510/916 1608/2500/1041
f 1689/2225/1034 1688/2350/1030 1759/2353/1030 1758/2226/1034
f 1499/2511/1043 1816/2512/1035 1815/2513/1035
f 1841/2514/1035 1840/2515/1035 2121/2516/1044
f 1818/2517/1035 1817/2518/1035 1839/2519/1035 1838/2520/1035
f 1838/2520/1035 1849/2521/1035 1819/2522/1035 1818/2517/1035
f 1849/2521/1035 1848/2523/1035 1820/2524/1035 1819/2522/1035
f 1821/2525/1035 1820/2524/1035 1848/2523/1035 1847/2526/1035
f 1827/2527/1035 1826/2528/1035 1806/2529/1035 1805/2530/1035
f 1826/2528/1035 1837/2531/1035 1807/2532/1035 1806/2529/1035
f 1837/2531/1035 1836/2533/1035 1808/2534/1035 1807/2532/1035
f 1809/2535/1035 1808/2534/1035 1836/2533/1035 1835/2536/1035
f 1821/2525/1035 1847/2526/1035 1827/2527/1035 1805/2530/1035
f 1822/2537/1035 1821/2525/1035 1805/2530/1035 1804/2538/1035
f 1823/2539/1035 1822/2537/1035 1804/2538/1035 1803/2540/1035
f 1824/2541/1035 1823/2539/1035 1803/2540/1035 1802/2542/1035
f 1500/2543/1045 1825/2544/1035 1824/2541/1035
f 1825/2544/1035 1500/2543/1045 1814/2545/1035
f 1814/2545/1035 1499/2511/1043 1815/2513/1035
f 1499/2511/1043 1814/2545/1035 1500/2543/1045
f 1500/2543/1045 1802/2542/1035 1813/2546/1035
f 1500/2543/1045 1824/2541/1035 1802/2542/1035
f 1828/2547/1035 1827/2527/1035 1847/2526/1035 1846/2548/1035
f 1829/2549/1035 1828/2547/1035 1846/2548/1035 1845/2550/1035
f 1845/2550/1035 1844/2551/1035 1830/2552/1035 1829/2549/1035
f 1841/2514/1035 2121/2516/1044 1842/2553/1035
f 1843/2554/1035 1842/2553/1035 2138/2555/1046
f 2121/2516/1044 2138/2555/1046 1842/2553/1035
f 1843/2554/1035 2138/2555/1046 1844/2551/1035
f 2138/2555/1046 1830/2552/1035 1844/2551/1035
f 1830/2552/1035 2138/2555/1046 1831/2556/1035
f 1812/2557/1035 1500/2543/1045 1813/2546/1035
f 1831/2556/1035 2138/2555/1046 1832/2558/1035
f 2133/2473/1042 1736/2476/1035 1722/2559/1035 2154/2560/1047
f 1722/2559/1035 1736/2476/1035 1737/2561/1035 1721/2562/1035
f 2154/2560/1047 1710/2563/1035 2147/2564/1048
f 1850/2565/1049 1646/2566/1035 1498/2567/1050
f 1633/2071/1022 1498/2567/1050 1658/2568/1035 1680/2475/1035
f 1659/2569/1035 1679/2570/1035 1680/2475/1035 1658/2568/1035
f 1679/2570/1035 1659/2569/1035 1660/2571/1035 1678/2572/1035
f 1678/2572/1035 1660/2571/1035 1661/2573/1035 1677/2454/1035
f 1739/2455/1035 1677/2454/1035 1661/2573/1035 1719/2574/1035
f 1720/2575/1035 1738/2576/1035 1739/2455/1035 1719/2574/1035
f 1738/2576/1035 1720/2575/1035 1721/2562/1035 1737/2561/1035
f 1703/2577/1035 1704/2578/1035 1640/2579/1035 1641/2580/1035
f 1704/2578/1035 1705/2581/1035 1639/2582/1035 1640/2579/1035
f 1705/2581/1035 1694/2583/1035 1638/2584/1035 1639/2582/1035
f 1637/2585/1035 1638/2584/1035 1694/2583/1035 1695/2586/1035
f 1809/2535/1035 1835/2536/1035 1703/2577/1035 1641/2580/1035
f 1810/2587/1035 1809/2535/1035 1641/2580/1035 1642/2588/1035
f 1811/2589/1035 1810/2587/1035 1642/2588/1035 1643/2590/1035
f 1812/2557/1035 1811/2589/1035 1643/2590/1035 1644/2591/1035
f 1850/2565/1049 1644/2591/1035 1645/2592/1035
f 1850/2565/1049 1500/2543/1045 1812/2557/1035 1644/2591/1035
f 1702/2593/1035 1703/2577/1035 1835/2536/1035 1834/2594/1035
f 1701/2595/1035 1702/2593/1035 1834/2594/1035 1833/2596/1035
f 1833/2596/1035 1832/2558/1035 1700/2597/1035 1701/2595/1035
f 2147/2564/1048 1700/2597/1035 1832/2558/1035 2138/2555/1046
f 1700/2597/1035 2147/2564/1048 1699/2598/1035
f 1634/2599/1035 1850/2565/1049 1645/2592/1035
f 1699/2598/1035 2147/2564/1048 1698/2600/1035
f 1715/2601/1035 1716/2602/1035 1652/2603/1035 1653/2604/1035
f 1716/2602/1035 1717/2605/1035 1651/2606/1035 1652/2603/1035
f 1717/2605/1035 1706/2607/1035 1650/2608/1035 1651/2606/1035
f 1649/2609/1035 1650/2608/1035 1706/2607/1035 1707/2610/1035
f 1637/2585/1035 1695/2586/1035 1715/2601/1035 1653/2604/1035
f 1636/2611/1035 1637/2585/1035 1653/2604/1035 1654/2612/1035
f 1635/2613/1035 1636/2611/1035 1654/2612/1035 1655/2614/1035
f 1634/2599/1035 1635/2613/1035 1655/2614/1035 1656/2615/1035
f 1850/2565/1049 1656/2615/1035 1657/2616/1035
f 1850/2565/1049 1634/2599/1035 1656/2615/1035
f 1714/2617/1035 1715/2601/1035 1695/2586/1035 1696/2618/1035
f 1713/2619/1035 1714/2617/1035 1696/2618/1035 1697/2620/1035
f 1697/2620/1035 1698/2600/1035 1712/2621/1035 1713/2619/1035
f 2147/2564/1048 1712/2621/1035 1698/2600/1035
f 1712/2621/1035 2147/2564/1048 1711/2622/1035
f 1646/2566/1035 1850/2565/1049 1657/2616/1035
f 1711/2622/1035 2147/2564/1048 1710/2563/1035
f 1727/2623/1035 1728/2624/1035 1664/2625/1035 1665/2626/1035
f 1728/2624/1035 1729/2627/1035 1663/2628/1035 1664/2625/1035
f 1729/2627/1035 1718/2629/1035 1662/2630/1035 1663/2628/1035
f 1661/2573/1035 1662/2630/1035 1718/2629/1035 1719/2574/1035
f 1649/2609/1035 1707/2610/1035 1727/2623/1035 1665/2626/1035
f 1648/2631/1035 1649/2609/1035 1665/2626/1035 1666/2632/1035
f 1647/2633/1035 1648/2631/1035 1666/2632/1035 1667/2634/1035
f 1646/2566/1035 1647/2633/1035 1667/2634/1035 1668/2635/1035
f 1498/2567/1050 1668/2635/1035 1669/2636/1035
f 1498/2567/1050 1646/2566/1035 1668/2635/1035
f 1726/2637/1035 1727/2623/1035 1707/2610/1035 1708/2638/1035
f 1725/2639/1035 1726/2637/1035 1708/2638/1035 1709/2640/1035
f 1709/2640/1035 1710/2563/1035 1724/2641/1035 1725/2639/1035
f 2154/2560/1047 1724/2641/1035 1710/2563/1035
f 1724/2641/1035 2154/2560/1047 1723/2642/1035
f 1658/2568/1035 1498/2567/1050 1669/2636/1035
f 1723/2642/1035 2154/2560/1047 1722/2559/1035
f 1979/2643/1035 1985/2644/1051 1425/2068/1020 1977/2645/1052
f 2183/2646/1053 1852/2647/1035 1976/2648/1035 1981/2649/1035
f 2159/2650/1054 1902/2651/1035 1903/2652/1035
f 1904/2653/1035 1962/2131/1035 1505/2133/1035
f 1505/2133/1035 1963/2132/1035 1495/2654/1055 1986/2655/1035
f 1964/2656/1035 1495/2654/1055 1963/2132/1035
f 1905/2657/1035 1961/2658/1035 1962/2131/1035 1904/2653/1035
f 1903/2652/1035 1904/2653/1035 1505/2133/1035
f 1961/2658/1035 1905/2657/1035 1906/2659/1035 1972/2660/1035
f 1972/2660/1035 1906/2659/1035 1907/2661/1035 1971/2662/1035
f 1908/2663/1035 1970/2664/1035 1971/2662/1035 1907/2661/1035
f 1950/2665/1035 1892/2666/1035 1893/2667/1035 1949/2668/1035
f 1949/2668/1035 1893/2667/1035 1894/2669/1035 1960/2670/1035
f 1960/2670/1035 1894/2669/1035 1895/2671/1035 1959/2672/1035
f 1896/2673/1035 1958/2674/1035 1959/2672/1035 1895/2671/1035
f 1908/2663/1035 1892/2666/1035 1950/2665/1035 1970/2664/1035
f 1909/2675/1035 1891/2676/1035 1892/2666/1035 1908/2663/1035
f 1910/2677/1035 1890/2678/1035 1891/2676/1035 1909/2675/1035
f 1911/2679/1035 1889/2680/1035 1890/2678/1035 1910/2677/1035
f 2159/2650/1054 1911/2679/1035 1912/2681/1035
f 1912/2681/1035 1901/2682/1035 2159/2650/1054
f 1901/2682/1035 1902/2651/1035 2159/2650/1054
f 1497/2683/1056 1900/2684/1035 1889/2680/1035
f 1497/2683/1056 1889/2680/1035 1911/2679/1035 2159/2650/1054
f 1951/2685/1035 1969/2686/1035 1970/2664/1035 1950/2665/1035
f 1952/2687/1035 1968/2688/1035 1969/2686/1035 1951/2685/1035
f 1968/2688/1035 1952/2687/1035 1953/2689/1035 1967/2690/1035
f 1964/2656/1035 1965/2691/1035 1495/2654/1055
f 1966/2692/1057 1495/2654/1055 1965/2691/1035
f 1966/2692/1057 1967/2690/1035 1495/2654/1055
f 2191/2693/1058 1495/2654/1055 1967/2690/1035 1953/2689/1035
f 1953/2689/1035 1954/2694/1035 2191/2693/1058
f 1899/2695/1035 1900/2684/1035 1497/2683/1056
f 1954/2694/1035 1955/2696/1035 2191/2693/1058
f 2191/2693/1058 1955/2696/1035 1941/2697/1035
f 1941/2697/1035 1955/2696/1035 1956/2698/1035 1940/2699/1035
f 2191/2693/1058 1929/2700/1035 2187/2701/1059
f 2172/2702/1060 1865/2703/1035 1497/2683/1056
f 1497/2683/1056 1877/2704/1035 1899/2695/1035
f 1878/2705/1035 1898/2706/1035 1899/2695/1035 1877/2704/1035
f 1898/2706/1035 1878/2705/1035 1879/2707/1035 1897/2708/1035
f 1897/2708/1035 1879/2707/1035 1880/2709/1035 1896/2673/1035
f 1958/2674/1035 1896/2673/1035 1880/2709/1035 1938/2710/1035
f 1939/2711/1035 1957/2712/1035 1958/2674/1035 1938/2710/1035
f 1957/2712/1035 1939/2711/1035 1940/2699/1035 1956/2698/1035
f 1922/2713/1035 1923/2714/1035 1859/2715/1035 1860/2716/1035
f 1923/2714/1035 1924/2717/1035 1858/2718/1035 1859/2715/1035
f 1924/2717/1035 1913/2719/1035 1857/2720/1035 1858/2718/1035
f 1856/2721/1035 1857/2720/1035 1913/2719/1035 1914/2722/1035
f 1852/2647/1035 1922/2713/1035 1860/2716/1035
f 1852/2647/1035 1860/2716/1035 1861/2723/1035
f 1851/2724/1061 1852/2647/1035 1861/2723/1035 1862/2725/1035
f 1851/2724/1061 1862/2725/1035 1863/2726/1035
f 2172/2702/1060 1863/2726/1035 1864/2727/1035
f 2172/2702/1060 1851/2724/1061 1863/2726/1035
f 1921/2728/1035 1922/2713/1035 1852/2647/1035
f 1920/2729/1035 1921/2728/1035 1852/2647/1035 2183/2646/1053
f 2183/2646/1053 1919/2730/1035 1920/2729/1035
f 2187/2701/1059 1919/2730/1035 2183/2646/1053
f 1919/2730/1035 2187/2701/1059 1918/2731/1035
f 1853/2732/1035 2172/2702/1060 1864/2727/1035
f 1918/2731/1035 2187/2701/1059 1917/2733/1035
f 1934/2734/1035 1935/2735/1035 1871/2736/1035 1872/2737/1035
f 1935/2735/1035 1936/2738/1035 1870/2739/1035 1871/2736/1035
f 1936/2738/1035 1925/2740/1035 1869/2741/1035 1870/2739/1035
f 1868/2742/1035 1869/2741/1035 1925/2740/1035 1926/2743/1035
f 1856/2721/1035 1914/2722/1035 1934/2734/1035 1872/2737/1035
f 1855/2744/1035 1856/2721/1035 1872/2737/1035 1873/2745/1035
f 1854/2746/1035 1855/2744/1035 1873/2745/1035 1874/2747/1035
f 1853/2732/1035 1854/2746/1035 1874/2747/1035 1875/2748/1035
f 2172/2702/1060 1875/2748/1035 1876/2749/1035
f 2172/2702/1060 1853/2732/1035 1875/2748/1035
f 1933/2750/1035 1934/2734/1035 1914/2722/1035 1915/2751/1035
f 1932/2752/1035 1933/2750/1035 1915/2751/1035 1916/2753/1035
f 1916/2753/1035 1917/2733/1035 1931/2754/1035 1932/2752/1035
f 2187/2701/1059 1931/2754/1035 1917/2733/1035
f 1931/2754/1035 2187/2701/1059 1930/2755/1035
f 1865/2703/1035 2172/2702/1060 1876/2749/1035
f 1930/2755/1035 2187/2701/1059 1929/2700/1035
f 1946/2756/1035 1947/2757/1035 1883/2758/1035 1884/2759/1035
f 1947/2757/1035 1948/2760/1035 1882/2761/1035 1883/2758/1035
f 1948/2760/1035 1937/2762/1035 1881/2763/1035 1882/2761/1035
f 1880/2709/1035 1881/2763/1035 1937/2762/1035 1938/2710/1035
f 1868/2742/1035 1926/2743/1035 1946/2756/1035 1884/2759/1035
f 1867/2764/1035 1868/2742/1035 1884/2759/1035 1885/2765/1035
f 1866/2766/1035 1867/2764/1035 1885/2765/1035 1886/2767/1035
f 1865/2703/1035 1866/2766/1035 1886/2767/1035 1887/2768/1035
f 1497/2683/1056 1887/2768/1035 1888/2769/1035
f 1497/2683/1056 1865/2703/1035 1887/2768/1035
f 1945/2770/1035 1946/2756/1035 1926/2743/1035 1927/2771/1035
f 1944/2772/1035 1945/2770/1035 1927/2771/1035 1928/2773/1035
f 1928/2773/1035 1929/2700/1035 1943/2774/1035 1944/2772/1035
f 2191/2693/1058 1943/2774/1035 1929/2700/1035
f 1943/2774/1035 2191/2693/1058 1942/2775/1035
f 1877/2704/1035 1497/2683/1056 1888/2769/1035
f 1942/2775/1035 2191/2693/1058 1941/2697/1035
f 1851/2724/1061 1985/2644/1051 1979/2643/1035 1980/2776/1035
f 1376/2066/1018 2176/2070/1021 1982/2777/1035 1984/2088/1025
f 2183/2646/1053 1981/2649/1035 1983/2778/1035
f 2176/2070/1021 2183/2646/1053 1983/2778/1035 1982/2777/1035
f 1852/2647/1035 1851/2724/1061 1978/2779/1035 1976/2648/1035
f 1978/2779/1035 1851/2724/1061 1980/2776/1035
f 1977/2645/1052 1425/2068/1020 1434/1720/859 1975/2105/1032
f 1973/2106/1033 1989/1719/858 1379/2067/1019 1974/2087/1024
f 2159/2650/1054 1903/2652/1035 1505/2133/1035 1987/2780/1035
f 1503/2128/1039 2159/2650/1054 1987/2780/1035 1512/2129/1035
f 1511/2123/1035 1986/2655/1035 1495/2654/1055 1502/2124/1036
f 1816/2512/1035 1509/2781/1035 1817/2518/1035
f 1509/2781/1035 1839/2519/1035 1817/2518/1035
f 1509/2781/1035 1840/2515/1035 1839/2519/1035
f 2121/2516/1044 1506/2782/1035 1510/2126/1035 2126/2125/1037
f 1507/2783/1035 1509/2781/1035 1816/2512/1035 1499/2511/1043
f 1506/2782/1035 2121/2516/1044 1840/2515/1035 1509/2781/1035
f 1504/2127/1038 1508/2130/1035 1507/2783/1035 1499/2511/1043
f 1815/2161/1027 1816/2115/935 1558/2118/935 1559/2162/1027
f 1365/2065/1017 1373/1708/847 1988/1710/849
f 1373/1708/847 1416/1707/846 1988/1710/849
f 1379/2067/1019 1989/1719/858 1381/1726/865
f 1381/1726/865 1989/1719/858 1432/1721/860
f 1936/2784/916 1935/2785/1026 2072/2786/1026 2073/2787/916
f 1931/2788/1030 1930/2789/934 2067/2790/934 2068/2791/1030
f 1859/2792/1030 1858/2793/934 1995/2794/934 1996/2795/1030
f 1952/2796/1028 1951/2797/1029 2088/2798/1029 2089/2799/1028
f 1875/2800/1026 1874/2801/1027 2011/2802/1027 2012/2803/1026
f 1968/2804/1034 1967/2805/1030 2104/2806/1030 2105/2807/1034
f 1891/2808/1029 1890/2809/1031 2027/2810/1031 2028/2811/1029
f 1972/2812/916 1971/2813/1026 2108/2814/1026 2109/2815/916
f 1963/2816/1029 1962/2817/1031 2099/2818/1031 2100/2819/1029
f 1907/2820/1030 1906/2821/934 2043/2822/934 2044/2823/1030
f 1956/2824/1034 1955/2825/1030 2092/2826/1030 2093/2827/1034
f 1923/2828/1026 1922/2829/1027 2059/2830/1027 2060/2831/1026
f 1939/2832/1029 1938/2833/1031 2075/2834/1031 2076/2835/1029
f 1959/2836/1026 1958/2837/1027 2095/2838/1027 2096/2839/1026
f 1862/2840/1027 1861/2841/935 1998/2842/935 1999/2843/1027
f 1871/2844/1030 1870/2845/934 2007/2846/934 2008/2847/1030
f 1887/2848/1026 1886/2849/1027 2023/2850/1027 2024/2851/1026
f 1878/2852/1031 1877/2853/1041 2014/2854/1041 2015/2855/1031
f 1903/2856/1029 1902/2857/1031 2039/2858/1031 2040/2859/1029
f 1877/2853/1041 1888/2860/916 2025/2861/916 2014/2854/1041
f 1947/2862/1026 1946/2863/1027 2083/2864/1027 2084/2865/1026
f 1919/2866/1030 1918/2867/934 2055/2868/934 2056/2869/1030
f 1894/2870/934 1893/2871/1040 2030/2872/1040 2031/2873/934
f 1935/2785/1026 1934/2874/1027 2071/2875/1027 2072/2786/1026
f 1910/2876/1027 1909/2877/935 2046/2878/935 2047/2879/1027
f 1893/2871/1040 1892/2880/1028 2029/2881/1028 2030/2872/1040
f 1951/2797/1029 1950/2882/1031 2087/2883/1031 2088/2798/1029
f 1926/2884/1031 1925/2885/1041 2062/2886/1041 2063/2887/1031
f 1967/2805/1030 1966/2888/934 2103/2889/934 2104/2806/1030
f 1925/2885/1041 1936/2890/916 2073/2891/916 2062/2886/1041
f 1942/2892/934 1941/2893/1040 2078/2894/1040 2079/2895/934
f 1965/2896/1040 1964/2897/1028 2101/2898/1028 2102/2899/1040
f 1954/2900/934 1953/2901/1040 2090/2902/1040 2091/2903/934
f 1958/2837/1027 1957/2904/935 2094/2905/935 2095/2838/1027
f 1858/2906/934 1857/2907/1040 1994/2908/1040 1995/2909/934
f 1866/2910/1031 1865/2911/1041 2002/2912/1041 2003/2913/1031
f 1861/2841/935 1860/2914/1034 1997/2915/1034 1998/2842/935
f 1865/2911/1041 1876/2916/916 2013/2917/916 2002/2912/1041
f 1854/2918/1031 1853/2919/1041 1990/2920/1041 1991/2921/1031
f 1882/2922/934 1881/2923/1040 2018/2924/1040 2019/2925/934
f 1971/2813/1026 1970/2926/1027 2107/2927/1027 2108/2814/1026
f 1853/2919/1041 1864/2928/916 2001/2929/916 1990/2920/1041
f 1870/2930/934 1869/2931/1040 2006/2932/1040 2007/2933/934
f 1969/2934/935 1968/2804/1034 2105/2807/1034 2106/2935/935
f 1898/2936/1027 1897/2937/935 2034/2938/935 2035/2939/1027
f 1909/2877/935 1908/2940/1034 2045/2941/1034 2046/2878/935
f 1864/2928/916 1863/2942/1026 2000/2943/1026 2001/2929/916
f 1886/2849/1027 1885/2944/935 2022/2945/935 2023/2850/1027
f 1953/2901/1040 1952/2796/1028 2089/2799/1028 2090/2902/1040
f 1880/2946/1028 1879/2947/1029 2016/2948/1029 2017/2949/1028
f 1902/2857/1031 1901/2950/1041 2038/2951/1041 2039/2858/1031
f 1881/2923/1040 1880/2946/1028 2017/2949/1028 2018/2924/1040
f 1941/2893/1040 1940/2952/1028 2077/2953/1028 2078/2894/1040
f 1896/2954/1034 1895/2955/1030 2032/2956/1030 2033/2957/1034
f 1901/2950/1041 1912/2958/916 2049/2959/916 2038/2951/1041
f 1897/2937/935 1896/2954/1034 2033/2957/1034 2034/2938/935
f 1914/2960/1031 1913/2961/1041 2050/2962/1041 2051/2963/1031
f 1912/2958/916 1911/2964/1026 2048/2965/1026 2049/2959/916
f 1918/2867/934 1917/2966/1040 2054/2967/1040 2055/2868/934
f 1929/2968/1040 1928/2969/1028 2065/2970/1028 2066/2971/1040
f 1913/2961/1041 1924/2972/916 2061/2973/916 2050/2962/1041
f 1863/2942/1026 1862/2840/1027 1999/2843/1027 2000/2943/1026
f 1930/2789/934 1929/2968/1040 2066/2971/1040 2067/2790/934
f 1957/2904/935 1956/2824/1034 2093/2827/1034 2094/2905/935
f 1874/2801/1027 1873/2974/935 2010/2975/935 2011/2802/1027
f 1945/2976/935 1944/2977/1034 2081/2978/1034 2082/2979/935
f 1928/2969/1028 1927/2980/1029 2064/2981/1029 2065/2970/1028
f 1890/2809/1031 1889/2982/1041 2026/2983/1041 2027/2810/1031
f 1934/2874/1027 1933/2984/935 2070/2985/935 2071/2875/1027
f 1879/2947/1029 1878/2852/1031 2015/2855/1031 2016/2948/1029
f 1944/2977/1034 1943/2986/1030 2080/2987/1030 2081/2978/1034
f 1889/2982/1041 1900/2988/916 2037/2989/916 2026/2983/1041
f 1906/2990/934 1905/2991/1040 2042/2992/1040 2043/2993/934
f 1949/2994/1041 1960/2995/916 2097/2996/916 2086/2997/1041
f 1955/2825/1030 1954/2900/934 2091/2903/934 2092/2826/1030
f 1946/2863/1027 1945/2976/935 2082/2979/935 2083/2864/1027
f 1868/2998/1028 1867/2999/1029 2004/3000/1029 2005/3001/1028
f 1966/2888/934 1965/2896/1040 2102/2899/1040 2103/2889/934
f 1895/2955/1030 1894/3002/934 2031/3003/934 2032/2956/1030
f 1857/2907/1040 1856/3004/1028 1993/3005/1028 1994/2908/1040
f 1962/2817/1031 1961/3006/1041 2098/3007/1041 2099/2818/1031
f 1960/3008/916 1959/2836/1026 2096/2839/1026 2097/3009/916
f 1884/3010/1034 1883/3011/1030 2020/3012/1030 2021/3013/1034
f 1961/3006/1041 1972/3014/916 2109/3015/916 2098/3007/1041
f 1937/3016/1041 1948/3017/916 2085/3018/916 2074/3019/1041
f 1873/2974/935 1872/3020/1034 2009/3021/1034 2010/2975/935
f 1900/2988/916 1899/3022/1026 2036/3023/1026 2037/2989/916
f 1950/2882/1031 1949/2994/1041 2086/2997/1041 2087/2883/1031
f 1905/2991/1040 1904/3024/1028 2041/3025/1028 2042/2992/1040
f 1970/2926/1027 1969/2934/935 2106/2935/935 2107/2927/1027
f 1916/3026/1028 1915/3027/1029 2052/3028/1029 2053/3029/1028
f 1932/3030/1034 1931/2788/1030 2068/2791/1030 2069/3031/1034
f 1911/2964/1026 1910/2876/1027 2047/2879/1027 2048/2965/1026
f 1921/3032/935 1920/3033/1034 2057/3034/1034 2058/3035/935
f 1860/2914/1034 1859/2792/1030 1996/2795/1030 1997/2915/1034
f 1927/2980/1029 1926/2884/1031 2063/2887/1031 2064/2981/1029
f 1876/2916/916 1875/2800/1026 2012/2803/1026 2013/2917/916
f 1948/3036/916 1947/2862/1026 2084/2865/1026 2085/3037/916
f 1869/2931/1040 1868/2998/1028 2005/3001/1028 2006/2932/1040
f 1943/2986/1030 1942/2892/934 2079/2895/934 2080/2987/1030
f 1892/2880/1028 1891/2808/1029 2028/2811/1029 2029/2881/1028
f 1856/3004/1028 1855/3038/1029 1992/3039/1029 1993/3005/1028
f 1867/2999/1029 1866/2910/1031 2003/2913/1031 2004/3000/1029
f 1908/2940/1034 1907/2820/1030 2044/2823/1030 2045/2941/1034
f 1872/3020/1034 1871/2844/1030 2008/2847/1030 2009/3021/1034
f 1883/3011/1030 1882/3040/934 2019/3041/934 2020/3012/1030
f 1885/2944/935 1884/3010/1034 2021/3013/1034 2022/2945/935
f 1938/2833/1031 1937/3016/1041 2074/3019/1041 2075/2834/1031
f 1964/2897/1028 1963/2816/1029 2100/2819/1029 2101/2898/1028
f 1917/2966/1040 1916/3026/1028 2053/3029/1028 2054/2967/1040
f 1888/2860/916 1887/2848/1026 2024/2851/1026 2025/2861/916
f 1855/3038/1029 1854/2918/1031 1991/2921/1031 1992/3039/1029
f 1924/3042/916 1923/2828/1026 2060/2831/1026 2061/3043/916
f 1904/3024/1028 1903/2856/1029 2040/2859/1029 2041/3025/1028
f 1899/3022/1026 1898/2936/1027 2035/2939/1027 2036/3023/1026
f 1940/2952/1028 1939/2832/1029 2076/2835/1029 2077/2953/1028
f 1920/3033/1034 1919/2866/1030 2056/2869/1030 2057/3034/1034
f 1933/2984/935 1932/3030/1034 2069/3031/1034 2070/2985/935
f 1922/2829/1027 1921/3032/935 2058/3035/935 2059/2830/1027
f 1915/3027/1029 1914/2960/1031 2051/2963/1031 2052/3028/1029
f 2159/2650/1054 1503/2128/1039 2117/3044/1062 2158/3045/1063
f 2126/2125/1037 1502/2124/1036 2115/3046/1064 1496/3047/1064
f 1366/1804/922 2130/3048/1065 1501/1845/928 1244/1803/921
f 2124/3049/934 2113/3050/934 2111/3051/934 2123/3052/934
f 1496/3047/1064 2115/3046/1064 2110/3053/928 2128/3054/928
f 2174/3055/916 2112/3056/916 2110/3053/916 2173/3057/916
f 2123/3052/818 2111/3051/818 2117/3044/1062 2127/3058/1066
f 2136/3059/818 2119/3060/818 2122/3061/1067 2139/3062/1068
f 2140/3063/1069 2118/3064/1070 2114/3065/928 2141/3066/928
f 2137/3067/934 2120/3068/934 2119/3060/934 2136/3059/934
f 2138/2555/1046 2121/2516/1044 2118/3064/1070 2140/3063/1069
f 1504/2127/1038 1499/2511/1043 2122/3061/1067 2127/3058/1066
f 1215/1875/934 2132/3069/934 2131/3070/934 1282/1838/934
f 2125/3071/916 2116/3072/916 2114/3065/916 2128/3054/916
f 2112/3056/916 2125/3071/916 2128/3054/916 2110/3053/916
f 1365/2065/1017 2133/2473/1042 2130/3048/1065 1366/1804/922
f 1503/2128/1039 1504/2127/1038 2127/3058/1066 2117/3044/1062
f 2119/3060/818 2123/3052/818 2127/3058/1066 2122/3061/1067
f 2118/3064/1070 1496/3047/1064 2128/3054/928 2114/3065/928
f 2120/3068/934 2124/3049/934 2123/3052/934 2119/3060/934
f 2121/2516/1044 2126/2125/1037 1496/3047/1064 2118/3064/1070
f 1282/1838/925 2131/3070/818 2134/2072/1023 1411/1839/926
f 1498/2567/1050 1633/2071/1022 2134/2072/1023 2155/3073/1068
f 2153/3074/949 2132/1929/949 2129/1932/949 2149/3075/949
f 2149/3076/916 2129/1844/916 1501/1845/916 2151/3077/916
f 2116/3072/916 2135/3078/916 2141/3066/916 2114/3065/916
f 2120/3079/949 2137/3080/949 2135/3081/949 2116/3082/949
f 1499/2511/1043 1500/2543/1045 2139/3062/1068 2122/3061/1067
f 2147/2564/1048 2138/2555/1046 2140/3063/1069 2143/3083/1071
f 2146/3084/934 2137/3067/934 2136/3059/934 2145/3085/934
f 2143/3083/1071 2140/3063/1069 2141/3066/928 2144/3086/928
f 2145/3085/818 2136/3059/818 2139/3062/1068 2148/3087/1023
f 2152/3088/818 2145/3085/818 2148/3087/1023 2155/3073/1068
f 2150/3089/1071 2143/3083/1071 2144/3086/928 2151/3077/928
f 2153/3090/934 2146/3084/934 2145/3085/934 2152/3088/934
f 2154/2560/1047 2147/2564/1048 2143/3083/1071 2150/3089/1071
f 2135/3078/916 2142/3091/916 2144/3086/916 2141/3066/916
f 2137/3080/949 2146/3092/949 2142/3093/949 2135/3081/949
f 1500/2543/1045 1850/2565/1049 2148/3087/1023 2139/3062/1068
f 2133/2473/1042 2154/2560/1047 2150/3089/1071 2130/3048/1065
f 2132/3069/934 2153/3090/934 2152/3088/934 2131/3070/934
f 2130/3048/1065 2150/3089/1071 2151/3077/928 1501/1845/928
f 2131/3070/818 2152/3088/818 2155/3073/1068 2134/2072/1023
f 2142/3091/916 2149/3076/916 2151/3077/916 2144/3086/916
f 2146/3092/949 2153/3074/949 2149/3075/949 2142/3093/949
f 1850/2565/1049 1498/2567/1050 2155/3073/1068 2148/3087/1023
f 1497/2683/1056 2159/2650/1054 2158/3045/1063 2168/3094/1072
f 2113/3050/934 2157/3095/934 2156/3096/934 2111/3051/934
f 2111/3051/818 2156/3096/818 2158/3045/1063 2117/3044/1062
f 1425/2068/1020 1985/2644/1051 2162/1682/821 1426/1681/820
f 2164/3097/934 2161/1904/934 2160/1679/934 2163/3098/934
f 2163/3098/818 2160/1679/818 2162/1682/821 2165/3099/1073
f 2169/3100/818 2163/3098/818 2165/3099/1073 2171/3101/1074
f 2170/3102/934 2164/3097/934 2163/3098/934 2169/3100/934
f 1985/2644/1051 1851/2724/1061 2165/3099/1073 2162/1682/821
f 2157/3095/934 2167/3103/934 2166/3104/934 2156/3096/934
f 2156/3096/818 2166/3104/818 2168/3094/1072 2158/3045/1063
f 2172/2702/1060 1497/2683/1056 2168/3094/1072 2171/3101/1074
f 1851/2724/1061 2172/2702/1060 2171/3101/1074 2165/3099/1073
f 2167/3103/934 2170/3102/934 2169/3100/934 2166/3104/934
f 2166/3104/818 2169/3100/818 2171/3101/1074 2168/3094/1072
f 2189/3105/916 2174/3055/916 2173/3057/916 2188/3106/916
f 1502/2124/1036 1495/2654/1055 2175/3107/1075 2115/3046/1064
f 2115/3046/1064 2175/3107/1075 2173/3057/928 2110/3053/928
f 1197/1817/916 2178/3108/916 2177/1847/916 1246/1634/916
f 2183/2646/1053 2176/2070/1021 2179/1846/927 2182/3109/1069
f 2182/3109/1069 2179/1846/927 2177/1847/928 2180/3110/928
f 2186/3111/1069 2182/3109/1069 2180/3110/928 2184/3112/928
f 2187/2701/1059 2183/2646/1053 2182/3109/1069 2186/3111/1069
f 2178/3108/916 2181/3113/916 2180/3110/916 2177/1847/916
f 2191/2693/1058 2187/2701/1059 2186/3111/1069 2190/3114/1076
f 2190/3114/1076 2186/3111/1069 2184/3112/928 2188/3106/928
f 2181/3113/916 2185/3115/916 2184/3112/916 2180/3110/916
f 2175/3107/1075 2190/3114/1076 2188/3106/928 2173/3057/928
f 1495/2654/1055 2191/2693/1058 2190/3114/1076 2175/3107/1075
f 2185/3115/916 2189/3105/916 2188/3106/916 2184/3112/916
f 2116/3082/949 2125/3116/949 2195/3117/949 2197/3118/949
f 2125/3116/949 2112/3119/949 2193/3120/949 2195/3117/949
f 2174/3121/949 2189/3122/949 2167/3123/949 2157/3124/949
f 2189/3122/949 2185/3125/949 2170/3126/949 2167/3123/949
f 1200/1922/943 1225/1921/942 2198/1926/946 2199/1927/947
f 2181/3127/949 2178/3128/949 2203/3129/949 2204/3130/949
f 2205/3131/949 2202/3132/949 2161/3133/949 2164/3134/949
f 2197/3118/949 2196/3135/949 2124/3136/949 2120/3079/949
f 2196/3135/949 2192/3137/949 2113/3138/949 2124/3136/949
f 2112/3119/949 2174/3121/949 2194/3139/949 2193/3120/949
f 2192/3137/949 2194/3139/949 2157/3124/949 2113/3138/949
f 2157/3124/949 2194/3139/949 2174/3121/949
f 2197/3118/949 2120/3079/949 2116/3082/949
f 2202/3132/949 2201/1925/945 1222/1924/945 2161/3133/949
f 2170/3126/949 2205/3131/949 2164/3134/949
f 2178/3128/949 1197/3140/1077 2200/3141/1077 2203/3129/949
f 1225/1921/942 1226/1923/944 2198/1926/946
f 2170/3126/949 2185/3125/949 2204/3130/949 2205/3131/949
f 2185/3125/949 2181/3127/949 2204/3130/949
f 2199/1927/947 2200/3141/1077 1197/3140/1077 1199/1928/948
f 2233/3142/916 2213/3143/916 2212/3144/916 2214/3145/916 2215/3146/916 2216/3147/916 2217/3148/916
f 2226/3149/916 2227/3150/916 2228/3151/916 2229/3152/916
f 2395/3153/1078 2380/3154/1079 2385/3155/1079 2408/3156/1080
f 2380/3157/916 2234/3158/916 2233/3142/916
f 2230/3159/916 2211/3160/916 2234/3158/916
f 2237/3161/916 2390/3162/916 2392/3163/916 2378/3164/916
f 2232/3165/916 2225/3166/916 2224/3167/916 2226/3149/916
f 2239/3168/916 2463/3169/916 2246/3170/916 2381/3171/916
f 2395/3172/916 2397/3173/916 2230/3159/916
f 2306/3174/916 2226/3149/916 2241/3175/916
f 2231/3176/916 2221/3177/916 2222/3178/916 2223/3179/916
f 2221/3177/916 2219/3180/916 2218/3181/916 2220/3182/916
f 2207/3183/916 2206/3184/916 2208/3185/916 2209/3186/916 2210/3187/916 2211/3160/916 2230/3159/916
f 2380/3154/1079 2393/3188/1081 2404/3189/1081 2385/3155/1079
f 2389/3190/1082 2255/3191/1035 2383/3192/1035 2402/3193/1082
f 2248/3194/1083 2469/3195/1084 2488/3196/1085 2479/3197/1086
f 2234/3158/916 2213/3143/916 2233/3142/916
f 2472/3198/1087 2244/3199/1088 2252/3200/1088 2473/3201/1087
f 2470/3202/1089 2241/3175/1090 2248/3203/1090 2471/3204/1089
f 2463/3169/1091 2239/3168/1092 2238/3205/1092 2462/3206/1091
f 2464/3207/1093 2246/3170/1094 2254/3208/1094 2465/3209/1093
f 2259/3210/916 2256/3211/916 2263/3212/916 2444/3213/916
f 2467/3214/1095 2249/3215/1096 2480/3216/1097 2487/3217/1098
f 2247/3218/1099 2473/3219/1100 2490/3220/1101 2478/3221/1102
f 2469/3195/1084 2253/3222/1103 2483/3223/1104 2488/3196/1085
f 2477/3224/1105 2243/3225/1106 2250/3226/1106 2476/3227/1105
f 2466/3228/1107 2242/3229/1108 2249/3230/1108 2467/3231/1107
f 2468/3232/1109 2245/3233/1110 2253/3234/1110 2469/3235/1109
f 2474/3236/1111 2240/3237/1112 2247/3238/1112 2475/3239/1111
f 2377/3240/916 2365/3241/916 2375/3242/916
f 2256/3211/916 2316/3243/916 2317/3244/916
f 2445/3245/916 2271/3246/916 2278/3247/916 2446/3248/916
f 2326/3249/1113 2306/3250/1114 2342/3251/1115 2357/3252/1113
f 2381/3171/916 2319/3253/916 2318/3254/916 2309/3255/916
f 2309/3255/916 2306/3174/916 2240/3237/916
f 2309/3256/1116 2318/3257/1117 2354/3258/1117 2344/3259/1116
f 2256/3260/1035 2387/3261/1118 2398/3262/1119 2384/3263/1035
f 2450/3264/1120 2259/3210/1121 2266/3265/1121 2451/3266/1120
f 2432/3267/1122 2264/3268/1123 2272/3269/1123 2433/3270/1122
f 2426/3271/1124 2261/3272/1125 2268/3273/1125 2427/3274/1124
f 2457/3275/1126 2262/3276/1127 2269/3277/1127 2456/3278/1126
f 2381/3171/916 2265/3279/916 2420/3280/916 2261/3272/916
f 2439/3281/916 2267/3282/916 2279/3283/916 2440/3284/916
f 2414/3285/916 2257/3286/916 2276/3287/916 2416/3288/916
f 2421/3289/916 2273/3290/916 2274/3291/916 2422/3292/916
f 2420/3280/1128 2265/3279/1129 2273/3290/1129 2421/3289/1128
f 2415/3293/1130 2258/3294/1131 2257/3286/1131 2414/3285/1130
f 2438/3295/1132 2260/3296/1133 2267/3282/1133 2439/3281/1132
f 2444/3213/1134 2263/3212/1135 2271/3246/1135 2445/3245/1134
f 2440/3284/1136 2279/3283/1137 2287/3297/1137 2441/3298/1136
f 2422/3292/1138 2274/3291/1139 2282/3299/1139 2423/3300/1138
f 2458/3301/1140 2275/3302/1141 2283/3303/1141 2459/3304/1140
f 2452/3305/1142 2277/3306/1143 2285/3307/1143 2453/3308/1142
f 2427/3274/916 2268/3273/916 2281/3309/916 2428/3310/916
f 2433/3270/916 2272/3269/916 2280/3311/916 2434/3312/916
f 2456/3278/916 2269/3277/916 2275/3302/916 2458/3301/916
f 2451/3266/916 2266/3265/916 2277/3306/916 2452/3305/916
f 2459/3304/916 2283/3303/916 2291/3313/916 2460/3314/916
f 2453/3308/916 2285/3307/916 2293/3315/916 2454/3316/916
f 2435/3317/916 2288/3318/916 2296/3319/916 2436/3320/916
f 2429/3321/916 2289/3322/916 2297/3323/916 2430/3324/916
f 2446/3248/1144 2278/3247/1145 2286/3325/1145 2447/3326/1144
f 2416/3288/1146 2276/3287/1147 2284/3327/1147 2417/3328/1146
f 2428/3310/1148 2281/3309/1149 2289/3322/1149 2429/3321/1148
f 2434/3312/1150 2280/3311/1151 2288/3318/1151 2435/3317/1150
f 2430/3324/1152 2297/3323/1153 2305/3329/1153 2431/3330/1152
f 2418/3331/1154 2292/3332/1155 2300/3333/1155 2419/3334/1154
f 2448/3335/1156 2294/3336/1157 2302/3337/1157 2449/3338/1156
f 2442/3339/1158 2295/3340/1159 2303/3341/1159 2443/3342/1158
f 2423/3300/916 2282/3299/916 2290/3343/916 2424/3344/916
f 2441/3298/916 2287/3297/916 2295/3340/916 2442/3339/916
f 2447/3326/916 2286/3325/916 2294/3336/916 2448/3335/916
f 2417/3328/916 2284/3327/916 2292/3332/916 2418/3331/916
f 2300/3345/916 2461/3346/916 2299/3347/916 2270/3348/916
f 2301/3349/916 2449/3350/916 2302/3351/916 2270/3348/916
f 2303/3352/916 2437/3353/916 2304/3354/916 2270/3348/916
f 2305/3355/916 2425/3356/916 2298/3357/916 2270/3348/916
f 2436/3320/1160 2296/3319/1161 2304/3358/1161 2437/3359/1160
f 2454/3316/1162 2293/3315/1163 2301/3360/1163 2455/3361/1162
f 2460/3314/1164 2291/3313/1165 2299/3362/1165 2461/3363/1164
f 2424/3344/1166 2290/3343/1167 2298/3364/1167 2425/3365/1166
f 2316/3366/1168 2308/3367/1169 2345/3368/1169 2355/3369/1168
f 2306/3250/1114 2309/3256/1116 2344/3259/1116 2342/3251/1115
f 2231/3176/916 2258/3294/916 2415/3293/916 2265/3279/916 2221/3177/916
f 2255/3370/916 2307/3371/916 2308/3372/916 2256/3211/916
f 2261/3272/916 2426/3271/916 2264/3268/916 2381/3171/916
f 2310/3373/1170 2361/3374/1170 2363/3375/1171 2313/3376/1171
f 2221/3177/916 2265/3279/916 2381/3171/916
f 2256/3211/916 2308/3372/916 2316/3243/916
f 2307/3377/1172 2314/3378/1173 2359/3379/1173 2343/3380/1172
f 2226/3149/916 2306/3174/916 2326/3381/916 2327/3382/916 2320/3383/916 2322/3384/916 2232/3165/916
f 2389/3385/916 2321/3386/916 2315/3387/916
f 2264/3268/916 2432/3267/916 2260/3296/916 2325/3388/916 2324/3389/916
f 2324/3390/1174 2349/3391/1174 2350/3392/1175 2319/3393/1175
f 2319/3393/1175 2350/3392/1175 2354/3258/1117 2318/3257/1117
f 2349/3391/1174 2324/3390/1174 2325/3394/1176 2351/3395/1176
f 2351/3395/1176 2325/3394/1176 2323/3396/1177 2352/3397/1177
f 2316/3366/1168 2355/3369/1168 2356/3398/1178 2317/3399/1178
f 2317/3399/1178 2356/3398/1178 2352/3397/1177 2323/3396/1177
f 2346/3400/1179 2321/3401/1179 2322/3402/1180 2347/3403/1180
f 2347/3403/1180 2322/3402/1180 2320/3404/1181 2348/3405/1182
f 2348/3405/1182 2320/3404/1181 2327/3406/1183 2353/3407/1183
f 2353/3407/1183 2327/3406/1183 2326/3249/1113 2357/3252/1113
f 2321/3401/1179 2346/3400/1179 2358/3408/1184 2315/3409/1184
f 2315/3409/1184 2358/3408/1184 2359/3379/1173 2314/3378/1173
f 2310/3410/916 2313/3411/916 2345/3368/916 2343/3380/916
f 2312/3412/1185 2311/3413/1186 2362/3414/1186 2360/3415/1185
f 2264/3268/916 2324/3389/916 2319/3253/916 2381/3171/916
f 2242/3229/916 2235/3416/916 2246/3170/916 2464/3207/916
f 2330/3417/916 2328/3418/916 2346/3400/916 2347/3403/916
f 2329/3419/916 2330/3417/916 2347/3403/916 2348/3405/916
f 2335/3420/916 2341/3421/916 2350/3392/916 2349/3391/916
f 2337/3422/916 2335/3420/916 2349/3391/916 2351/3395/916
f 2336/3423/916 2337/3422/916 2351/3395/916 2352/3397/916
f 2332/3424/916 2329/3419/916 2348/3405/916 2353/3407/916
f 2341/3421/916 2340/3425/916 2354/3258/916 2350/3392/916
f 2338/3426/916 2339/3427/916 2356/3398/916 2355/3369/916
f 2331/3428/916 2332/3424/916 2353/3407/916 2357/3252/916
f 2334/3429/916 2333/3430/916 2359/3379/916 2358/3408/916
f 2333/3430/916 2310/3410/916 2343/3380/916 2359/3379/916
f 2313/3411/916 2338/3426/916 2355/3369/916 2345/3368/916
f 2340/3425/916 2311/3431/916 2344/3259/916 2354/3258/916
f 2339/3427/916 2336/3423/916 2352/3397/916 2356/3398/916
f 2328/3418/916 2334/3429/916 2358/3408/916 2346/3400/916
f 2312/3432/916 2331/3428/916 2357/3252/916 2342/3251/916
f 2373/3433/916 2363/3434/916 2372/3435/916
f 2336/3436/1187 2339/3437/1188 2374/3438/1188 2370/3439/1187
f 2340/3440/1189 2341/3441/1190 2368/3442/1190 2372/3443/1189
f 2360/3444/916 2362/3445/916 2363/3434/916 2361/3446/916
f 2334/3447/1191 2328/3448/1192 2364/3449/1192 2376/3450/1191
f 2339/3437/1188 2338/3451/1193 2373/3452/1193 2374/3438/1188
f 2328/3448/1192 2330/3453/1194 2365/3454/1194 2364/3449/1192
f 2331/3455/1195 2312/3412/1185 2360/3415/1185 2375/3456/1195
f 2332/3457/1196 2331/3455/1195 2375/3456/1195 2371/3458/1196
f 2330/3459/1194 2329/3460/1197 2366/3461/1197 2365/3462/1194
f 2333/3463/1198 2334/3447/1191 2376/3450/1191 2377/3464/1198
f 2341/3441/1190 2335/3465/1199 2367/3466/1199 2368/3442/1190
f 2310/3373/1170 2333/3463/1198 2377/3464/1198 2361/3374/1170
f 2335/3465/1199 2337/3467/1200 2369/3468/1200 2367/3466/1199
f 2260/3296/916 2438/3295/916 2263/3212/916 2323/3469/916 2325/3388/916
f 2338/3451/1193 2313/3376/1171 2363/3375/1171 2373/3452/1193
f 2337/3470/1200 2336/3436/1187 2370/3439/1187 2369/3471/1200
f 2263/3212/916 2256/3211/916 2317/3244/916 2323/3469/916
f 2311/3413/1186 2340/3440/1189 2372/3443/1189 2362/3414/1186
f 2329/3460/1197 2332/3457/1196 2371/3458/1196 2366/3461/1197
f 2392/3472/1201 2390/3473/1202 2401/3474/1203 2405/3475/1201
f 2387/3476/916 2262/3276/916 2231/3176/916
f 2245/3233/916 2382/3477/916 2235/3416/916
f 2235/3416/916 2381/3171/916 2246/3170/916
f 2381/3171/916 2219/3180/916 2221/3177/916
f 2234/3158/916 2380/3157/916 2230/3159/916
f 2382/3477/916 2245/3233/916 2468/3232/916 2241/3175/916
f 2382/3477/916 2226/3149/916 2229/3152/916
f 2363/3434/916 2362/3445/916 2372/3435/916
f 2372/3435/916 2368/3478/916 2367/3479/916
f 2367/3479/916 2369/3480/916 2372/3435/916
f 2369/3480/916 2370/3481/916 2373/3433/916
f 2372/3435/916 2369/3480/916 2373/3433/916
f 2370/3481/916 2374/3482/916 2373/3433/916
f 2371/3483/916 2375/3242/916 2366/3484/916
f 2375/3242/916 2360/3444/916 2377/3240/916
f 2366/3484/916 2375/3242/916 2365/3241/916
f 2360/3444/916 2361/3446/916 2377/3240/916
f 2377/3240/916 2376/3485/916 2364/3486/916
f 2364/3486/916 2365/3241/916 2377/3240/916
f 2381/3171/916 2309/3255/916 2239/3168/916
f 2243/3225/916 2309/3255/916 2240/3237/916 2474/3236/916
f 2306/3174/916 2244/3199/916 2472/3198/916 2240/3237/916
f 2311/3431/916 2312/3432/916 2342/3251/916 2344/3259/916
f 2308/3367/1169 2307/3377/1172 2343/3380/1172 2345/3368/1169
f 2386/3487/1204 2396/3488/1205 2407/3489/1205 2399/3490/1204
f 2226/3149/916 2382/3477/916 2241/3175/916
f 2231/3176/916 2262/3276/916 2457/3275/916 2258/3294/916
f 2255/3191/1035 2256/3260/1035 2384/3263/1035 2383/3192/1035
f 2255/3370/916 2314/3491/916 2307/3371/916
f 2233/3142/916 2393/3492/916 2380/3157/916
f 2389/3385/916 2391/3493/916 2232/3165/916
f 2232/3165/916 2322/3384/916 2321/3386/916 2389/3385/916
f 2388/3494/916 2231/3176/916 2236/3495/916
f 2232/3165/916 2391/3493/916 2237/3161/916
f 2387/3476/916 2450/3264/916 2262/3276/916
f 2386/3496/916 2388/3494/916 2236/3495/916
f 2410/3497/916 2411/3498/916 2413/3499/916 2412/3500/916
f 2242/3229/916 2466/3228/916 2245/3233/916 2235/3416/916
f 2309/3255/916 2243/3225/916 2477/3224/916 2239/3168/916
f 2244/3199/916 2306/3174/916 2241/3175/916 2470/3202/916
f 2380/3157/916 2395/3172/916 2230/3159/916
f 2388/3494/916 2387/3476/916 2231/3176/916
f 2391/3493/916 2390/3162/916 2237/3161/916
f 2394/3501/916 2393/3492/916 2233/3142/916
f 2397/3173/916 2396/3502/916 2379/3503/916 2230/3159/916
f 2392/3163/916 2394/3501/916 2378/3164/916
f 2394/3501/916 2233/3142/916 2378/3164/916
f 2398/3262/1119 2387/3261/1118 2388/3504/1206 2400/3505/1206
f 2400/3506/1206 2388/3507/1206 2386/3487/1204 2399/3490/1204
f 2395/3153/1078 2408/3156/1080 2409/3508/1207 2397/3509/1207
f 2397/3510/1207 2409/3511/1207 2407/3489/1205 2396/3488/1205
f 2401/3474/1203 2390/3473/1202 2391/3512/1208 2403/3513/1208
f 2403/3514/1208 2391/3515/1208 2389/3190/1082 2402/3193/1082
f 2392/3472/1201 2405/3475/1201 2406/3516/1209 2394/3517/1209
f 2394/3518/1209 2406/3519/1209 2404/3189/1081 2393/3188/1081
f 2386/3496/916 2236/3495/916 2379/3503/916 2396/3502/916
f 2255/3370/916 2389/3385/916 2315/3387/916 2314/3491/916
f 2298/3357/916 2419/3520/916 2300/3345/916 2270/3348/916
f 2302/3351/916 2443/3521/916 2303/3352/916 2270/3348/916
f 2304/3354/916 2431/3522/916 2305/3355/916 2270/3348/916
f 2299/3347/916 2455/3523/916 2301/3349/916 2270/3348/916
f 2282/3299/916 2417/3328/916 2418/3331/916 2290/3343/916
f 2290/3343/1167 2418/3331/1154 2419/3334/1154 2298/3364/1167
f 2274/3291/1139 2416/3288/1146 2417/3328/1146 2282/3299/1139
f 2265/3279/1129 2415/3293/1130 2414/3285/1130 2273/3290/1129
f 2273/3290/916 2414/3285/916 2416/3288/916 2274/3291/916
f 2297/3323/1153 2424/3344/1166 2425/3365/1166 2305/3329/1153
f 2289/3322/916 2423/3300/916 2424/3344/916 2297/3323/916
f 2281/3309/1149 2422/3292/1138 2423/3300/1138 2289/3322/1149
f 2261/3272/1125 2420/3280/1128 2421/3289/1128 2268/3273/1125
f 2268/3273/916 2421/3289/916 2422/3292/916 2281/3309/916
f 2296/3319/1161 2430/3324/1152 2431/3330/1152 2304/3358/1161
f 2280/3311/1151 2428/3310/1148 2429/3321/1148 2288/3318/1151
f 2288/3318/916 2429/3321/916 2430/3324/916 2296/3319/916
f 2272/3269/916 2427/3274/916 2428/3310/916 2280/3311/916
f 2264/3268/1123 2426/3271/1124 2427/3274/1124 2272/3269/1123
f 2295/3340/1159 2436/3320/1160 2437/3359/1160 2303/3341/1159
f 2279/3283/1137 2434/3312/1150 2435/3317/1150 2287/3297/1137
f 2287/3297/916 2435/3317/916 2436/3320/916 2295/3340/916
f 2267/3282/916 2433/3270/916 2434/3312/916 2279/3283/916
f 2260/3296/1133 2432/3267/1122 2433/3270/1122 2267/3282/1133
f 2286/3325/916 2441/3298/916 2442/3339/916 2294/3336/916
f 2294/3336/1157 2442/3339/1158 2443/3342/1158 2302/3337/1157
f 2278/3247/1145 2440/3284/1136 2441/3298/1136 2286/3325/1145
f 2263/3212/1135 2438/3295/1132 2439/3281/1132 2271/3246/1135
f 2271/3246/916 2439/3281/916 2440/3284/916 2278/3247/916
f 2285/3307/916 2447/3326/916 2448/3335/916 2293/3315/916
f 2293/3315/1163 2448/3335/1156 2449/3338/1156 2301/3360/1163
f 2277/3306/1143 2446/3248/1144 2447/3326/1144 2285/3307/1143
f 2259/3210/1121 2444/3213/1134 2445/3245/1134 2266/3265/1121
f 2266/3265/916 2445/3245/916 2446/3248/916 2277/3306/916
f 2291/3313/1165 2454/3316/1162 2455/3361/1162 2299/3362/1165
f 2283/3303/916 2453/3308/916 2454/3316/916 2291/3313/916
f 2269/3277/916 2451/3266/916 2452/3305/916 2275/3302/916
f 2275/3302/1141 2452/3305/1142 2453/3308/1142 2283/3303/1141
f 2262/3276/1127 2450/3264/1120 2451/3266/1120 2269/3277/1127
f 2292/3332/1155 2460/3314/1164 2461/3363/1164 2300/3333/1155
f 2284/3327/916 2459/3304/916 2460/3314/916 2292/3332/916
f 2257/3286/916 2456/3278/916 2458/3301/916 2276/3287/916
f 2276/3287/1147 2458/3301/1140 2459/3304/1140 2284/3327/1147
f 2258/3294/1131 2457/3275/1126 2456/3278/1126 2257/3286/1131
f 2246/3170/1094 2463/3169/1091 2462/3206/1091 2254/3208/1094
f 2242/3229/1108 2464/3207/1093 2465/3209/1093 2249/3230/1108
f 2245/3233/1110 2466/3228/1107 2467/3231/1107 2253/3234/1110
f 2241/3175/1090 2468/3232/1109 2469/3235/1109 2248/3203/1090
f 2244/3199/1088 2470/3202/1089 2471/3204/1089 2252/3200/1088
f 2240/3237/1112 2472/3198/1087 2473/3201/1087 2247/3238/1112
f 2243/3225/1106 2474/3236/1111 2475/3239/1111 2250/3226/1106
f 2239/3168/1092 2477/3224/1105 2476/3227/1105 2238/3205/1092
f 2465/3524/1210 2254/3525/1211 2484/3526/1212 2486/3527/1213
f 2475/3528/1214 2247/3218/1099 2478/3221/1102 2491/3529/1215
f 2249/3215/1096 2465/3524/1210 2486/3527/1213 2480/3216/1097
f 2250/3530/1216 2475/3528/1214 2491/3529/1215 2481/3531/1217
f 2473/3219/1100 2252/3532/1218 2482/3533/1219 2490/3220/1101
f 2252/3532/1218 2471/3534/1220 2489/3535/1221 2482/3533/1219
f 2238/3536/1222 2476/3537/1223 2492/3538/1224 2251/3539/1225
f 2476/3537/1223 2250/3530/1216 2481/3531/1217 2492/3538/1224
f 2471/3534/1220 2248/3194/1083 2479/3197/1086 2489/3535/1221
f 2253/3222/1103 2467/3214/1095 2487/3217/1098 2483/3223/1104
f 2254/3525/1211 2462/3540/1226 2485/3541/1227 2484/3526/1212
f 2462/3540/1226 2238/3536/1222 2251/3539/1225 2485/3541/1227
f 2479/3197/1086 2488/3196/1085 2493/3542/916
f 2492/3538/1224 2481/3531/1217 2493/3542/916
f 2489/3535/1221 2479/3197/1086 2493/3542/916
f 2482/3533/1219 2489/3535/1221 2493/3542/916
f 2490/3220/1101 2482/3533/1219 2493/3542/916
f 2488/3196/1085 2483/3223/1104 2493/3542/916
f 2478/3221/1102 2490/3220/1101 2493/3542/916
f 2487/3217/1098 2480/3216/1097 2493/3542/916
f 2481/3531/1217 2491/3529/1215 2493/3542/916
f 2486/3527/1213 2484/3526/1212 2493/3542/916
f 2251/3539/1225 2492/3538/1224 2493/3542/916
f 2491/3529/1215 2478/3221/1102 2493/3542/916
f 2484/3526/1212 2485/3541/1227 2493/3542/916
f 2485/3541/1227 2251/3539/1225 2493/3542/916
f 2480/3216/1097 2486/3527/1213 2493/3542/916
f 2483/3223/1104 2487/3217/1098 2493/3542/916
f 2256/3211/916 2259/3210/916 2450/3264/916 2387/3476/916
